ARM GAS  C:\Users\ke\AppData\Local\Temp\ccSQN4mh.s 			page 1


   1              		.syntax unified
   2              		.cpu cortex-m3
   3              		.fpu softvfp
   4              		.eabi_attribute 20, 1
   5              		.eabi_attribute 21, 1
   6              		.eabi_attribute 23, 3
   7              		.eabi_attribute 24, 1
   8              		.eabi_attribute 25, 1
   9              		.eabi_attribute 26, 1
  10              		.eabi_attribute 30, 1
  11              		.eabi_attribute 34, 1
  12              		.eabi_attribute 18, 4
  13              		.thumb
  14              		.syntax unified
  15              		.file	"cyfitter_cfg.c"
  16              		.text
  17              	.Ltext0:
  18              		.cfi_sections	.debug_frame
  19              		.section	.text.CyClockStartupError,"ax",%progbits
  20              		.align	2
  21              		.thumb
  22              		.thumb_func
  23              		.type	CyClockStartupError, %function
  24              	CyClockStartupError:
  25              	.LFB3:
  26              		.file 1 "Generated_Source\\PSoC5\\cyfitter_cfg.c"
   1:Generated_Source\PSoC5/cyfitter_cfg.c **** 
   2:Generated_Source\PSoC5/cyfitter_cfg.c **** /*******************************************************************************
   3:Generated_Source\PSoC5/cyfitter_cfg.c **** * File Name: cyfitter_cfg.c
   4:Generated_Source\PSoC5/cyfitter_cfg.c **** * 
   5:Generated_Source\PSoC5/cyfitter_cfg.c **** * PSoC Creator  4.4
   6:Generated_Source\PSoC5/cyfitter_cfg.c **** *
   7:Generated_Source\PSoC5/cyfitter_cfg.c **** * Description:
   8:Generated_Source\PSoC5/cyfitter_cfg.c **** * This file contains device initialization code.
   9:Generated_Source\PSoC5/cyfitter_cfg.c **** * Except for the user defined sections in CyClockStartupError(), this file should not be modified.
  10:Generated_Source\PSoC5/cyfitter_cfg.c **** * This file is automatically generated by PSoC Creator.
  11:Generated_Source\PSoC5/cyfitter_cfg.c **** *
  12:Generated_Source\PSoC5/cyfitter_cfg.c **** ********************************************************************************
  13:Generated_Source\PSoC5/cyfitter_cfg.c **** * Copyright (c) 2007-2020 Cypress Semiconductor.  All rights reserved.
  14:Generated_Source\PSoC5/cyfitter_cfg.c **** * You may use this file only in accordance with the license, terms, conditions, 
  15:Generated_Source\PSoC5/cyfitter_cfg.c **** * disclaimers, and limitations in the end user license agreement accompanying 
  16:Generated_Source\PSoC5/cyfitter_cfg.c **** * the software package with which this file was provided.
  17:Generated_Source\PSoC5/cyfitter_cfg.c **** ********************************************************************************/
  18:Generated_Source\PSoC5/cyfitter_cfg.c **** 
  19:Generated_Source\PSoC5/cyfitter_cfg.c **** #include <string.h>
  20:Generated_Source\PSoC5/cyfitter_cfg.c **** #include "cytypes.h"
  21:Generated_Source\PSoC5/cyfitter_cfg.c **** #include "cydevice_trm.h"
  22:Generated_Source\PSoC5/cyfitter_cfg.c **** #include "cyfitter.h"
  23:Generated_Source\PSoC5/cyfitter_cfg.c **** #include "CyLib.h"
  24:Generated_Source\PSoC5/cyfitter_cfg.c **** #include "cyfitter_cfg.h"
  25:Generated_Source\PSoC5/cyfitter_cfg.c **** #include "cyapicallbacks.h"
  26:Generated_Source\PSoC5/cyfitter_cfg.c **** 
  27:Generated_Source\PSoC5/cyfitter_cfg.c **** #define CY_NEED_CYCLOCKSTARTUPERROR 1
  28:Generated_Source\PSoC5/cyfitter_cfg.c **** 
  29:Generated_Source\PSoC5/cyfitter_cfg.c **** 
  30:Generated_Source\PSoC5/cyfitter_cfg.c **** #if defined(__GNUC__) || defined(__ARMCC_VERSION)
  31:Generated_Source\PSoC5/cyfitter_cfg.c ****     #define CYPACKED 
ARM GAS  C:\Users\ke\AppData\Local\Temp\ccSQN4mh.s 			page 2


  32:Generated_Source\PSoC5/cyfitter_cfg.c ****     #define CYPACKED_ATTR __attribute__ ((packed))
  33:Generated_Source\PSoC5/cyfitter_cfg.c ****     #define CYALIGNED __attribute__ ((aligned))
  34:Generated_Source\PSoC5/cyfitter_cfg.c ****     #define CY_CFG_UNUSED __attribute__ ((unused))
  35:Generated_Source\PSoC5/cyfitter_cfg.c ****     #ifndef CY_CFG_SECTION
  36:Generated_Source\PSoC5/cyfitter_cfg.c ****         #define CY_CFG_SECTION __attribute__ ((section(".psocinit")))
  37:Generated_Source\PSoC5/cyfitter_cfg.c ****     #endif
  38:Generated_Source\PSoC5/cyfitter_cfg.c ****     
  39:Generated_Source\PSoC5/cyfitter_cfg.c ****     #if defined(__ARMCC_VERSION)
  40:Generated_Source\PSoC5/cyfitter_cfg.c ****         #define CY_CFG_MEMORY_BARRIER() __memory_changed()
  41:Generated_Source\PSoC5/cyfitter_cfg.c ****     #else
  42:Generated_Source\PSoC5/cyfitter_cfg.c ****         #define CY_CFG_MEMORY_BARRIER() __sync_synchronize()
  43:Generated_Source\PSoC5/cyfitter_cfg.c ****     #endif
  44:Generated_Source\PSoC5/cyfitter_cfg.c ****     
  45:Generated_Source\PSoC5/cyfitter_cfg.c **** #elif defined(__ICCARM__)
  46:Generated_Source\PSoC5/cyfitter_cfg.c ****     #include <intrinsics.h>
  47:Generated_Source\PSoC5/cyfitter_cfg.c **** 
  48:Generated_Source\PSoC5/cyfitter_cfg.c ****     #define CYPACKED __packed
  49:Generated_Source\PSoC5/cyfitter_cfg.c ****     #define CYPACKED_ATTR 
  50:Generated_Source\PSoC5/cyfitter_cfg.c ****     #define CYALIGNED _Pragma("data_alignment=4")
  51:Generated_Source\PSoC5/cyfitter_cfg.c ****     #define CY_CFG_UNUSED _Pragma("diag_suppress=Pe177")
  52:Generated_Source\PSoC5/cyfitter_cfg.c ****     #define CY_CFG_SECTION _Pragma("location=\".psocinit\"")
  53:Generated_Source\PSoC5/cyfitter_cfg.c ****     
  54:Generated_Source\PSoC5/cyfitter_cfg.c ****     #define CY_CFG_MEMORY_BARRIER() __DMB()
  55:Generated_Source\PSoC5/cyfitter_cfg.c ****     
  56:Generated_Source\PSoC5/cyfitter_cfg.c **** #else
  57:Generated_Source\PSoC5/cyfitter_cfg.c ****     #error Unsupported toolchain
  58:Generated_Source\PSoC5/cyfitter_cfg.c **** #endif
  59:Generated_Source\PSoC5/cyfitter_cfg.c **** 
  60:Generated_Source\PSoC5/cyfitter_cfg.c **** #ifndef CYCODE
  61:Generated_Source\PSoC5/cyfitter_cfg.c ****     #define CYCODE
  62:Generated_Source\PSoC5/cyfitter_cfg.c **** #endif
  63:Generated_Source\PSoC5/cyfitter_cfg.c **** #ifndef CYDATA
  64:Generated_Source\PSoC5/cyfitter_cfg.c ****     #define CYDATA
  65:Generated_Source\PSoC5/cyfitter_cfg.c **** #endif
  66:Generated_Source\PSoC5/cyfitter_cfg.c **** #ifndef CYFAR
  67:Generated_Source\PSoC5/cyfitter_cfg.c ****     #define CYFAR
  68:Generated_Source\PSoC5/cyfitter_cfg.c **** #endif
  69:Generated_Source\PSoC5/cyfitter_cfg.c **** #ifndef CYXDATA
  70:Generated_Source\PSoC5/cyfitter_cfg.c ****     #define CYXDATA
  71:Generated_Source\PSoC5/cyfitter_cfg.c **** #endif
  72:Generated_Source\PSoC5/cyfitter_cfg.c **** 
  73:Generated_Source\PSoC5/cyfitter_cfg.c **** 
  74:Generated_Source\PSoC5/cyfitter_cfg.c **** CY_CFG_UNUSED
  75:Generated_Source\PSoC5/cyfitter_cfg.c **** static void CYMEMZERO(void *s, size_t n);
  76:Generated_Source\PSoC5/cyfitter_cfg.c **** CY_CFG_UNUSED
  77:Generated_Source\PSoC5/cyfitter_cfg.c **** static void CYMEMZERO(void *s, size_t n)
  78:Generated_Source\PSoC5/cyfitter_cfg.c **** {
  79:Generated_Source\PSoC5/cyfitter_cfg.c **** 	(void)memset(s, 0, n);
  80:Generated_Source\PSoC5/cyfitter_cfg.c **** }
  81:Generated_Source\PSoC5/cyfitter_cfg.c **** CY_CFG_UNUSED
  82:Generated_Source\PSoC5/cyfitter_cfg.c **** static void CYCONFIGCPY(void *dest, const void *src, size_t n);
  83:Generated_Source\PSoC5/cyfitter_cfg.c **** CY_CFG_UNUSED
  84:Generated_Source\PSoC5/cyfitter_cfg.c **** static void CYCONFIGCPY(void *dest, const void *src, size_t n)
  85:Generated_Source\PSoC5/cyfitter_cfg.c **** {
  86:Generated_Source\PSoC5/cyfitter_cfg.c **** 	(void)memcpy(dest, src, n);
  87:Generated_Source\PSoC5/cyfitter_cfg.c **** }
  88:Generated_Source\PSoC5/cyfitter_cfg.c **** CY_CFG_UNUSED
ARM GAS  C:\Users\ke\AppData\Local\Temp\ccSQN4mh.s 			page 3


  89:Generated_Source\PSoC5/cyfitter_cfg.c **** static void CYCONFIGCPYCODE(void *dest, const void *src, size_t n);
  90:Generated_Source\PSoC5/cyfitter_cfg.c **** CY_CFG_UNUSED
  91:Generated_Source\PSoC5/cyfitter_cfg.c **** static void CYCONFIGCPYCODE(void *dest, const void *src, size_t n)
  92:Generated_Source\PSoC5/cyfitter_cfg.c **** {
  93:Generated_Source\PSoC5/cyfitter_cfg.c **** 	(void)memcpy(dest, src, n);
  94:Generated_Source\PSoC5/cyfitter_cfg.c **** }
  95:Generated_Source\PSoC5/cyfitter_cfg.c **** 
  96:Generated_Source\PSoC5/cyfitter_cfg.c **** 
  97:Generated_Source\PSoC5/cyfitter_cfg.c **** 
  98:Generated_Source\PSoC5/cyfitter_cfg.c **** 
  99:Generated_Source\PSoC5/cyfitter_cfg.c **** /* Clock startup error codes                                                   */
 100:Generated_Source\PSoC5/cyfitter_cfg.c **** #define CYCLOCKSTART_NO_ERROR    0u
 101:Generated_Source\PSoC5/cyfitter_cfg.c **** #define CYCLOCKSTART_XTAL_ERROR  1u
 102:Generated_Source\PSoC5/cyfitter_cfg.c **** #define CYCLOCKSTART_32KHZ_ERROR 2u
 103:Generated_Source\PSoC5/cyfitter_cfg.c **** #define CYCLOCKSTART_PLL_ERROR   3u
 104:Generated_Source\PSoC5/cyfitter_cfg.c **** #define CYCLOCKSTART_FLL_ERROR   4u
 105:Generated_Source\PSoC5/cyfitter_cfg.c **** #define CYCLOCKSTART_WCO_ERROR   5u
 106:Generated_Source\PSoC5/cyfitter_cfg.c **** 
 107:Generated_Source\PSoC5/cyfitter_cfg.c **** 
 108:Generated_Source\PSoC5/cyfitter_cfg.c **** #ifdef CY_NEED_CYCLOCKSTARTUPERROR
 109:Generated_Source\PSoC5/cyfitter_cfg.c **** /*******************************************************************************
 110:Generated_Source\PSoC5/cyfitter_cfg.c **** * Function Name: CyClockStartupError
 111:Generated_Source\PSoC5/cyfitter_cfg.c **** ********************************************************************************
 112:Generated_Source\PSoC5/cyfitter_cfg.c **** * Summary:
 113:Generated_Source\PSoC5/cyfitter_cfg.c **** *  If an error is encountered during clock configuration (crystal startup error,
 114:Generated_Source\PSoC5/cyfitter_cfg.c **** *  PLL lock error, etc.), the system will end up here.  Unless reimplemented by
 115:Generated_Source\PSoC5/cyfitter_cfg.c **** *  the customer, this function will stop in an infinite loop.
 116:Generated_Source\PSoC5/cyfitter_cfg.c **** *
 117:Generated_Source\PSoC5/cyfitter_cfg.c **** * Parameters:
 118:Generated_Source\PSoC5/cyfitter_cfg.c **** *   void
 119:Generated_Source\PSoC5/cyfitter_cfg.c **** *
 120:Generated_Source\PSoC5/cyfitter_cfg.c **** * Return:
 121:Generated_Source\PSoC5/cyfitter_cfg.c **** *   void
 122:Generated_Source\PSoC5/cyfitter_cfg.c **** *
 123:Generated_Source\PSoC5/cyfitter_cfg.c **** *******************************************************************************/
 124:Generated_Source\PSoC5/cyfitter_cfg.c **** CY_CFG_UNUSED
 125:Generated_Source\PSoC5/cyfitter_cfg.c **** static void CyClockStartupError(uint8 errorCode);
 126:Generated_Source\PSoC5/cyfitter_cfg.c **** CY_CFG_UNUSED
 127:Generated_Source\PSoC5/cyfitter_cfg.c **** static void CyClockStartupError(uint8 errorCode)
 128:Generated_Source\PSoC5/cyfitter_cfg.c **** {
  27              		.loc 1 128 0
  28              		.cfi_startproc
  29              		@ Volatile: function does not return.
  30              		@ args = 0, pretend = 0, frame = 0
  31              		@ frame_needed = 0, uses_anonymous_args = 0
  32              		@ link register save eliminated.
  33              	.LVL0:
  34              	.L2:
  35 0000 FEE7     		b	.L2
  36              		.cfi_endproc
  37              	.LFE3:
  38              		.size	CyClockStartupError, .-CyClockStartupError
  39 0002 00BF     		.section	.text.cfg_write_bytes32,"ax",%progbits
  40              		.align	2
  41              		.thumb
  42              		.thumb_func
  43              		.type	cfg_write_bytes32, %function
ARM GAS  C:\Users\ke\AppData\Local\Temp\ccSQN4mh.s 			page 4


  44              	cfg_write_bytes32:
  45              	.LFB4:
 129:Generated_Source\PSoC5/cyfitter_cfg.c ****     /* To remove the compiler warning if errorCode not used.                */
 130:Generated_Source\PSoC5/cyfitter_cfg.c ****     errorCode = errorCode;
 131:Generated_Source\PSoC5/cyfitter_cfg.c **** 
 132:Generated_Source\PSoC5/cyfitter_cfg.c ****     /* If we have a clock startup error (bad MHz crystal, PLL lock, etc.),  */
 133:Generated_Source\PSoC5/cyfitter_cfg.c ****     /* we will end up here to allow the customer to implement something to  */
 134:Generated_Source\PSoC5/cyfitter_cfg.c ****     /* deal with the clock condition.                                       */
 135:Generated_Source\PSoC5/cyfitter_cfg.c **** 
 136:Generated_Source\PSoC5/cyfitter_cfg.c **** #ifdef CY_CFG_CLOCK_STARTUP_ERROR_CALLBACK
 137:Generated_Source\PSoC5/cyfitter_cfg.c ****     CY_CFG_Clock_Startup_ErrorCallback();
 138:Generated_Source\PSoC5/cyfitter_cfg.c **** #else
 139:Generated_Source\PSoC5/cyfitter_cfg.c ****     /*  If not using CY_CFG_CLOCK_STARTUP_ERROR_CALLBACK, place your clock startup code here. */
 140:Generated_Source\PSoC5/cyfitter_cfg.c ****     /* `#START CyClockStartupError` */
 141:Generated_Source\PSoC5/cyfitter_cfg.c **** 
 142:Generated_Source\PSoC5/cyfitter_cfg.c **** 
 143:Generated_Source\PSoC5/cyfitter_cfg.c **** 
 144:Generated_Source\PSoC5/cyfitter_cfg.c ****     /* `#END` */
 145:Generated_Source\PSoC5/cyfitter_cfg.c **** 
 146:Generated_Source\PSoC5/cyfitter_cfg.c ****     while(1) {}
 147:Generated_Source\PSoC5/cyfitter_cfg.c **** #endif /* CY_CFG_CLOCK_STARTUP_ERROR_CALLBACK */
 148:Generated_Source\PSoC5/cyfitter_cfg.c **** }
 149:Generated_Source\PSoC5/cyfitter_cfg.c **** #endif
 150:Generated_Source\PSoC5/cyfitter_cfg.c **** 
 151:Generated_Source\PSoC5/cyfitter_cfg.c **** #define CY_CFG_BASE_ADDR_COUNT 24u
 152:Generated_Source\PSoC5/cyfitter_cfg.c **** CYPACKED typedef struct
 153:Generated_Source\PSoC5/cyfitter_cfg.c **** {
 154:Generated_Source\PSoC5/cyfitter_cfg.c **** 	uint8 offset;
 155:Generated_Source\PSoC5/cyfitter_cfg.c **** 	uint8 value;
 156:Generated_Source\PSoC5/cyfitter_cfg.c **** } CYPACKED_ATTR cy_cfg_addrvalue_t;
 157:Generated_Source\PSoC5/cyfitter_cfg.c **** 
 158:Generated_Source\PSoC5/cyfitter_cfg.c **** #define cy_cfg_addr_table ((const uint32 CYFAR *)0x48000000u)
 159:Generated_Source\PSoC5/cyfitter_cfg.c **** #define cy_cfg_data_table ((const cy_cfg_addrvalue_t CYFAR *)0x48000060u)
 160:Generated_Source\PSoC5/cyfitter_cfg.c **** 
 161:Generated_Source\PSoC5/cyfitter_cfg.c **** /* IOPINS0_0 Address: CYREG_PRT0_DM0 Size (bytes): 8 */
 162:Generated_Source\PSoC5/cyfitter_cfg.c **** #define BS_IOPINS0_0_VAL ((const uint8 CYFAR *)0x480001A0u)
 163:Generated_Source\PSoC5/cyfitter_cfg.c **** 
 164:Generated_Source\PSoC5/cyfitter_cfg.c **** /* IOPINS0_1 Address: CYREG_PRT1_DM0 Size (bytes): 8 */
 165:Generated_Source\PSoC5/cyfitter_cfg.c **** #define BS_IOPINS0_1_VAL ((const uint8 CYFAR *)0x480001A8u)
 166:Generated_Source\PSoC5/cyfitter_cfg.c **** 
 167:Generated_Source\PSoC5/cyfitter_cfg.c **** /* IOPINS0_2 Address: CYREG_PRT2_DR Size (bytes): 10 */
 168:Generated_Source\PSoC5/cyfitter_cfg.c **** #define BS_IOPINS0_2_VAL ((const uint8 CYFAR *)0x480001B0u)
 169:Generated_Source\PSoC5/cyfitter_cfg.c **** 
 170:Generated_Source\PSoC5/cyfitter_cfg.c **** /* CYDEV_CLKDIST_ACFG0_CFG0 Address: CYREG_CLKDIST_ACFG0_CFG0 Size (bytes): 4 */
 171:Generated_Source\PSoC5/cyfitter_cfg.c **** #define BS_CYDEV_CLKDIST_ACFG0_CFG0_VAL ((const uint8 CYFAR *)0x480001BCu)
 172:Generated_Source\PSoC5/cyfitter_cfg.c **** 
 173:Generated_Source\PSoC5/cyfitter_cfg.c **** 
 174:Generated_Source\PSoC5/cyfitter_cfg.c **** /*******************************************************************************
 175:Generated_Source\PSoC5/cyfitter_cfg.c **** * Function Name: cfg_write_bytes32
 176:Generated_Source\PSoC5/cyfitter_cfg.c **** ********************************************************************************
 177:Generated_Source\PSoC5/cyfitter_cfg.c **** * Summary:
 178:Generated_Source\PSoC5/cyfitter_cfg.c **** *  This function is used for setting up the chip configuration areas that
 179:Generated_Source\PSoC5/cyfitter_cfg.c **** *  contain relatively sparse data.
 180:Generated_Source\PSoC5/cyfitter_cfg.c **** *
 181:Generated_Source\PSoC5/cyfitter_cfg.c **** * Parameters:
 182:Generated_Source\PSoC5/cyfitter_cfg.c **** *   void
 183:Generated_Source\PSoC5/cyfitter_cfg.c **** *
ARM GAS  C:\Users\ke\AppData\Local\Temp\ccSQN4mh.s 			page 5


 184:Generated_Source\PSoC5/cyfitter_cfg.c **** * Return:
 185:Generated_Source\PSoC5/cyfitter_cfg.c **** *   void
 186:Generated_Source\PSoC5/cyfitter_cfg.c **** *
 187:Generated_Source\PSoC5/cyfitter_cfg.c **** *******************************************************************************/
 188:Generated_Source\PSoC5/cyfitter_cfg.c **** static void cfg_write_bytes32(const uint32 addr_table[], const cy_cfg_addrvalue_t data_table[]);
 189:Generated_Source\PSoC5/cyfitter_cfg.c **** static void cfg_write_bytes32(const uint32 addr_table[], const cy_cfg_addrvalue_t data_table[])
 190:Generated_Source\PSoC5/cyfitter_cfg.c **** {
  46              		.loc 1 190 0
  47              		.cfi_startproc
  48              		@ args = 0, pretend = 0, frame = 0
  49              		@ frame_needed = 0, uses_anonymous_args = 0
  50              		@ link register save eliminated.
  51              	.LVL1:
  52              		.loc 1 190 0
  53 0000 F0B4     		push	{r4, r5, r6, r7}
  54              		.cfi_def_cfa_offset 16
  55              		.cfi_offset 4, -16
  56              		.cfi_offset 5, -12
  57              		.cfi_offset 6, -8
  58              		.cfi_offset 7, -4
  59              	.LVL2:
 191:Generated_Source\PSoC5/cyfitter_cfg.c **** 	/* For 32-bit little-endian architectures */
 192:Generated_Source\PSoC5/cyfitter_cfg.c **** 	uint32 i, j = 0u;
  60              		.loc 1 192 0
  61 0002 0022     		movs	r2, #0
 193:Generated_Source\PSoC5/cyfitter_cfg.c **** 	for (i = 0u; i < CY_CFG_BASE_ADDR_COUNT; i++)
  62              		.loc 1 193 0
  63 0004 1746     		mov	r7, r2
  64 0006 11E0     		b	.L4
  65              	.LVL3:
  66              	.L7:
  67              	.LBB2:
 194:Generated_Source\PSoC5/cyfitter_cfg.c **** 	{
 195:Generated_Source\PSoC5/cyfitter_cfg.c **** 		uint32 baseAddr = addr_table[i];
  68              		.loc 1 195 0
  69 0008 50F82760 		ldr	r6, [r0, r7, lsl #2]
  70              	.LVL4:
 196:Generated_Source\PSoC5/cyfitter_cfg.c **** 		uint8 count = (uint8)baseAddr;
  71              		.loc 1 196 0
  72 000c F3B2     		uxtb	r3, r6
  73              	.LVL5:
 197:Generated_Source\PSoC5/cyfitter_cfg.c **** 		baseAddr &= 0xFFFFFF00u;
  74              		.loc 1 197 0
  75 000e 26F0FF06 		bic	r6, r6, #255
  76              	.LVL6:
 198:Generated_Source\PSoC5/cyfitter_cfg.c **** 		while (count != 0u)
  77              		.loc 1 198 0
  78 0012 08E0     		b	.L5
  79              	.L6:
 199:Generated_Source\PSoC5/cyfitter_cfg.c **** 		{
 200:Generated_Source\PSoC5/cyfitter_cfg.c **** 			CY_SET_REG8((void *)(baseAddr + data_table[j].offset), data_table[j].value);
  80              		.loc 1 200 0
  81 0014 01EB4205 		add	r5, r1, r2, lsl #1
  82 0018 11F81240 		ldrb	r4, [r1, r2, lsl #1]	@ zero_extendqisi2
  83 001c 6D78     		ldrb	r5, [r5, #1]	@ zero_extendqisi2
  84 001e A555     		strb	r5, [r4, r6]
 201:Generated_Source\PSoC5/cyfitter_cfg.c **** 			j++;
ARM GAS  C:\Users\ke\AppData\Local\Temp\ccSQN4mh.s 			page 6


  85              		.loc 1 201 0
  86 0020 0132     		adds	r2, r2, #1
  87              	.LVL7:
 202:Generated_Source\PSoC5/cyfitter_cfg.c **** 			count--;
  88              		.loc 1 202 0
  89 0022 013B     		subs	r3, r3, #1
  90              	.LVL8:
  91 0024 DBB2     		uxtb	r3, r3
  92              	.LVL9:
  93              	.L5:
 198:Generated_Source\PSoC5/cyfitter_cfg.c **** 		{
  94              		.loc 1 198 0
  95 0026 002B     		cmp	r3, #0
  96 0028 F4D1     		bne	.L6
  97              	.LBE2:
 193:Generated_Source\PSoC5/cyfitter_cfg.c **** 	{
  98              		.loc 1 193 0 discriminator 2
  99 002a 0137     		adds	r7, r7, #1
 100              	.LVL10:
 101              	.L4:
 193:Generated_Source\PSoC5/cyfitter_cfg.c **** 	{
 102              		.loc 1 193 0 is_stmt 0 discriminator 1
 103 002c 172F     		cmp	r7, #23
 104 002e EBD9     		bls	.L7
 203:Generated_Source\PSoC5/cyfitter_cfg.c **** 		}
 204:Generated_Source\PSoC5/cyfitter_cfg.c **** 	}
 205:Generated_Source\PSoC5/cyfitter_cfg.c **** }
 105              		.loc 1 205 0 is_stmt 1
 106 0030 F0BC     		pop	{r4, r5, r6, r7}
 107              		.cfi_restore 7
 108              		.cfi_restore 6
 109              		.cfi_restore 5
 110              		.cfi_restore 4
 111              		.cfi_def_cfa_offset 0
 112              	.LVL11:
 113 0032 7047     		bx	lr
 114              		.cfi_endproc
 115              	.LFE4:
 116              		.size	cfg_write_bytes32, .-cfg_write_bytes32
 117              		.section	.text.CYMEMZERO,"ax",%progbits
 118              		.align	2
 119              		.thumb
 120              		.thumb_func
 121              		.type	CYMEMZERO, %function
 122              	CYMEMZERO:
 123              	.LFB0:
  78:Generated_Source\PSoC5/cyfitter_cfg.c **** 	(void)memset(s, 0, n);
 124              		.loc 1 78 0
 125              		.cfi_startproc
 126              		@ args = 0, pretend = 0, frame = 0
 127              		@ frame_needed = 0, uses_anonymous_args = 0
 128              	.LVL12:
 129 0000 08B5     		push	{r3, lr}
 130              		.cfi_def_cfa_offset 8
 131              		.cfi_offset 3, -8
 132              		.cfi_offset 14, -4
  79:Generated_Source\PSoC5/cyfitter_cfg.c **** }
ARM GAS  C:\Users\ke\AppData\Local\Temp\ccSQN4mh.s 			page 7


 133              		.loc 1 79 0
 134 0002 0A46     		mov	r2, r1
 135 0004 0021     		movs	r1, #0
 136              	.LVL13:
 137 0006 FFF7FEFF 		bl	memset
 138              	.LVL14:
 139 000a 08BD     		pop	{r3, pc}
 140              		.cfi_endproc
 141              	.LFE0:
 142              		.size	CYMEMZERO, .-CYMEMZERO
 143              		.section	.text.AnalogSetDefault,"ax",%progbits
 144              		.align	2
 145              		.thumb
 146              		.thumb_func
 147              		.type	AnalogSetDefault, %function
 148              	AnalogSetDefault:
 149              	.LFB6:
 206:Generated_Source\PSoC5/cyfitter_cfg.c **** 
 207:Generated_Source\PSoC5/cyfitter_cfg.c **** /*******************************************************************************
 208:Generated_Source\PSoC5/cyfitter_cfg.c **** * Function Name: ClockSetup
 209:Generated_Source\PSoC5/cyfitter_cfg.c **** ********************************************************************************
 210:Generated_Source\PSoC5/cyfitter_cfg.c **** *
 211:Generated_Source\PSoC5/cyfitter_cfg.c **** * Summary:
 212:Generated_Source\PSoC5/cyfitter_cfg.c **** *  Performs the initialization of all of the clocks in the device based on the
 213:Generated_Source\PSoC5/cyfitter_cfg.c **** *  settings in the Clock tab of the DWR.  This includes enabling the requested
 214:Generated_Source\PSoC5/cyfitter_cfg.c **** *  clocks and setting the necessary dividers to produce the desired frequency. 
 215:Generated_Source\PSoC5/cyfitter_cfg.c **** *
 216:Generated_Source\PSoC5/cyfitter_cfg.c **** * Parameters:
 217:Generated_Source\PSoC5/cyfitter_cfg.c **** *  void
 218:Generated_Source\PSoC5/cyfitter_cfg.c **** *
 219:Generated_Source\PSoC5/cyfitter_cfg.c **** * Return:
 220:Generated_Source\PSoC5/cyfitter_cfg.c **** *  void
 221:Generated_Source\PSoC5/cyfitter_cfg.c **** *
 222:Generated_Source\PSoC5/cyfitter_cfg.c **** *******************************************************************************/
 223:Generated_Source\PSoC5/cyfitter_cfg.c **** static void ClockSetup(void);
 224:Generated_Source\PSoC5/cyfitter_cfg.c **** static void ClockSetup(void)
 225:Generated_Source\PSoC5/cyfitter_cfg.c **** {
 226:Generated_Source\PSoC5/cyfitter_cfg.c **** 	uint32 timeout;
 227:Generated_Source\PSoC5/cyfitter_cfg.c **** 	uint8 pllLock;
 228:Generated_Source\PSoC5/cyfitter_cfg.c **** 
 229:Generated_Source\PSoC5/cyfitter_cfg.c **** 
 230:Generated_Source\PSoC5/cyfitter_cfg.c **** 	/* Configure Digital Clocks based on settings from Clock DWR */
 231:Generated_Source\PSoC5/cyfitter_cfg.c **** 	CY_SET_XTND_REG16((void CYFAR *)(CYREG_CLKDIST_DCFG0_CFG0), 0x012Bu);
 232:Generated_Source\PSoC5/cyfitter_cfg.c **** 	CY_SET_XTND_REG8((void CYFAR *)(CYREG_CLKDIST_DCFG0_CFG0 + 0x2u), 0x19u);
 233:Generated_Source\PSoC5/cyfitter_cfg.c **** 	CY_SET_XTND_REG16((void CYFAR *)(CYREG_CLKDIST_DCFG1_CFG0), 0x5DBFu);
 234:Generated_Source\PSoC5/cyfitter_cfg.c **** 	CY_SET_XTND_REG8((void CYFAR *)(CYREG_CLKDIST_DCFG1_CFG0 + 0x2u), 0x18u);
 235:Generated_Source\PSoC5/cyfitter_cfg.c **** 
 236:Generated_Source\PSoC5/cyfitter_cfg.c **** 	/* Configure Analog Clocks based on settings from Clock DWR */
 237:Generated_Source\PSoC5/cyfitter_cfg.c **** 	CYCONFIGCPY((void CYFAR *)(CYREG_CLKDIST_ACFG0_CFG0), (const void CYFAR *)(BS_CYDEV_CLKDIST_ACFG0_
 238:Generated_Source\PSoC5/cyfitter_cfg.c **** 
 239:Generated_Source\PSoC5/cyfitter_cfg.c **** 	/* Configure ILO based on settings from Clock DWR */
 240:Generated_Source\PSoC5/cyfitter_cfg.c **** 	CY_SET_XTND_REG8((void CYFAR *)(CYREG_SLOWCLK_ILO_CR0), 0x02u);
 241:Generated_Source\PSoC5/cyfitter_cfg.c **** 	CY_SET_XTND_REG8((void CYFAR *)(CYREG_CLKDIST_CR), 0x08u);
 242:Generated_Source\PSoC5/cyfitter_cfg.c **** 
 243:Generated_Source\PSoC5/cyfitter_cfg.c **** 	/* Configure IMO based on settings from Clock DWR */
 244:Generated_Source\PSoC5/cyfitter_cfg.c **** 	CY_SET_XTND_REG8((void CYFAR *)(CYREG_FASTCLK_IMO_CR), 0x03u);
 245:Generated_Source\PSoC5/cyfitter_cfg.c **** 	CY_SET_XTND_REG8((void CYFAR *)(CYREG_IMO_TR1), (CY_GET_XTND_REG8((void CYFAR *)CYREG_FLSHID_CUST_
ARM GAS  C:\Users\ke\AppData\Local\Temp\ccSQN4mh.s 			page 8


 246:Generated_Source\PSoC5/cyfitter_cfg.c **** 
 247:Generated_Source\PSoC5/cyfitter_cfg.c **** 	/* Configure PLL based on settings from Clock DWR */
 248:Generated_Source\PSoC5/cyfitter_cfg.c **** 	CY_SET_XTND_REG16((void CYFAR *)(CYREG_FASTCLK_PLL_P), 0x0008u);
 249:Generated_Source\PSoC5/cyfitter_cfg.c **** 	CY_SET_XTND_REG16((void CYFAR *)(CYREG_FASTCLK_PLL_CFG0), 0x1251u);
 250:Generated_Source\PSoC5/cyfitter_cfg.c **** 	/* Wait up to 250us for the PLL to lock */
 251:Generated_Source\PSoC5/cyfitter_cfg.c **** 	pllLock = 0u;
 252:Generated_Source\PSoC5/cyfitter_cfg.c **** 	for (timeout = 250u / 10u; (timeout > 0u) && (pllLock != 0x03u); timeout--)
 253:Generated_Source\PSoC5/cyfitter_cfg.c **** 	{ 
 254:Generated_Source\PSoC5/cyfitter_cfg.c **** 		pllLock = 0x03u & ((uint8)((uint8)pllLock << 1) | ((CY_GET_XTND_REG8((void CYFAR *)CYREG_FASTCLK_
 255:Generated_Source\PSoC5/cyfitter_cfg.c **** 		CyDelayCycles(10u * 48u); /* Delay 10us based on 48MHz clock */
 256:Generated_Source\PSoC5/cyfitter_cfg.c **** 	}
 257:Generated_Source\PSoC5/cyfitter_cfg.c **** 	/* If we ran out of time the PLL didn't lock so go to the error function */
 258:Generated_Source\PSoC5/cyfitter_cfg.c **** 	if (timeout == 0u)
 259:Generated_Source\PSoC5/cyfitter_cfg.c **** 	{
 260:Generated_Source\PSoC5/cyfitter_cfg.c **** 		CyClockStartupError(CYCLOCKSTART_PLL_ERROR);
 261:Generated_Source\PSoC5/cyfitter_cfg.c **** 	}
 262:Generated_Source\PSoC5/cyfitter_cfg.c **** 
 263:Generated_Source\PSoC5/cyfitter_cfg.c **** 	/* Configure Bus/Master Clock based on settings from Clock DWR */
 264:Generated_Source\PSoC5/cyfitter_cfg.c **** 	CY_SET_XTND_REG16((void CYFAR *)(CYREG_CLKDIST_MSTR0), 0x0100u);
 265:Generated_Source\PSoC5/cyfitter_cfg.c **** 	CY_SET_XTND_REG8((void CYFAR *)(CYREG_CLKDIST_MSTR0), 0x07u);
 266:Generated_Source\PSoC5/cyfitter_cfg.c **** 	CY_SET_XTND_REG8((void CYFAR *)(CYREG_CLKDIST_BCFG0), 0x00u);
 267:Generated_Source\PSoC5/cyfitter_cfg.c **** 	CY_SET_XTND_REG8((void CYFAR *)(CYREG_CLKDIST_BCFG2), 0x48u);
 268:Generated_Source\PSoC5/cyfitter_cfg.c **** 	CY_SET_XTND_REG8((void CYFAR *)(CYREG_CLKDIST_MSTR0), 0x00u);
 269:Generated_Source\PSoC5/cyfitter_cfg.c **** 	CY_SET_XTND_REG8((void CYFAR *)(CYREG_CLKDIST_LD), 0x02u);
 270:Generated_Source\PSoC5/cyfitter_cfg.c **** 	CY_SET_XTND_REG8((void CYFAR *)(CYREG_CLKDIST_DLY1), 0x04u);
 271:Generated_Source\PSoC5/cyfitter_cfg.c **** 
 272:Generated_Source\PSoC5/cyfitter_cfg.c **** 	CY_SET_XTND_REG8((void CYFAR *)(CYREG_PM_ACT_CFG2), ((CY_GET_XTND_REG8((void CYFAR *)CYREG_PM_ACT_
 273:Generated_Source\PSoC5/cyfitter_cfg.c **** 	CY_SET_XTND_REG8((void CYFAR *)(CYREG_PM_ACT_CFG1), ((CY_GET_XTND_REG8((void CYFAR *)CYREG_PM_ACT_
 274:Generated_Source\PSoC5/cyfitter_cfg.c **** 	CY_SET_XTND_REG8((void CYFAR *)(CYREG_PM_ACT_CFG0), ((CY_GET_XTND_REG8((void CYFAR *)CYREG_PM_ACT_
 275:Generated_Source\PSoC5/cyfitter_cfg.c **** }
 276:Generated_Source\PSoC5/cyfitter_cfg.c **** 
 277:Generated_Source\PSoC5/cyfitter_cfg.c **** 
 278:Generated_Source\PSoC5/cyfitter_cfg.c **** /* Analog API Functions */
 279:Generated_Source\PSoC5/cyfitter_cfg.c **** 
 280:Generated_Source\PSoC5/cyfitter_cfg.c **** 
 281:Generated_Source\PSoC5/cyfitter_cfg.c **** /*******************************************************************************
 282:Generated_Source\PSoC5/cyfitter_cfg.c **** * Function Name: AnalogSetDefault
 283:Generated_Source\PSoC5/cyfitter_cfg.c **** ********************************************************************************
 284:Generated_Source\PSoC5/cyfitter_cfg.c **** *
 285:Generated_Source\PSoC5/cyfitter_cfg.c **** * Summary:
 286:Generated_Source\PSoC5/cyfitter_cfg.c **** *  Sets up the analog portions of the chip to default values based on chip
 287:Generated_Source\PSoC5/cyfitter_cfg.c **** *  configuration options from the project.
 288:Generated_Source\PSoC5/cyfitter_cfg.c **** *
 289:Generated_Source\PSoC5/cyfitter_cfg.c **** * Parameters:
 290:Generated_Source\PSoC5/cyfitter_cfg.c **** *  void
 291:Generated_Source\PSoC5/cyfitter_cfg.c **** *
 292:Generated_Source\PSoC5/cyfitter_cfg.c **** * Return:
 293:Generated_Source\PSoC5/cyfitter_cfg.c **** *  void
 294:Generated_Source\PSoC5/cyfitter_cfg.c **** *
 295:Generated_Source\PSoC5/cyfitter_cfg.c **** *******************************************************************************/
 296:Generated_Source\PSoC5/cyfitter_cfg.c **** static void AnalogSetDefault(void);
 297:Generated_Source\PSoC5/cyfitter_cfg.c **** static void AnalogSetDefault(void)
 298:Generated_Source\PSoC5/cyfitter_cfg.c **** {
 150              		.loc 1 298 0
 151              		.cfi_startproc
 152              		@ args = 0, pretend = 0, frame = 0
 153              		@ frame_needed = 0, uses_anonymous_args = 0
ARM GAS  C:\Users\ke\AppData\Local\Temp\ccSQN4mh.s 			page 9


 154 0000 F8B5     		push	{r3, r4, r5, r6, r7, lr}
 155              		.cfi_def_cfa_offset 24
 156              		.cfi_offset 3, -24
 157              		.cfi_offset 4, -20
 158              		.cfi_offset 5, -16
 159              		.cfi_offset 6, -12
 160              		.cfi_offset 7, -8
 161              		.cfi_offset 14, -4
 299:Generated_Source\PSoC5/cyfitter_cfg.c **** 	uint8 bg_xover_inl_trim = CY_GET_XTND_REG8((void CYFAR *)(CYREG_FLSHID_MFG_CFG_BG_XOVER_INL_TRIM +
 162              		.loc 1 299 0
 163 0002 174B     		ldr	r3, .L13
 164 0004 1B78     		ldrb	r3, [r3]	@ zero_extendqisi2
 165 0006 DBB2     		uxtb	r3, r3
 166              	.LVL15:
 300:Generated_Source\PSoC5/cyfitter_cfg.c **** 	uint8 cr4 = CY_GET_XTND_REG8((void CYFAR *)(CYREG_RESET_CR4));
 167              		.loc 1 300 0
 168 0008 164E     		ldr	r6, .L13+4
 169 000a 3478     		ldrb	r4, [r6]	@ zero_extendqisi2
 170 000c E4B2     		uxtb	r4, r4
 171              	.LVL16:
 301:Generated_Source\PSoC5/cyfitter_cfg.c **** 	uint8 cr5 = CY_GET_XTND_REG8((void CYFAR *)(CYREG_RESET_CR5));
 172              		.loc 1 301 0
 173 000e 164F     		ldr	r7, .L13+8
 174 0010 3D78     		ldrb	r5, [r7]	@ zero_extendqisi2
 175 0012 EDB2     		uxtb	r5, r5
 176              	.LVL17:
 302:Generated_Source\PSoC5/cyfitter_cfg.c **** 	CY_SET_XTND_REG8((void CYFAR *)(CYREG_BG_DFT0), (bg_xover_inl_trim & 0x07u));
 177              		.loc 1 302 0
 178 0014 03F00701 		and	r1, r3, #7
 179 0018 144A     		ldr	r2, .L13+12
 180 001a 1170     		strb	r1, [r2]
 303:Generated_Source\PSoC5/cyfitter_cfg.c **** 	CY_SET_XTND_REG8((void CYFAR *)(CYREG_BG_DFT1), ((bg_xover_inl_trim >> 4) & 0x0Fu));
 181              		.loc 1 303 0
 182 001c 1B09     		lsrs	r3, r3, #4
 183              	.LVL18:
 184 001e 0132     		adds	r2, r2, #1
 185 0020 1370     		strb	r3, [r2]
 304:Generated_Source\PSoC5/cyfitter_cfg.c **** 	/* Disable PRES while setting up SAR voltage reference */
 305:Generated_Source\PSoC5/cyfitter_cfg.c **** 	CY_SET_XTND_REG8((void CYFAR *)(CYREG_RESET_CR4), (cr4 | 0x03u));
 186              		.loc 1 305 0
 187 0022 44F00303 		orr	r3, r4, #3
 188 0026 3370     		strb	r3, [r6]
 306:Generated_Source\PSoC5/cyfitter_cfg.c **** 	CY_SET_XTND_REG8((void CYFAR *)(CYREG_RESET_CR5), (cr5 | 0x03u));
 189              		.loc 1 306 0
 190 0028 45F00303 		orr	r3, r5, #3
 191 002c 3B70     		strb	r3, [r7]
 307:Generated_Source\PSoC5/cyfitter_cfg.c **** 	CY_SET_XTND_REG8((void CYFAR *)CYREG_PRT2_AG, 0x08u);
 192              		.loc 1 307 0
 193 002e 0823     		movs	r3, #8
 194 0030 A2F24272 		subw	r2, r2, #1858
 195 0034 1370     		strb	r3, [r2]
 308:Generated_Source\PSoC5/cyfitter_cfg.c **** 	CY_SET_XTND_REG8((void CYFAR *)CYREG_SAR1_CSR1, 0x80u);
 196              		.loc 1 308 0
 197 0036 8021     		movs	r1, #128
 198 0038 02F2DC72 		addw	r2, r2, #2012
 199 003c 1170     		strb	r1, [r2]
 309:Generated_Source\PSoC5/cyfitter_cfg.c **** 	CY_SET_XTND_REG8((void CYFAR *)CYREG_SAR1_SW0, 0x08u);
ARM GAS  C:\Users\ke\AppData\Local\Temp\ccSQN4mh.s 			page 10


 200              		.loc 1 309 0
 201 003e 02F21F22 		addw	r2, r2, #543
 202 0042 1370     		strb	r3, [r2]
 310:Generated_Source\PSoC5/cyfitter_cfg.c **** 	CY_SET_XTND_REG8((void CYFAR *)CYREG_SAR1_SW3, 0x20u);
 203              		.loc 1 310 0
 204 0044 2021     		movs	r1, #32
 205 0046 0332     		adds	r2, r2, #3
 206 0048 1170     		strb	r1, [r2]
 311:Generated_Source\PSoC5/cyfitter_cfg.c **** 	CY_SET_XTND_REG8((void CYFAR *)CYREG_BUS_SW0, 0x08u);
 207              		.loc 1 311 0
 208 004a 2D32     		adds	r2, r2, #45
 209 004c 1370     		strb	r3, [r2]
 312:Generated_Source\PSoC5/cyfitter_cfg.c **** 	CyDelayUs(10u); /* Allow vref to settle before re-enabling PRES */
 210              		.loc 1 312 0
 211 004e 0A20     		movs	r0, #10
 212 0050 FFF7FEFF 		bl	CyDelayUs
 213              	.LVL19:
 313:Generated_Source\PSoC5/cyfitter_cfg.c **** 	CY_SET_XTND_REG8((void CYFAR *)(CYREG_RESET_CR5), (cr5));
 214              		.loc 1 313 0
 215 0054 3D70     		strb	r5, [r7]
 314:Generated_Source\PSoC5/cyfitter_cfg.c **** 	CY_SET_XTND_REG8((void CYFAR *)(CYREG_RESET_CR4), (cr4));
 216              		.loc 1 314 0
 217 0056 3470     		strb	r4, [r6]
 315:Generated_Source\PSoC5/cyfitter_cfg.c **** 	CY_SET_XTND_REG8((void CYFAR *)CYREG_PUMP_CR0, 0x44u);
 218              		.loc 1 315 0
 219 0058 4422     		movs	r2, #68
 220 005a 054B     		ldr	r3, .L13+16
 221 005c 1A70     		strb	r2, [r3]
 222 005e F8BD     		pop	{r3, r4, r5, r6, r7, pc}
 223              	.LVL20:
 224              	.L14:
 225              		.align	2
 226              	.L13:
 227 0060 CF010049 		.word	1224737231
 228 0064 F8460040 		.word	1073759992
 229 0068 F9460040 		.word	1073759993
 230 006c 6E580040 		.word	1073764462
 231 0070 76580040 		.word	1073764470
 232              		.cfi_endproc
 233              	.LFE6:
 234              		.size	AnalogSetDefault, .-AnalogSetDefault
 235              		.section	.text.CYCONFIGCPY,"ax",%progbits
 236              		.align	2
 237              		.thumb
 238              		.thumb_func
 239              		.type	CYCONFIGCPY, %function
 240              	CYCONFIGCPY:
 241              	.LFB1:
  85:Generated_Source\PSoC5/cyfitter_cfg.c **** 	(void)memcpy(dest, src, n);
 242              		.loc 1 85 0
 243              		.cfi_startproc
 244              		@ args = 0, pretend = 0, frame = 0
 245              		@ frame_needed = 0, uses_anonymous_args = 0
 246              	.LVL21:
 247 0000 08B5     		push	{r3, lr}
 248              		.cfi_def_cfa_offset 8
 249              		.cfi_offset 3, -8
ARM GAS  C:\Users\ke\AppData\Local\Temp\ccSQN4mh.s 			page 11


 250              		.cfi_offset 14, -4
  86:Generated_Source\PSoC5/cyfitter_cfg.c **** }
 251              		.loc 1 86 0
 252 0002 FFF7FEFF 		bl	memcpy
 253              	.LVL22:
 254 0006 08BD     		pop	{r3, pc}
 255              		.cfi_endproc
 256              	.LFE1:
 257              		.size	CYCONFIGCPY, .-CYCONFIGCPY
 258              		.section	.text.ClockSetup,"ax",%progbits
 259              		.align	2
 260              		.thumb
 261              		.thumb_func
 262              		.type	ClockSetup, %function
 263              	ClockSetup:
 264              	.LFB5:
 225:Generated_Source\PSoC5/cyfitter_cfg.c **** 	uint32 timeout;
 265              		.loc 1 225 0
 266              		.cfi_startproc
 267              		@ args = 0, pretend = 0, frame = 0
 268              		@ frame_needed = 0, uses_anonymous_args = 0
 269 0000 38B5     		push	{r3, r4, r5, lr}
 270              		.cfi_def_cfa_offset 16
 271              		.cfi_offset 3, -16
 272              		.cfi_offset 4, -12
 273              		.cfi_offset 5, -8
 274              		.cfi_offset 14, -4
 231:Generated_Source\PSoC5/cyfitter_cfg.c **** 	CY_SET_XTND_REG8((void CYFAR *)(CYREG_CLKDIST_DCFG0_CFG0 + 0x2u), 0x19u);
 275              		.loc 1 231 0
 276 0002 40F22B12 		movw	r2, #299
 277 0006 304B     		ldr	r3, .L23
 278 0008 1A80     		strh	r2, [r3]	@ movhi
 232:Generated_Source\PSoC5/cyfitter_cfg.c **** 	CY_SET_XTND_REG16((void CYFAR *)(CYREG_CLKDIST_DCFG1_CFG0), 0x5DBFu);
 279              		.loc 1 232 0
 280 000a 1925     		movs	r5, #25
 281 000c 0233     		adds	r3, r3, #2
 282 000e 1D70     		strb	r5, [r3]
 233:Generated_Source\PSoC5/cyfitter_cfg.c **** 	CY_SET_XTND_REG8((void CYFAR *)(CYREG_CLKDIST_DCFG1_CFG0 + 0x2u), 0x18u);
 283              		.loc 1 233 0
 284 0010 45F6BF52 		movw	r2, #23999
 285 0014 0233     		adds	r3, r3, #2
 286 0016 1A80     		strh	r2, [r3]	@ movhi
 234:Generated_Source\PSoC5/cyfitter_cfg.c **** 
 287              		.loc 1 234 0
 288 0018 1822     		movs	r2, #24
 289 001a 0233     		adds	r3, r3, #2
 290 001c 1A70     		strb	r2, [r3]
 237:Generated_Source\PSoC5/cyfitter_cfg.c **** 
 291              		.loc 1 237 0
 292 001e 0422     		movs	r2, #4
 293 0020 2A49     		ldr	r1, .L23+4
 294 0022 2B48     		ldr	r0, .L23+8
 295 0024 FFF7FEFF 		bl	CYCONFIGCPY
 296              	.LVL23:
 240:Generated_Source\PSoC5/cyfitter_cfg.c **** 	CY_SET_XTND_REG8((void CYFAR *)(CYREG_CLKDIST_CR), 0x08u);
 297              		.loc 1 240 0
 298 0028 0222     		movs	r2, #2
ARM GAS  C:\Users\ke\AppData\Local\Temp\ccSQN4mh.s 			page 12


 299 002a 2A4B     		ldr	r3, .L23+12
 300 002c 1A70     		strb	r2, [r3]
 241:Generated_Source\PSoC5/cyfitter_cfg.c **** 
 301              		.loc 1 241 0
 302 002e 0822     		movs	r2, #8
 303 0030 4FF04023 		mov	r3, #1073758208
 304 0034 1A70     		strb	r2, [r3]
 244:Generated_Source\PSoC5/cyfitter_cfg.c **** 	CY_SET_XTND_REG8((void CYFAR *)(CYREG_IMO_TR1), (CY_GET_XTND_REG8((void CYFAR *)CYREG_FLSHID_CUST_
 305              		.loc 1 244 0
 306 0036 0321     		movs	r1, #3
 307 0038 03F50073 		add	r3, r3, #512
 308 003c 1970     		strb	r1, [r3]
 245:Generated_Source\PSoC5/cyfitter_cfg.c **** 
 309              		.loc 1 245 0
 310 003e 264B     		ldr	r3, .L23+16
 311 0040 1B78     		ldrb	r3, [r3]	@ zero_extendqisi2
 312 0042 DBB2     		uxtb	r3, r3
 313 0044 2549     		ldr	r1, .L23+20
 314 0046 0B70     		strb	r3, [r1]
 248:Generated_Source\PSoC5/cyfitter_cfg.c **** 	CY_SET_XTND_REG16((void CYFAR *)(CYREG_FASTCLK_PLL_CFG0), 0x1251u);
 315              		.loc 1 248 0
 316 0048 254B     		ldr	r3, .L23+24
 317 004a 1A80     		strh	r2, [r3]	@ movhi
 249:Generated_Source\PSoC5/cyfitter_cfg.c **** 	/* Wait up to 250us for the PLL to lock */
 318              		.loc 1 249 0
 319 004c 41F25122 		movw	r2, #4689
 320 0050 023B     		subs	r3, r3, #2
 321 0052 1A80     		strh	r2, [r3]	@ movhi
 322              	.LVL24:
 251:Generated_Source\PSoC5/cyfitter_cfg.c **** 	for (timeout = 250u / 10u; (timeout > 0u) && (pllLock != 0x03u); timeout--)
 323              		.loc 1 251 0
 324 0054 0024     		movs	r4, #0
 252:Generated_Source\PSoC5/cyfitter_cfg.c **** 	{ 
 325              		.loc 1 252 0
 326 0056 0CE0     		b	.L18
 327              	.LVL25:
 328              	.L20:
 254:Generated_Source\PSoC5/cyfitter_cfg.c **** 		CyDelayCycles(10u * 48u); /* Delay 10us based on 48MHz clock */
 329              		.loc 1 254 0 discriminator 4
 330 0058 224B     		ldr	r3, .L23+28
 331 005a 1B78     		ldrb	r3, [r3]	@ zero_extendqisi2
 332 005c 03F00103 		and	r3, r3, #1
 333 0060 43EA4404 		orr	r4, r3, r4, lsl #1
 334              	.LVL26:
 335 0064 04F00304 		and	r4, r4, #3
 336              	.LVL27:
 255:Generated_Source\PSoC5/cyfitter_cfg.c **** 	}
 337              		.loc 1 255 0 discriminator 4
 338 0068 4FF4F070 		mov	r0, #480
 339 006c FFF7FEFF 		bl	CyDelayCycles
 340              	.LVL28:
 252:Generated_Source\PSoC5/cyfitter_cfg.c **** 	{ 
 341              		.loc 1 252 0 discriminator 4
 342 0070 013D     		subs	r5, r5, #1
 343              	.LVL29:
 344              	.L18:
 252:Generated_Source\PSoC5/cyfitter_cfg.c **** 	{ 
ARM GAS  C:\Users\ke\AppData\Local\Temp\ccSQN4mh.s 			page 13


 345              		.loc 1 252 0 is_stmt 0 discriminator 1
 346 0072 0DB1     		cbz	r5, .L19
 252:Generated_Source\PSoC5/cyfitter_cfg.c **** 	{ 
 347              		.loc 1 252 0 discriminator 3
 348 0074 032C     		cmp	r4, #3
 349 0076 EFD1     		bne	.L20
 350              	.L19:
 258:Generated_Source\PSoC5/cyfitter_cfg.c **** 	{
 351              		.loc 1 258 0 is_stmt 1
 352 0078 15B9     		cbnz	r5, .L21
 260:Generated_Source\PSoC5/cyfitter_cfg.c **** 	}
 353              		.loc 1 260 0
 354 007a 0320     		movs	r0, #3
 355 007c FFF7FEFF 		bl	CyClockStartupError
 356              	.LVL30:
 357              	.L21:
 264:Generated_Source\PSoC5/cyfitter_cfg.c **** 	CY_SET_XTND_REG8((void CYFAR *)(CYREG_CLKDIST_MSTR0), 0x07u);
 358              		.loc 1 264 0
 359 0080 194B     		ldr	r3, .L23+32
 360 0082 4FF48072 		mov	r2, #256
 361 0086 1A80     		strh	r2, [r3]	@ movhi
 265:Generated_Source\PSoC5/cyfitter_cfg.c **** 	CY_SET_XTND_REG8((void CYFAR *)(CYREG_CLKDIST_BCFG0), 0x00u);
 362              		.loc 1 265 0
 363 0088 0722     		movs	r2, #7
 364 008a 1A70     		strb	r2, [r3]
 266:Generated_Source\PSoC5/cyfitter_cfg.c **** 	CY_SET_XTND_REG8((void CYFAR *)(CYREG_CLKDIST_BCFG2), 0x48u);
 365              		.loc 1 266 0
 366 008c 0022     		movs	r2, #0
 367 008e 1749     		ldr	r1, .L23+36
 368 0090 0A70     		strb	r2, [r1]
 267:Generated_Source\PSoC5/cyfitter_cfg.c **** 	CY_SET_XTND_REG8((void CYFAR *)(CYREG_CLKDIST_MSTR0), 0x00u);
 369              		.loc 1 267 0
 370 0092 4820     		movs	r0, #72
 371 0094 0231     		adds	r1, r1, #2
 372 0096 0870     		strb	r0, [r1]
 268:Generated_Source\PSoC5/cyfitter_cfg.c **** 	CY_SET_XTND_REG8((void CYFAR *)(CYREG_CLKDIST_LD), 0x02u);
 373              		.loc 1 268 0
 374 0098 1A70     		strb	r2, [r3]
 269:Generated_Source\PSoC5/cyfitter_cfg.c **** 	CY_SET_XTND_REG8((void CYFAR *)(CYREG_CLKDIST_DLY1), 0x04u);
 375              		.loc 1 269 0
 376 009a 0222     		movs	r2, #2
 377 009c 033B     		subs	r3, r3, #3
 378 009e 1A70     		strb	r2, [r3]
 270:Generated_Source\PSoC5/cyfitter_cfg.c **** 
 379              		.loc 1 270 0
 380 00a0 0422     		movs	r2, #4
 381 00a2 0A33     		adds	r3, r3, #10
 382 00a4 1A70     		strb	r2, [r3]
 272:Generated_Source\PSoC5/cyfitter_cfg.c **** 	CY_SET_XTND_REG8((void CYFAR *)(CYREG_PM_ACT_CFG1), ((CY_GET_XTND_REG8((void CYFAR *)CYREG_PM_ACT_
 383              		.loc 1 272 0
 384 00a6 124A     		ldr	r2, .L23+40
 385 00a8 1378     		ldrb	r3, [r2]	@ zero_extendqisi2
 386 00aa 43F00303 		orr	r3, r3, #3
 387 00ae 1370     		strb	r3, [r2]
 273:Generated_Source\PSoC5/cyfitter_cfg.c **** 	CY_SET_XTND_REG8((void CYFAR *)(CYREG_PM_ACT_CFG0), ((CY_GET_XTND_REG8((void CYFAR *)CYREG_PM_ACT_
 388              		.loc 1 273 0
 389 00b0 013A     		subs	r2, r2, #1
ARM GAS  C:\Users\ke\AppData\Local\Temp\ccSQN4mh.s 			page 14


 390 00b2 1378     		ldrb	r3, [r2]	@ zero_extendqisi2
 391 00b4 43F00103 		orr	r3, r3, #1
 392 00b8 1370     		strb	r3, [r2]
 274:Generated_Source\PSoC5/cyfitter_cfg.c **** }
 393              		.loc 1 274 0
 394 00ba 013A     		subs	r2, r2, #1
 395 00bc 1378     		ldrb	r3, [r2]	@ zero_extendqisi2
 396 00be 43F08003 		orr	r3, r3, #128
 397 00c2 1370     		strb	r3, [r2]
 398 00c4 38BD     		pop	{r3, r4, r5, pc}
 399              	.LVL31:
 400              	.L24:
 401 00c6 00BF     		.align	2
 402              	.L23:
 403 00c8 80400040 		.word	1073758336
 404 00cc BC010048 		.word	1207959996
 405 00d0 00410040 		.word	1073758464
 406 00d4 00430040 		.word	1073758976
 407 00d8 08010049 		.word	1224737032
 408 00dc A1460040 		.word	1073759905
 409 00e0 22420040 		.word	1073758754
 410 00e4 25420040 		.word	1073758757
 411 00e8 04400040 		.word	1073758212
 412 00ec 06400040 		.word	1073758214
 413 00f0 A2430040 		.word	1073759138
 414              		.cfi_endproc
 415              	.LFE5:
 416              		.size	ClockSetup, .-ClockSetup
 417              		.section	.text.SetAnalogRoutingPumps,"ax",%progbits
 418              		.align	2
 419              		.global	SetAnalogRoutingPumps
 420              		.thumb
 421              		.thumb_func
 422              		.type	SetAnalogRoutingPumps, %function
 423              	SetAnalogRoutingPumps:
 424              	.LFB7:
 316:Generated_Source\PSoC5/cyfitter_cfg.c **** }
 317:Generated_Source\PSoC5/cyfitter_cfg.c **** 
 318:Generated_Source\PSoC5/cyfitter_cfg.c **** 
 319:Generated_Source\PSoC5/cyfitter_cfg.c **** /*******************************************************************************
 320:Generated_Source\PSoC5/cyfitter_cfg.c **** * Function Name: SetAnalogRoutingPumps
 321:Generated_Source\PSoC5/cyfitter_cfg.c **** ********************************************************************************
 322:Generated_Source\PSoC5/cyfitter_cfg.c **** *
 323:Generated_Source\PSoC5/cyfitter_cfg.c **** * Summary:
 324:Generated_Source\PSoC5/cyfitter_cfg.c **** * Enables or disables the analog pumps feeding analog routing switches.
 325:Generated_Source\PSoC5/cyfitter_cfg.c **** * Intended to be called at startup, based on the Vdda system configuration;
 326:Generated_Source\PSoC5/cyfitter_cfg.c **** * may be called during operation when the user informs us that the Vdda voltage
 327:Generated_Source\PSoC5/cyfitter_cfg.c **** * crossed the pump threshold.
 328:Generated_Source\PSoC5/cyfitter_cfg.c **** *
 329:Generated_Source\PSoC5/cyfitter_cfg.c **** * Parameters:
 330:Generated_Source\PSoC5/cyfitter_cfg.c **** *  enabled - 1 to enable the pumps, 0 to disable the pumps
 331:Generated_Source\PSoC5/cyfitter_cfg.c **** *
 332:Generated_Source\PSoC5/cyfitter_cfg.c **** * Return:
 333:Generated_Source\PSoC5/cyfitter_cfg.c **** *  void
 334:Generated_Source\PSoC5/cyfitter_cfg.c **** *
 335:Generated_Source\PSoC5/cyfitter_cfg.c **** *******************************************************************************/
 336:Generated_Source\PSoC5/cyfitter_cfg.c **** void SetAnalogRoutingPumps(uint8 enabled)
ARM GAS  C:\Users\ke\AppData\Local\Temp\ccSQN4mh.s 			page 15


 337:Generated_Source\PSoC5/cyfitter_cfg.c **** {
 425              		.loc 1 337 0
 426              		.cfi_startproc
 427              		@ args = 0, pretend = 0, frame = 0
 428              		@ frame_needed = 0, uses_anonymous_args = 0
 429              		@ link register save eliminated.
 430              	.LVL32:
 338:Generated_Source\PSoC5/cyfitter_cfg.c **** 	uint8 regValue = CY_GET_XTND_REG8((void CYFAR *)CYREG_PUMP_CR0);
 431              		.loc 1 338 0
 432 0000 054B     		ldr	r3, .L28
 433 0002 1B78     		ldrb	r3, [r3]	@ zero_extendqisi2
 434 0004 DBB2     		uxtb	r3, r3
 435              	.LVL33:
 339:Generated_Source\PSoC5/cyfitter_cfg.c **** 	if (enabled != 0u)
 436              		.loc 1 339 0
 437 0006 10B1     		cbz	r0, .L26
 340:Generated_Source\PSoC5/cyfitter_cfg.c **** 	{
 341:Generated_Source\PSoC5/cyfitter_cfg.c **** 		regValue |= 0x22u;
 438              		.loc 1 341 0
 439 0008 43F02203 		orr	r3, r3, #34
 440              	.LVL34:
 441 000c 01E0     		b	.L27
 442              	.L26:
 342:Generated_Source\PSoC5/cyfitter_cfg.c **** 	}
 343:Generated_Source\PSoC5/cyfitter_cfg.c **** 	else
 344:Generated_Source\PSoC5/cyfitter_cfg.c **** 	{
 345:Generated_Source\PSoC5/cyfitter_cfg.c **** 		regValue &= (uint8)~0x22u;
 443              		.loc 1 345 0
 444 000e 03F0DD03 		and	r3, r3, #221
 445              	.LVL35:
 446              	.L27:
 346:Generated_Source\PSoC5/cyfitter_cfg.c **** 	}
 347:Generated_Source\PSoC5/cyfitter_cfg.c **** 	CY_SET_XTND_REG8((void CYFAR *)CYREG_PUMP_CR0, regValue);
 447              		.loc 1 347 0
 448 0012 014A     		ldr	r2, .L28
 449 0014 1370     		strb	r3, [r2]
 450 0016 7047     		bx	lr
 451              	.L29:
 452              		.align	2
 453              	.L28:
 454 0018 76580040 		.word	1073764470
 455              		.cfi_endproc
 456              	.LFE7:
 457              		.size	SetAnalogRoutingPumps, .-SetAnalogRoutingPumps
 458              		.section	.text.cyfitter_cfg,"ax",%progbits
 459              		.align	2
 460              		.global	cyfitter_cfg
 461              		.thumb
 462              		.thumb_func
 463              		.type	cyfitter_cfg, %function
 464              	cyfitter_cfg:
 465              	.LFB8:
 348:Generated_Source\PSoC5/cyfitter_cfg.c **** }
 349:Generated_Source\PSoC5/cyfitter_cfg.c **** 
 350:Generated_Source\PSoC5/cyfitter_cfg.c **** 
 351:Generated_Source\PSoC5/cyfitter_cfg.c **** 
 352:Generated_Source\PSoC5/cyfitter_cfg.c **** 
ARM GAS  C:\Users\ke\AppData\Local\Temp\ccSQN4mh.s 			page 16


 353:Generated_Source\PSoC5/cyfitter_cfg.c **** /*******************************************************************************
 354:Generated_Source\PSoC5/cyfitter_cfg.c **** * Function Name: cyfitter_cfg
 355:Generated_Source\PSoC5/cyfitter_cfg.c **** ********************************************************************************
 356:Generated_Source\PSoC5/cyfitter_cfg.c **** * Summary:
 357:Generated_Source\PSoC5/cyfitter_cfg.c **** *  This function is called by the start-up code for the selected device. It
 358:Generated_Source\PSoC5/cyfitter_cfg.c **** *  performs all of the necessary device configuration based on the design
 359:Generated_Source\PSoC5/cyfitter_cfg.c **** *  settings.  This includes settings from the Design Wide Resources (DWR) such
 360:Generated_Source\PSoC5/cyfitter_cfg.c **** *  as Clocks and Pins as well as any component configuration that is necessary.
 361:Generated_Source\PSoC5/cyfitter_cfg.c **** *
 362:Generated_Source\PSoC5/cyfitter_cfg.c **** * Parameters:
 363:Generated_Source\PSoC5/cyfitter_cfg.c **** *   void
 364:Generated_Source\PSoC5/cyfitter_cfg.c **** *
 365:Generated_Source\PSoC5/cyfitter_cfg.c **** * Return:
 366:Generated_Source\PSoC5/cyfitter_cfg.c **** *   void
 367:Generated_Source\PSoC5/cyfitter_cfg.c **** *
 368:Generated_Source\PSoC5/cyfitter_cfg.c **** *******************************************************************************/
 369:Generated_Source\PSoC5/cyfitter_cfg.c **** 
 370:Generated_Source\PSoC5/cyfitter_cfg.c **** void cyfitter_cfg(void)
 371:Generated_Source\PSoC5/cyfitter_cfg.c **** {
 466              		.loc 1 371 0
 467              		.cfi_startproc
 468              		@ args = 0, pretend = 0, frame = 0
 469              		@ frame_needed = 0, uses_anonymous_args = 0
 470 0000 38B5     		push	{r3, r4, r5, lr}
 471              		.cfi_def_cfa_offset 16
 472              		.cfi_offset 3, -16
 473              		.cfi_offset 4, -12
 474              		.cfi_offset 5, -8
 475              		.cfi_offset 14, -4
 372:Generated_Source\PSoC5/cyfitter_cfg.c **** #ifdef CYGlobalIntDisable
 373:Generated_Source\PSoC5/cyfitter_cfg.c **** 	/* Disable interrupts by default. Let user enable if/when they want. */
 374:Generated_Source\PSoC5/cyfitter_cfg.c **** 	CYGlobalIntDisable
 476              		.loc 1 374 0
 477              		.syntax unified
 478              	@ 374 "Generated_Source\PSoC5\cyfitter_cfg.c" 1
 479 0002 72B6     		CPSID   i
 480              	@ 0 "" 2
 375:Generated_Source\PSoC5/cyfitter_cfg.c **** #endif
 376:Generated_Source\PSoC5/cyfitter_cfg.c **** 
 377:Generated_Source\PSoC5/cyfitter_cfg.c **** 	/* Enable/Disable Debug functionality based on settings from System DWR */
 378:Generated_Source\PSoC5/cyfitter_cfg.c **** 	CY_SET_XTND_REG8((void CYFAR *)CYREG_MLOGIC_DEBUG, (CY_GET_XTND_REG8((void CYFAR *)CYREG_MLOGIC_DE
 481              		.loc 1 378 0
 482              		.thumb
 483              		.syntax unified
 484 0004 2B4A     		ldr	r2, .L34
 485 0006 1378     		ldrb	r3, [r2]	@ zero_extendqisi2
 486 0008 43F00403 		orr	r3, r3, #4
 487 000c 1370     		strb	r3, [r2]
 488              	.LVL36:
 489              	.LBB3:
 379:Generated_Source\PSoC5/cyfitter_cfg.c **** 
 380:Generated_Source\PSoC5/cyfitter_cfg.c **** 	{
 381:Generated_Source\PSoC5/cyfitter_cfg.c **** 
 382:Generated_Source\PSoC5/cyfitter_cfg.c **** 		CYPACKED typedef struct {
 383:Generated_Source\PSoC5/cyfitter_cfg.c **** 			void CYFAR *address;
 384:Generated_Source\PSoC5/cyfitter_cfg.c **** 			uint16 size;
 385:Generated_Source\PSoC5/cyfitter_cfg.c **** 		} CYPACKED_ATTR cfg_memset_t;
ARM GAS  C:\Users\ke\AppData\Local\Temp\ccSQN4mh.s 			page 17


 386:Generated_Source\PSoC5/cyfitter_cfg.c **** 
 387:Generated_Source\PSoC5/cyfitter_cfg.c **** 		static const cfg_memset_t CYCODE cfg_memset_list[] = {
 388:Generated_Source\PSoC5/cyfitter_cfg.c **** 			/* address, size */
 389:Generated_Source\PSoC5/cyfitter_cfg.c **** 			{(void CYFAR *)(CYREG_TMR0_CFG0), 12u},
 390:Generated_Source\PSoC5/cyfitter_cfg.c **** 			{(void CYFAR *)(CYREG_PRT3_DR), 64u},
 391:Generated_Source\PSoC5/cyfitter_cfg.c **** 			{(void CYFAR *)(CYREG_PRT12_DR), 16u},
 392:Generated_Source\PSoC5/cyfitter_cfg.c **** 			{(void CYFAR *)(CYREG_PRT15_DR), 16u},
 393:Generated_Source\PSoC5/cyfitter_cfg.c **** 			{(void CYFAR *)(CYDEV_UCFG_B0_P0_U0_BASE), 4096u},
 394:Generated_Source\PSoC5/cyfitter_cfg.c **** 			{(void CYFAR *)(CYDEV_UCFG_B1_P2_U0_BASE), 2048u},
 395:Generated_Source\PSoC5/cyfitter_cfg.c **** 			{(void CYFAR *)(CYDEV_UCFG_DSI0_BASE), 2560u},
 396:Generated_Source\PSoC5/cyfitter_cfg.c **** 			{(void CYFAR *)(CYDEV_UCFG_DSI12_BASE), 512u},
 397:Generated_Source\PSoC5/cyfitter_cfg.c **** 			{(void CYFAR *)(CYREG_BCTL0_MDCLK_EN), 32u},
 398:Generated_Source\PSoC5/cyfitter_cfg.c **** 		};
 399:Generated_Source\PSoC5/cyfitter_cfg.c **** 
 400:Generated_Source\PSoC5/cyfitter_cfg.c **** 		uint8 CYDATA i;
 401:Generated_Source\PSoC5/cyfitter_cfg.c **** 
 402:Generated_Source\PSoC5/cyfitter_cfg.c **** 		/* Zero out critical memory blocks before beginning configuration */
 403:Generated_Source\PSoC5/cyfitter_cfg.c **** 		for (i = 0u; i < (sizeof(cfg_memset_list)/sizeof(cfg_memset_list[0])); i++)
 490              		.loc 1 403 0
 491 000e 0024     		movs	r4, #0
 492 0010 0CE0     		b	.L31
 493              	.LVL37:
 494              	.L32:
 495              	.LBB4:
 404:Generated_Source\PSoC5/cyfitter_cfg.c **** 		{
 405:Generated_Source\PSoC5/cyfitter_cfg.c **** 			const cfg_memset_t CYCODE * CYDATA ms = &cfg_memset_list[i];
 406:Generated_Source\PSoC5/cyfitter_cfg.c **** 			CYMEMZERO(ms->address, (size_t)(uint32)(ms->size));
 496              		.loc 1 406 0 discriminator 3
 497 0012 294D     		ldr	r5, .L34+4
 498 0014 6300     		lsls	r3, r4, #1
 499 0016 1919     		adds	r1, r3, r4
 500 0018 4A00     		lsls	r2, r1, #1
 501 001a 1146     		mov	r1, r2
 502 001c 2A44     		add	r2, r2, r5
 503 001e 0846     		mov	r0, r1
 504 0020 9188     		ldrh	r1, [r2, #4]
 505 0022 2858     		ldr	r0, [r5, r0]	@ unaligned
 506 0024 FFF7FEFF 		bl	CYMEMZERO
 507              	.LVL38:
 508              	.LBE4:
 403:Generated_Source\PSoC5/cyfitter_cfg.c **** 		{
 509              		.loc 1 403 0 discriminator 3
 510 0028 0134     		adds	r4, r4, #1
 511              	.LVL39:
 512 002a E4B2     		uxtb	r4, r4
 513              	.LVL40:
 514              	.L31:
 403:Generated_Source\PSoC5/cyfitter_cfg.c **** 		{
 515              		.loc 1 403 0 is_stmt 0 discriminator 1
 516 002c 082C     		cmp	r4, #8
 517 002e F0D9     		bls	.L32
 407:Generated_Source\PSoC5/cyfitter_cfg.c **** 		}
 408:Generated_Source\PSoC5/cyfitter_cfg.c **** 
 409:Generated_Source\PSoC5/cyfitter_cfg.c **** 		cfg_write_bytes32(cy_cfg_addr_table, cy_cfg_data_table);
 518              		.loc 1 409 0 is_stmt 1
 519 0030 2249     		ldr	r1, .L34+8
 520 0032 4FF09040 		mov	r0, #1207959552
ARM GAS  C:\Users\ke\AppData\Local\Temp\ccSQN4mh.s 			page 18


 521 0036 FFF7FEFF 		bl	cfg_write_bytes32
 522              	.LVL41:
 410:Generated_Source\PSoC5/cyfitter_cfg.c **** 
 411:Generated_Source\PSoC5/cyfitter_cfg.c **** 		/* Enable digital routing */
 412:Generated_Source\PSoC5/cyfitter_cfg.c **** 		CY_SET_XTND_REG8((void CYFAR *)CYREG_BCTL0_BANK_CTL, CY_GET_XTND_REG8((void CYFAR *)CYREG_BCTL0_B
 523              		.loc 1 412 0
 524 003a 214A     		ldr	r2, .L34+12
 525 003c 1378     		ldrb	r3, [r2]	@ zero_extendqisi2
 526 003e 43F00203 		orr	r3, r3, #2
 527 0042 1370     		strb	r3, [r2]
 413:Generated_Source\PSoC5/cyfitter_cfg.c **** 		CY_SET_XTND_REG8((void CYFAR *)CYREG_BCTL1_BANK_CTL, CY_GET_XTND_REG8((void CYFAR *)CYREG_BCTL1_B
 528              		.loc 1 413 0
 529 0044 1032     		adds	r2, r2, #16
 530 0046 1378     		ldrb	r3, [r2]	@ zero_extendqisi2
 531 0048 43F00203 		orr	r3, r3, #2
 532 004c 1370     		strb	r3, [r2]
 414:Generated_Source\PSoC5/cyfitter_cfg.c **** 
 415:Generated_Source\PSoC5/cyfitter_cfg.c **** 		/* Enable UDB array */
 416:Generated_Source\PSoC5/cyfitter_cfg.c **** 		CY_SET_XTND_REG8((void CYFAR *)CYREG_PM_ACT_CFG0, CY_GET_XTND_REG8((void CYFAR *)CYREG_PM_ACT_CFG
 533              		.loc 1 416 0
 534 004e 1D4C     		ldr	r4, .L34+16
 535              	.LVL42:
 536 0050 2378     		ldrb	r3, [r4]	@ zero_extendqisi2
 537 0052 43F04003 		orr	r3, r3, #64
 538 0056 2370     		strb	r3, [r4]
 417:Generated_Source\PSoC5/cyfitter_cfg.c **** 		CY_SET_XTND_REG8((void CYFAR *)CYREG_PM_AVAIL_CR2, CY_GET_XTND_REG8((void CYFAR *)CYREG_PM_AVAIL_
 539              		.loc 1 417 0
 540 0058 A2F58632 		sub	r2, r2, #68608
 541 005c 513A     		subs	r2, r2, #81
 542 005e 1378     		ldrb	r3, [r2]	@ zero_extendqisi2
 543 0060 43F01003 		orr	r3, r3, #16
 544 0064 1370     		strb	r3, [r2]
 545              	.LBE3:
 418:Generated_Source\PSoC5/cyfitter_cfg.c **** 	}
 419:Generated_Source\PSoC5/cyfitter_cfg.c **** 
 420:Generated_Source\PSoC5/cyfitter_cfg.c **** 
 421:Generated_Source\PSoC5/cyfitter_cfg.c **** 	/* Perform second pass device configuration. These items must be configured in specific order afte
 422:Generated_Source\PSoC5/cyfitter_cfg.c **** 	CYCONFIGCPY((void CYFAR *)(CYREG_PRT0_DM0), (const void CYFAR *)(BS_IOPINS0_0_VAL), 8u);
 546              		.loc 1 422 0
 547 0066 0822     		movs	r2, #8
 548 0068 1749     		ldr	r1, .L34+20
 549 006a 1848     		ldr	r0, .L34+24
 550 006c FFF7FEFF 		bl	CYCONFIGCPY
 551              	.LVL43:
 423:Generated_Source\PSoC5/cyfitter_cfg.c **** 	CYCONFIGCPY((void CYFAR *)(CYREG_PRT1_DM0), (const void CYFAR *)(BS_IOPINS0_1_VAL), 8u);
 552              		.loc 1 423 0
 553 0070 0822     		movs	r2, #8
 554 0072 1749     		ldr	r1, .L34+28
 555 0074 1748     		ldr	r0, .L34+32
 556 0076 FFF7FEFF 		bl	CYCONFIGCPY
 557              	.LVL44:
 424:Generated_Source\PSoC5/cyfitter_cfg.c **** 	CYCONFIGCPY((void CYFAR *)(CYREG_PRT2_DR), (const void CYFAR *)(BS_IOPINS0_2_VAL), 10u);
 558              		.loc 1 424 0
 559 007a 0A22     		movs	r2, #10
 560 007c 1649     		ldr	r1, .L34+36
 561 007e 1748     		ldr	r0, .L34+40
 562 0080 FFF7FEFF 		bl	CYCONFIGCPY
ARM GAS  C:\Users\ke\AppData\Local\Temp\ccSQN4mh.s 			page 19


 563              	.LVL45:
 425:Generated_Source\PSoC5/cyfitter_cfg.c **** 	/* Switch Boost to the precision bandgap reference from its internal reference */
 426:Generated_Source\PSoC5/cyfitter_cfg.c **** 	CY_SET_REG8((void CYXDATA *)CYREG_BOOST_CR2, (CY_GET_REG8((void CYXDATA *)CYREG_BOOST_CR2) | 0x08u
 564              		.loc 1 426 0
 565 0084 164A     		ldr	r2, .L34+44
 566 0086 1378     		ldrb	r3, [r2]	@ zero_extendqisi2
 567 0088 43F00803 		orr	r3, r3, #8
 568 008c 1370     		strb	r3, [r2]
 427:Generated_Source\PSoC5/cyfitter_cfg.c **** 
 428:Generated_Source\PSoC5/cyfitter_cfg.c **** 	/* Set Flash Cycles based on max possible frequency in case a glitch occurs during ClockSetup(). *
 429:Generated_Source\PSoC5/cyfitter_cfg.c **** 	CY_SET_XTND_REG8((void CYFAR *)(CYREG_CACHE_CC_CTL), (((CYDEV_INSTRUCT_CACHE_ENABLED) != 0) ? 0x61
 569              		.loc 1 429 0
 570 008e 154D     		ldr	r5, .L34+48
 571 0090 6123     		movs	r3, #97
 572 0092 2B70     		strb	r3, [r5]
 430:Generated_Source\PSoC5/cyfitter_cfg.c **** 	/* Setup clocks based on selections from Clock DWR */
 431:Generated_Source\PSoC5/cyfitter_cfg.c **** 	ClockSetup();
 573              		.loc 1 431 0
 574 0094 FFF7FEFF 		bl	ClockSetup
 575              	.LVL46:
 432:Generated_Source\PSoC5/cyfitter_cfg.c **** 	/* Set Flash Cycles based on newly configured 24.00MHz Bus Clock. */
 433:Generated_Source\PSoC5/cyfitter_cfg.c **** 	CY_SET_XTND_REG8((void CYFAR *)(CYREG_CACHE_CC_CTL), (((CYDEV_INSTRUCT_CACHE_ENABLED) != 0) ? 0x81
 576              		.loc 1 433 0
 577 0098 8123     		movs	r3, #129
 578 009a 2B70     		strb	r3, [r5]
 434:Generated_Source\PSoC5/cyfitter_cfg.c **** 	CY_SET_XTND_REG8((void CYFAR *)(CYREG_PANTHER_WAITPIPE), 0x01u);
 579              		.loc 1 434 0
 580 009c 0122     		movs	r2, #1
 581 009e 124B     		ldr	r3, .L34+52
 582 00a0 1A70     		strb	r2, [r3]
 435:Generated_Source\PSoC5/cyfitter_cfg.c **** 
 436:Generated_Source\PSoC5/cyfitter_cfg.c **** 	/* Perform basic analog initialization to defaults */
 437:Generated_Source\PSoC5/cyfitter_cfg.c **** 	AnalogSetDefault();
 583              		.loc 1 437 0
 584 00a2 FFF7FEFF 		bl	AnalogSetDefault
 585              	.LVL47:
 438:Generated_Source\PSoC5/cyfitter_cfg.c **** 
 439:Generated_Source\PSoC5/cyfitter_cfg.c **** 	/* Configure alternate active mode */
 440:Generated_Source\PSoC5/cyfitter_cfg.c **** 	CYCONFIGCPY((void CYFAR *)CYDEV_PM_STBY_BASE, (const void CYFAR *)CYDEV_PM_ACT_BASE, 14u);
 586              		.loc 1 440 0
 587 00a6 0E22     		movs	r2, #14
 588 00a8 2146     		mov	r1, r4
 589 00aa 1048     		ldr	r0, .L34+56
 590 00ac FFF7FEFF 		bl	CYCONFIGCPY
 591              	.LVL48:
 592 00b0 38BD     		pop	{r3, r4, r5, pc}
 593              	.L35:
 594 00b2 00BF     		.align	2
 595              	.L34:
 596 00b4 E8460040 		.word	1073759976
 597 00b8 00000000 		.word	.LANCHOR0
 598 00bc 60000048 		.word	1207959648
 599 00c0 03500140 		.word	1073827843
 600 00c4 A0430040 		.word	1073759136
 601 00c8 A0010048 		.word	1207959968
 602 00cc 02510040 		.word	1073762562
 603 00d0 A8010048 		.word	1207959976
ARM GAS  C:\Users\ke\AppData\Local\Temp\ccSQN4mh.s 			page 20


 604 00d4 12510040 		.word	1073762578
 605 00d8 B0010048 		.word	1207959984
 606 00dc 20510040 		.word	1073762592
 607 00e0 22430040 		.word	1073759010
 608 00e4 00480040 		.word	1073760256
 609 00e8 04000840 		.word	1074266116
 610 00ec B0430040 		.word	1073759152
 611              		.cfi_endproc
 612              	.LFE8:
 613              		.size	cyfitter_cfg, .-cyfitter_cfg
 614              		.section	.rodata
 615              		.align	2
 616              		.set	.LANCHOR0,. + 0
 617              		.type	cfg_memset_list.5015, %object
 618              		.size	cfg_memset_list.5015, 54
 619              	cfg_memset_list.5015:
 620 0000 004F0040 		.word	1073762048
 621 0004 0C00     		.short	12
 622 0006 30510040 		.4byte	1073762608
 623 000a 4000     		.short	64
 624 000c C0510040 		.word	1073762752
 625 0010 1000     		.short	16
 626 0012 F0510040 		.4byte	1073762800
 627 0016 1000     		.short	16
 628 0018 00000140 		.word	1073807360
 629 001c 0010     		.short	4096
 630 001e 00140140 		.4byte	1073812480
 631 0022 0008     		.short	2048
 632 0024 00400140 		.word	1073823744
 633 0028 000A     		.short	2560
 634 002a 004C0140 		.4byte	1073826816
 635 002e 0002     		.short	512
 636 0030 00500140 		.word	1073827840
 637 0034 2000     		.short	32
 638              		.text
 639              	.Letext0:
 640              		.file 2 "c:\\program files (x86)\\cypress\\psoc creator\\4.4\\psoc creator\\import\\gnu\\arm\\5.4.
 641              		.file 3 "Generated_Source\\PSoC5\\cytypes.h"
 642              		.file 4 "Generated_Source\\PSoC5\\CyLib.h"
 643              		.section	.debug_info,"",%progbits
 644              	.Ldebug_info0:
 645 0000 24050000 		.4byte	0x524
 646 0004 0400     		.2byte	0x4
 647 0006 00000000 		.4byte	.Ldebug_abbrev0
 648 000a 04       		.byte	0x4
 649 000b 01       		.uleb128 0x1
 650 000c 9F000000 		.4byte	.LASF49
 651 0010 0C       		.byte	0xc
 652 0011 27020000 		.4byte	.LASF50
 653 0015 82020000 		.4byte	.LASF51
 654 0019 00000000 		.4byte	.Ldebug_ranges0+0
 655 001d 00000000 		.4byte	0
 656 0021 00000000 		.4byte	.Ldebug_line0
 657 0025 02       		.uleb128 0x2
 658 0026 04       		.byte	0x4
 659 0027 05       		.byte	0x5
 660 0028 696E7400 		.ascii	"int\000"
ARM GAS  C:\Users\ke\AppData\Local\Temp\ccSQN4mh.s 			page 21


 661 002c 03       		.uleb128 0x3
 662 002d 19000000 		.4byte	.LASF12
 663 0031 02       		.byte	0x2
 664 0032 D8       		.byte	0xd8
 665 0033 37000000 		.4byte	0x37
 666 0037 04       		.uleb128 0x4
 667 0038 04       		.byte	0x4
 668 0039 07       		.byte	0x7
 669 003a CE010000 		.4byte	.LASF0
 670 003e 04       		.uleb128 0x4
 671 003f 08       		.byte	0x8
 672 0040 05       		.byte	0x5
 673 0041 19020000 		.4byte	.LASF1
 674 0045 04       		.uleb128 0x4
 675 0046 08       		.byte	0x8
 676 0047 04       		.byte	0x4
 677 0048 EA020000 		.4byte	.LASF2
 678 004c 04       		.uleb128 0x4
 679 004d 01       		.byte	0x1
 680 004e 06       		.byte	0x6
 681 004f 08030000 		.4byte	.LASF3
 682 0053 04       		.uleb128 0x4
 683 0054 01       		.byte	0x1
 684 0055 08       		.byte	0x8
 685 0056 65010000 		.4byte	.LASF4
 686 005a 04       		.uleb128 0x4
 687 005b 02       		.byte	0x2
 688 005c 05       		.byte	0x5
 689 005d 78020000 		.4byte	.LASF5
 690 0061 04       		.uleb128 0x4
 691 0062 02       		.byte	0x2
 692 0063 07       		.byte	0x7
 693 0064 50000000 		.4byte	.LASF6
 694 0068 04       		.uleb128 0x4
 695 0069 04       		.byte	0x4
 696 006a 05       		.byte	0x5
 697 006b DC020000 		.4byte	.LASF7
 698 006f 04       		.uleb128 0x4
 699 0070 04       		.byte	0x4
 700 0071 07       		.byte	0x7
 701 0072 2D010000 		.4byte	.LASF8
 702 0076 04       		.uleb128 0x4
 703 0077 08       		.byte	0x8
 704 0078 07       		.byte	0x7
 705 0079 E3010000 		.4byte	.LASF9
 706 007d 04       		.uleb128 0x4
 707 007e 04       		.byte	0x4
 708 007f 07       		.byte	0x7
 709 0080 10020000 		.4byte	.LASF10
 710 0084 05       		.uleb128 0x5
 711 0085 04       		.byte	0x4
 712 0086 04       		.uleb128 0x4
 713 0087 01       		.byte	0x1
 714 0088 08       		.byte	0x8
 715 0089 E5020000 		.4byte	.LASF11
 716 008d 06       		.uleb128 0x6
 717 008e 3F010000 		.4byte	.LASF13
ARM GAS  C:\Users\ke\AppData\Local\Temp\ccSQN4mh.s 			page 22


 718 0092 03       		.byte	0x3
 719 0093 E801     		.2byte	0x1e8
 720 0095 53000000 		.4byte	0x53
 721 0099 06       		.uleb128 0x6
 722 009a AB010000 		.4byte	.LASF14
 723 009e 03       		.byte	0x3
 724 009f E901     		.2byte	0x1e9
 725 00a1 61000000 		.4byte	0x61
 726 00a5 06       		.uleb128 0x6
 727 00a6 C7010000 		.4byte	.LASF15
 728 00aa 03       		.byte	0x3
 729 00ab EA01     		.2byte	0x1ea
 730 00ad 6F000000 		.4byte	0x6f
 731 00b1 04       		.uleb128 0x4
 732 00b2 04       		.byte	0x4
 733 00b3 04       		.byte	0x4
 734 00b4 6B000000 		.4byte	.LASF16
 735 00b8 04       		.uleb128 0x4
 736 00b9 08       		.byte	0x8
 737 00ba 04       		.byte	0x4
 738 00bb 7A010000 		.4byte	.LASF17
 739 00bf 06       		.uleb128 0x6
 740 00c0 14000000 		.4byte	.LASF18
 741 00c4 03       		.byte	0x3
 742 00c5 9202     		.2byte	0x292
 743 00c7 CB000000 		.4byte	0xcb
 744 00cb 07       		.uleb128 0x7
 745 00cc 8D000000 		.4byte	0x8d
 746 00d0 06       		.uleb128 0x6
 747 00d1 00000000 		.4byte	.LASF19
 748 00d5 03       		.byte	0x3
 749 00d6 9302     		.2byte	0x293
 750 00d8 DC000000 		.4byte	0xdc
 751 00dc 07       		.uleb128 0x7
 752 00dd 99000000 		.4byte	0x99
 753 00e1 08       		.uleb128 0x8
 754 00e2 02       		.byte	0x2
 755 00e3 01       		.byte	0x1
 756 00e4 98       		.byte	0x98
 757 00e5 02010000 		.4byte	0x102
 758 00e9 09       		.uleb128 0x9
 759 00ea 71020000 		.4byte	.LASF20
 760 00ee 01       		.byte	0x1
 761 00ef 9A       		.byte	0x9a
 762 00f0 8D000000 		.4byte	0x8d
 763 00f4 00       		.byte	0
 764 00f5 09       		.uleb128 0x9
 765 00f6 39000000 		.4byte	.LASF21
 766 00fa 01       		.byte	0x1
 767 00fb 9B       		.byte	0x9b
 768 00fc 8D000000 		.4byte	0x8d
 769 0100 01       		.byte	0x1
 770 0101 00       		.byte	0
 771 0102 03       		.uleb128 0x3
 772 0103 5E020000 		.4byte	.LASF22
 773 0107 01       		.byte	0x1
 774 0108 9C       		.byte	0x9c
ARM GAS  C:\Users\ke\AppData\Local\Temp\ccSQN4mh.s 			page 23


 775 0109 E1000000 		.4byte	0xe1
 776 010d 0A       		.uleb128 0xa
 777 010e 71000000 		.4byte	.LASF52
 778 0112 01       		.byte	0x1
 779 0113 7F       		.byte	0x7f
 780 0114 00000000 		.4byte	.LFB3
 781 0118 02000000 		.4byte	.LFE3-.LFB3
 782 011c 01       		.uleb128 0x1
 783 011d 9C       		.byte	0x9c
 784 011e 30010000 		.4byte	0x130
 785 0122 0B       		.uleb128 0xb
 786 0123 BD010000 		.4byte	.LASF23
 787 0127 01       		.byte	0x1
 788 0128 7F       		.byte	0x7f
 789 0129 8D000000 		.4byte	0x8d
 790 012d 01       		.uleb128 0x1
 791 012e 50       		.byte	0x50
 792 012f 00       		.byte	0
 793 0130 0C       		.uleb128 0xc
 794 0131 81010000 		.4byte	.LASF28
 795 0135 01       		.byte	0x1
 796 0136 BD       		.byte	0xbd
 797 0137 00000000 		.4byte	.LFB4
 798 013b 34000000 		.4byte	.LFE4-.LFB4
 799 013f 01       		.uleb128 0x1
 800 0140 9C       		.byte	0x9c
 801 0141 A2010000 		.4byte	0x1a2
 802 0145 0B       		.uleb128 0xb
 803 0146 A0010000 		.4byte	.LASF24
 804 014a 01       		.byte	0x1
 805 014b BD       		.byte	0xbd
 806 014c A2010000 		.4byte	0x1a2
 807 0150 01       		.uleb128 0x1
 808 0151 50       		.byte	0x50
 809 0152 0B       		.uleb128 0xb
 810 0153 B2010000 		.4byte	.LASF25
 811 0157 01       		.byte	0x1
 812 0158 BD       		.byte	0xbd
 813 0159 AD010000 		.4byte	0x1ad
 814 015d 01       		.uleb128 0x1
 815 015e 51       		.byte	0x51
 816 015f 0D       		.uleb128 0xd
 817 0160 6900     		.ascii	"i\000"
 818 0162 01       		.byte	0x1
 819 0163 C0       		.byte	0xc0
 820 0164 A5000000 		.4byte	0xa5
 821 0168 00000000 		.4byte	.LLST0
 822 016c 0D       		.uleb128 0xd
 823 016d 6A00     		.ascii	"j\000"
 824 016f 01       		.byte	0x1
 825 0170 C0       		.byte	0xc0
 826 0171 A5000000 		.4byte	0xa5
 827 0175 1F000000 		.4byte	.LLST1
 828 0179 0E       		.uleb128 0xe
 829 017a 08000000 		.4byte	.LBB2
 830 017e 22000000 		.4byte	.LBE2-.LBB2
 831 0182 0F       		.uleb128 0xf
ARM GAS  C:\Users\ke\AppData\Local\Temp\ccSQN4mh.s 			page 24


 832 0183 07020000 		.4byte	.LASF26
 833 0187 01       		.byte	0x1
 834 0188 C3       		.byte	0xc3
 835 0189 A5000000 		.4byte	0xa5
 836 018d 3E000000 		.4byte	.LLST2
 837 0191 0F       		.uleb128 0xf
 838 0192 3F000000 		.4byte	.LASF27
 839 0196 01       		.byte	0x1
 840 0197 C4       		.byte	0xc4
 841 0198 8D000000 		.4byte	0x8d
 842 019c 51000000 		.4byte	.LLST3
 843 01a0 00       		.byte	0
 844 01a1 00       		.byte	0
 845 01a2 10       		.uleb128 0x10
 846 01a3 04       		.byte	0x4
 847 01a4 A8010000 		.4byte	0x1a8
 848 01a8 11       		.uleb128 0x11
 849 01a9 A5000000 		.4byte	0xa5
 850 01ad 10       		.uleb128 0x10
 851 01ae 04       		.byte	0x4
 852 01af B3010000 		.4byte	0x1b3
 853 01b3 11       		.uleb128 0x11
 854 01b4 02010000 		.4byte	0x102
 855 01b8 0C       		.uleb128 0xc
 856 01b9 45010000 		.4byte	.LASF29
 857 01bd 01       		.byte	0x1
 858 01be 4D       		.byte	0x4d
 859 01bf 00000000 		.4byte	.LFB0
 860 01c3 0C000000 		.4byte	.LFE0-.LFB0
 861 01c7 01       		.uleb128 0x1
 862 01c8 9C       		.byte	0x9c
 863 01c9 05020000 		.4byte	0x205
 864 01cd 12       		.uleb128 0x12
 865 01ce 7300     		.ascii	"s\000"
 866 01d0 01       		.byte	0x1
 867 01d1 4D       		.byte	0x4d
 868 01d2 84000000 		.4byte	0x84
 869 01d6 6F000000 		.4byte	.LLST4
 870 01da 12       		.uleb128 0x12
 871 01db 6E00     		.ascii	"n\000"
 872 01dd 01       		.byte	0x1
 873 01de 4D       		.byte	0x4d
 874 01df 2C000000 		.4byte	0x2c
 875 01e3 90000000 		.4byte	.LLST5
 876 01e7 13       		.uleb128 0x13
 877 01e8 0A000000 		.4byte	.LVL14
 878 01ec FF040000 		.4byte	0x4ff
 879 01f0 14       		.uleb128 0x14
 880 01f1 01       		.uleb128 0x1
 881 01f2 50       		.byte	0x50
 882 01f3 03       		.uleb128 0x3
 883 01f4 F3       		.byte	0xf3
 884 01f5 01       		.uleb128 0x1
 885 01f6 50       		.byte	0x50
 886 01f7 14       		.uleb128 0x14
 887 01f8 01       		.uleb128 0x1
 888 01f9 51       		.byte	0x51
ARM GAS  C:\Users\ke\AppData\Local\Temp\ccSQN4mh.s 			page 25


 889 01fa 01       		.uleb128 0x1
 890 01fb 30       		.byte	0x30
 891 01fc 14       		.uleb128 0x14
 892 01fd 01       		.uleb128 0x1
 893 01fe 52       		.byte	0x52
 894 01ff 03       		.uleb128 0x3
 895 0200 F3       		.byte	0xf3
 896 0201 01       		.uleb128 0x1
 897 0202 51       		.byte	0x51
 898 0203 00       		.byte	0
 899 0204 00       		.byte	0
 900 0205 15       		.uleb128 0x15
 901 0206 20000000 		.4byte	.LASF30
 902 020a 01       		.byte	0x1
 903 020b 2901     		.2byte	0x129
 904 020d 00000000 		.4byte	.LFB6
 905 0211 74000000 		.4byte	.LFE6-.LFB6
 906 0215 01       		.uleb128 0x1
 907 0216 9C       		.byte	0x9c
 908 0217 5B020000 		.4byte	0x25b
 909 021b 16       		.uleb128 0x16
 910 021c F6020000 		.4byte	.LASF31
 911 0220 01       		.byte	0x1
 912 0221 2B01     		.2byte	0x12b
 913 0223 8D000000 		.4byte	0x8d
 914 0227 BC000000 		.4byte	.LLST6
 915 022b 17       		.uleb128 0x17
 916 022c 63723400 		.ascii	"cr4\000"
 917 0230 01       		.byte	0x1
 918 0231 2C01     		.2byte	0x12c
 919 0233 8D000000 		.4byte	0x8d
 920 0237 CF000000 		.4byte	.LLST7
 921 023b 17       		.uleb128 0x17
 922 023c 63723500 		.ascii	"cr5\000"
 923 0240 01       		.byte	0x1
 924 0241 2D01     		.2byte	0x12d
 925 0243 8D000000 		.4byte	0x8d
 926 0247 E2000000 		.4byte	.LLST8
 927 024b 13       		.uleb128 0x13
 928 024c 54000000 		.4byte	.LVL19
 929 0250 08050000 		.4byte	0x508
 930 0254 14       		.uleb128 0x14
 931 0255 01       		.uleb128 0x1
 932 0256 50       		.byte	0x50
 933 0257 01       		.uleb128 0x1
 934 0258 3A       		.byte	0x3a
 935 0259 00       		.byte	0
 936 025a 00       		.byte	0
 937 025b 0C       		.uleb128 0xc
 938 025c 1D030000 		.4byte	.LASF32
 939 0260 01       		.byte	0x1
 940 0261 54       		.byte	0x54
 941 0262 00000000 		.4byte	.LFB1
 942 0266 08000000 		.4byte	.LFE1-.LFB1
 943 026a 01       		.uleb128 0x1
 944 026b 9C       		.byte	0x9c
 945 026c BB020000 		.4byte	0x2bb
ARM GAS  C:\Users\ke\AppData\Local\Temp\ccSQN4mh.s 			page 26


 946 0270 18       		.uleb128 0x18
 947 0271 85000000 		.4byte	.LASF33
 948 0275 01       		.byte	0x1
 949 0276 54       		.byte	0x54
 950 0277 84000000 		.4byte	0x84
 951 027b F5000000 		.4byte	.LLST9
 952 027f 12       		.uleb128 0x12
 953 0280 73726300 		.ascii	"src\000"
 954 0284 01       		.byte	0x1
 955 0285 54       		.byte	0x54
 956 0286 BB020000 		.4byte	0x2bb
 957 028a 16010000 		.4byte	.LLST10
 958 028e 12       		.uleb128 0x12
 959 028f 6E00     		.ascii	"n\000"
 960 0291 01       		.byte	0x1
 961 0292 54       		.byte	0x54
 962 0293 2C000000 		.4byte	0x2c
 963 0297 37010000 		.4byte	.LLST11
 964 029b 13       		.uleb128 0x13
 965 029c 06000000 		.4byte	.LVL22
 966 02a0 13050000 		.4byte	0x513
 967 02a4 14       		.uleb128 0x14
 968 02a5 01       		.uleb128 0x1
 969 02a6 50       		.byte	0x50
 970 02a7 03       		.uleb128 0x3
 971 02a8 F3       		.byte	0xf3
 972 02a9 01       		.uleb128 0x1
 973 02aa 50       		.byte	0x50
 974 02ab 14       		.uleb128 0x14
 975 02ac 01       		.uleb128 0x1
 976 02ad 51       		.byte	0x51
 977 02ae 03       		.uleb128 0x3
 978 02af F3       		.byte	0xf3
 979 02b0 01       		.uleb128 0x1
 980 02b1 51       		.byte	0x51
 981 02b2 14       		.uleb128 0x14
 982 02b3 01       		.uleb128 0x1
 983 02b4 52       		.byte	0x52
 984 02b5 03       		.uleb128 0x3
 985 02b6 F3       		.byte	0xf3
 986 02b7 01       		.uleb128 0x1
 987 02b8 52       		.byte	0x52
 988 02b9 00       		.byte	0
 989 02ba 00       		.byte	0
 990 02bb 10       		.uleb128 0x10
 991 02bc 04       		.byte	0x4
 992 02bd C1020000 		.4byte	0x2c1
 993 02c1 19       		.uleb128 0x19
 994 02c2 0C       		.uleb128 0xc
 995 02c3 45000000 		.4byte	.LASF34
 996 02c7 01       		.byte	0x1
 997 02c8 E0       		.byte	0xe0
 998 02c9 00000000 		.4byte	.LFB5
 999 02cd F4000000 		.4byte	.LFE5-.LFB5
 1000 02d1 01       		.uleb128 0x1
 1001 02d2 9C       		.byte	0x9c
 1002 02d3 3F030000 		.4byte	0x33f
ARM GAS  C:\Users\ke\AppData\Local\Temp\ccSQN4mh.s 			page 27


 1003 02d7 0F       		.uleb128 0xf
 1004 02d8 31000000 		.4byte	.LASF35
 1005 02dc 01       		.byte	0x1
 1006 02dd E2       		.byte	0xe2
 1007 02de A5000000 		.4byte	0xa5
 1008 02e2 58010000 		.4byte	.LLST12
 1009 02e6 0F       		.uleb128 0xf
 1010 02e7 63000000 		.4byte	.LASF36
 1011 02eb 01       		.byte	0x1
 1012 02ec E3       		.byte	0xe3
 1013 02ed 8D000000 		.4byte	0x8d
 1014 02f1 77010000 		.4byte	.LLST13
 1015 02f5 1A       		.uleb128 0x1a
 1016 02f6 28000000 		.4byte	.LVL23
 1017 02fa 5B020000 		.4byte	0x25b
 1018 02fe 1A030000 		.4byte	0x31a
 1019 0302 14       		.uleb128 0x14
 1020 0303 01       		.uleb128 0x1
 1021 0304 50       		.byte	0x50
 1022 0305 05       		.uleb128 0x5
 1023 0306 0C       		.byte	0xc
 1024 0307 00410040 		.4byte	0x40004100
 1025 030b 14       		.uleb128 0x14
 1026 030c 01       		.uleb128 0x1
 1027 030d 51       		.byte	0x51
 1028 030e 05       		.uleb128 0x5
 1029 030f 0C       		.byte	0xc
 1030 0310 BC010048 		.4byte	0x480001bc
 1031 0314 14       		.uleb128 0x14
 1032 0315 01       		.uleb128 0x1
 1033 0316 52       		.byte	0x52
 1034 0317 01       		.uleb128 0x1
 1035 0318 34       		.byte	0x34
 1036 0319 00       		.byte	0
 1037 031a 1A       		.uleb128 0x1a
 1038 031b 70000000 		.4byte	.LVL28
 1039 031f 1C050000 		.4byte	0x51c
 1040 0323 2F030000 		.4byte	0x32f
 1041 0327 14       		.uleb128 0x14
 1042 0328 01       		.uleb128 0x1
 1043 0329 50       		.byte	0x50
 1044 032a 03       		.uleb128 0x3
 1045 032b 0A       		.byte	0xa
 1046 032c E001     		.2byte	0x1e0
 1047 032e 00       		.byte	0
 1048 032f 13       		.uleb128 0x13
 1049 0330 80000000 		.4byte	.LVL30
 1050 0334 0D010000 		.4byte	0x10d
 1051 0338 14       		.uleb128 0x14
 1052 0339 01       		.uleb128 0x1
 1053 033a 50       		.byte	0x50
 1054 033b 01       		.uleb128 0x1
 1055 033c 33       		.byte	0x33
 1056 033d 00       		.byte	0
 1057 033e 00       		.byte	0
 1058 033f 1B       		.uleb128 0x1b
 1059 0340 4F010000 		.4byte	.LASF39
ARM GAS  C:\Users\ke\AppData\Local\Temp\ccSQN4mh.s 			page 28


 1060 0344 01       		.byte	0x1
 1061 0345 5001     		.2byte	0x150
 1062 0347 00000000 		.4byte	.LFB7
 1063 034b 1C000000 		.4byte	.LFE7-.LFB7
 1064 034f 01       		.uleb128 0x1
 1065 0350 9C       		.byte	0x9c
 1066 0351 72030000 		.4byte	0x372
 1067 0355 1C       		.uleb128 0x1c
 1068 0356 D4020000 		.4byte	.LASF37
 1069 035a 01       		.byte	0x1
 1070 035b 5001     		.2byte	0x150
 1071 035d 8D000000 		.4byte	0x8d
 1072 0361 01       		.uleb128 0x1
 1073 0362 50       		.byte	0x50
 1074 0363 1D       		.uleb128 0x1d
 1075 0364 14030000 		.4byte	.LASF38
 1076 0368 01       		.byte	0x1
 1077 0369 5201     		.2byte	0x152
 1078 036b 8D000000 		.4byte	0x8d
 1079 036f 01       		.uleb128 0x1
 1080 0370 53       		.byte	0x53
 1081 0371 00       		.byte	0
 1082 0372 1B       		.uleb128 0x1b
 1083 0373 93010000 		.4byte	.LASF40
 1084 0377 01       		.byte	0x1
 1085 0378 7201     		.2byte	0x172
 1086 037a 00000000 		.4byte	.LFB8
 1087 037e F0000000 		.4byte	.LFE8-.LFB8
 1088 0382 01       		.uleb128 0x1
 1089 0383 9C       		.byte	0x9c
 1090 0384 FF040000 		.4byte	0x4ff
 1091 0388 1E       		.uleb128 0x1e
 1092 0389 0E000000 		.4byte	.LBB3
 1093 038d 58000000 		.4byte	.LBE3-.LBB3
 1094 0391 5F040000 		.4byte	0x45f
 1095 0395 1F       		.uleb128 0x1f
 1096 0396 06       		.byte	0x6
 1097 0397 01       		.byte	0x1
 1098 0398 7E01     		.2byte	0x17e
 1099 039a B9030000 		.4byte	0x3b9
 1100 039e 20       		.uleb128 0x20
 1101 039f DB010000 		.4byte	.LASF41
 1102 03a3 01       		.byte	0x1
 1103 03a4 7F01     		.2byte	0x17f
 1104 03a6 84000000 		.4byte	0x84
 1105 03aa 00       		.byte	0
 1106 03ab 20       		.uleb128 0x20
 1107 03ac 9A000000 		.4byte	.LASF42
 1108 03b0 01       		.byte	0x1
 1109 03b1 8001     		.2byte	0x180
 1110 03b3 99000000 		.4byte	0x99
 1111 03b7 04       		.byte	0x4
 1112 03b8 00       		.byte	0
 1113 03b9 06       		.uleb128 0x6
 1114 03ba FA010000 		.4byte	.LASF43
 1115 03be 01       		.byte	0x1
 1116 03bf 8101     		.2byte	0x181
ARM GAS  C:\Users\ke\AppData\Local\Temp\ccSQN4mh.s 			page 29


 1117 03c1 95030000 		.4byte	0x395
 1118 03c5 21       		.uleb128 0x21
 1119 03c6 D5030000 		.4byte	0x3d5
 1120 03ca D5030000 		.4byte	0x3d5
 1121 03ce 22       		.uleb128 0x22
 1122 03cf 7D000000 		.4byte	0x7d
 1123 03d3 08       		.byte	0x8
 1124 03d4 00       		.byte	0
 1125 03d5 11       		.uleb128 0x11
 1126 03d6 B9030000 		.4byte	0x3b9
 1127 03da 1D       		.uleb128 0x1d
 1128 03db 8A000000 		.4byte	.LASF44
 1129 03df 01       		.byte	0x1
 1130 03e0 8301     		.2byte	0x183
 1131 03e2 EC030000 		.4byte	0x3ec
 1132 03e6 05       		.uleb128 0x5
 1133 03e7 03       		.byte	0x3
 1134 03e8 00000000 		.4byte	cfg_memset_list.5015
 1135 03ec 11       		.uleb128 0x11
 1136 03ed C5030000 		.4byte	0x3c5
 1137 03f1 17       		.uleb128 0x17
 1138 03f2 6900     		.ascii	"i\000"
 1139 03f4 01       		.byte	0x1
 1140 03f5 9001     		.2byte	0x190
 1141 03f7 8D000000 		.4byte	0x8d
 1142 03fb A1010000 		.4byte	.LLST14
 1143 03ff 1E       		.uleb128 0x1e
 1144 0400 12000000 		.4byte	.LBB4
 1145 0404 16000000 		.4byte	.LBE4-.LBB4
 1146 0408 44040000 		.4byte	0x444
 1147 040c 17       		.uleb128 0x17
 1148 040d 6D7300   		.ascii	"ms\000"
 1149 0410 01       		.byte	0x1
 1150 0411 9501     		.2byte	0x195
 1151 0413 1B040000 		.4byte	0x41b
 1152 0417 CB010000 		.4byte	.LLST15
 1153 041b 10       		.uleb128 0x10
 1154 041c 04       		.byte	0x4
 1155 041d D5030000 		.4byte	0x3d5
 1156 0421 13       		.uleb128 0x13
 1157 0422 28000000 		.4byte	.LVL38
 1158 0426 B8010000 		.4byte	0x1b8
 1159 042a 14       		.uleb128 0x14
 1160 042b 01       		.uleb128 0x1
 1161 042c 51       		.byte	0x51
 1162 042d 14       		.uleb128 0x14
 1163 042e 74       		.byte	0x74
 1164 042f 00       		.sleb128 0
 1165 0430 31       		.byte	0x31
 1166 0431 24       		.byte	0x24
 1167 0432 74       		.byte	0x74
 1168 0433 00       		.sleb128 0
 1169 0434 22       		.byte	0x22
 1170 0435 31       		.byte	0x31
 1171 0436 24       		.byte	0x24
 1172 0437 75       		.byte	0x75
 1173 0438 00       		.sleb128 0
ARM GAS  C:\Users\ke\AppData\Local\Temp\ccSQN4mh.s 			page 30


 1174 0439 22       		.byte	0x22
 1175 043a 23       		.byte	0x23
 1176 043b 04       		.uleb128 0x4
 1177 043c 94       		.byte	0x94
 1178 043d 02       		.byte	0x2
 1179 043e 0A       		.byte	0xa
 1180 043f FFFF     		.2byte	0xffff
 1181 0441 1A       		.byte	0x1a
 1182 0442 00       		.byte	0
 1183 0443 00       		.byte	0
 1184 0444 13       		.uleb128 0x13
 1185 0445 3A000000 		.4byte	.LVL41
 1186 0449 30010000 		.4byte	0x130
 1187 044d 14       		.uleb128 0x14
 1188 044e 01       		.uleb128 0x1
 1189 044f 50       		.byte	0x50
 1190 0450 03       		.uleb128 0x3
 1191 0451 42       		.byte	0x42
 1192 0452 4A       		.byte	0x4a
 1193 0453 24       		.byte	0x24
 1194 0454 14       		.uleb128 0x14
 1195 0455 01       		.uleb128 0x1
 1196 0456 51       		.byte	0x51
 1197 0457 05       		.uleb128 0x5
 1198 0458 0C       		.byte	0xc
 1199 0459 60000048 		.4byte	0x48000060
 1200 045d 00       		.byte	0
 1201 045e 00       		.byte	0
 1202 045f 1A       		.uleb128 0x1a
 1203 0460 70000000 		.4byte	.LVL43
 1204 0464 5B020000 		.4byte	0x25b
 1205 0468 84040000 		.4byte	0x484
 1206 046c 14       		.uleb128 0x14
 1207 046d 01       		.uleb128 0x1
 1208 046e 50       		.byte	0x50
 1209 046f 05       		.uleb128 0x5
 1210 0470 0C       		.byte	0xc
 1211 0471 02510040 		.4byte	0x40005102
 1212 0475 14       		.uleb128 0x14
 1213 0476 01       		.uleb128 0x1
 1214 0477 51       		.byte	0x51
 1215 0478 05       		.uleb128 0x5
 1216 0479 0C       		.byte	0xc
 1217 047a A0010048 		.4byte	0x480001a0
 1218 047e 14       		.uleb128 0x14
 1219 047f 01       		.uleb128 0x1
 1220 0480 52       		.byte	0x52
 1221 0481 01       		.uleb128 0x1
 1222 0482 38       		.byte	0x38
 1223 0483 00       		.byte	0
 1224 0484 1A       		.uleb128 0x1a
 1225 0485 7A000000 		.4byte	.LVL44
 1226 0489 5B020000 		.4byte	0x25b
 1227 048d A9040000 		.4byte	0x4a9
 1228 0491 14       		.uleb128 0x14
 1229 0492 01       		.uleb128 0x1
 1230 0493 50       		.byte	0x50
ARM GAS  C:\Users\ke\AppData\Local\Temp\ccSQN4mh.s 			page 31


 1231 0494 05       		.uleb128 0x5
 1232 0495 0C       		.byte	0xc
 1233 0496 12510040 		.4byte	0x40005112
 1234 049a 14       		.uleb128 0x14
 1235 049b 01       		.uleb128 0x1
 1236 049c 51       		.byte	0x51
 1237 049d 05       		.uleb128 0x5
 1238 049e 0C       		.byte	0xc
 1239 049f A8010048 		.4byte	0x480001a8
 1240 04a3 14       		.uleb128 0x14
 1241 04a4 01       		.uleb128 0x1
 1242 04a5 52       		.byte	0x52
 1243 04a6 01       		.uleb128 0x1
 1244 04a7 38       		.byte	0x38
 1245 04a8 00       		.byte	0
 1246 04a9 1A       		.uleb128 0x1a
 1247 04aa 84000000 		.4byte	.LVL45
 1248 04ae 5B020000 		.4byte	0x25b
 1249 04b2 CE040000 		.4byte	0x4ce
 1250 04b6 14       		.uleb128 0x14
 1251 04b7 01       		.uleb128 0x1
 1252 04b8 50       		.byte	0x50
 1253 04b9 05       		.uleb128 0x5
 1254 04ba 0C       		.byte	0xc
 1255 04bb 20510040 		.4byte	0x40005120
 1256 04bf 14       		.uleb128 0x14
 1257 04c0 01       		.uleb128 0x1
 1258 04c1 51       		.byte	0x51
 1259 04c2 05       		.uleb128 0x5
 1260 04c3 0C       		.byte	0xc
 1261 04c4 B0010048 		.4byte	0x480001b0
 1262 04c8 14       		.uleb128 0x14
 1263 04c9 01       		.uleb128 0x1
 1264 04ca 52       		.byte	0x52
 1265 04cb 01       		.uleb128 0x1
 1266 04cc 3A       		.byte	0x3a
 1267 04cd 00       		.byte	0
 1268 04ce 23       		.uleb128 0x23
 1269 04cf 98000000 		.4byte	.LVL46
 1270 04d3 C2020000 		.4byte	0x2c2
 1271 04d7 23       		.uleb128 0x23
 1272 04d8 A6000000 		.4byte	.LVL47
 1273 04dc 05020000 		.4byte	0x205
 1274 04e0 13       		.uleb128 0x13
 1275 04e1 B0000000 		.4byte	.LVL48
 1276 04e5 5B020000 		.4byte	0x25b
 1277 04e9 14       		.uleb128 0x14
 1278 04ea 01       		.uleb128 0x1
 1279 04eb 50       		.byte	0x50
 1280 04ec 05       		.uleb128 0x5
 1281 04ed 0C       		.byte	0xc
 1282 04ee B0430040 		.4byte	0x400043b0
 1283 04f2 14       		.uleb128 0x14
 1284 04f3 01       		.uleb128 0x1
 1285 04f4 51       		.byte	0x51
 1286 04f5 02       		.uleb128 0x2
 1287 04f6 74       		.byte	0x74
ARM GAS  C:\Users\ke\AppData\Local\Temp\ccSQN4mh.s 			page 32


 1288 04f7 00       		.sleb128 0
 1289 04f8 14       		.uleb128 0x14
 1290 04f9 01       		.uleb128 0x1
 1291 04fa 52       		.byte	0x52
 1292 04fb 01       		.uleb128 0x1
 1293 04fc 3E       		.byte	0x3e
 1294 04fd 00       		.byte	0
 1295 04fe 00       		.byte	0
 1296 04ff 24       		.uleb128 0x24
 1297 0500 73010000 		.4byte	.LASF45
 1298 0504 73010000 		.4byte	.LASF45
 1299 0508 25       		.uleb128 0x25
 1300 0509 4D020000 		.4byte	.LASF47
 1301 050d 4D020000 		.4byte	.LASF47
 1302 0511 04       		.byte	0x4
 1303 0512 77       		.byte	0x77
 1304 0513 24       		.uleb128 0x24
 1305 0514 57020000 		.4byte	.LASF46
 1306 0518 57020000 		.4byte	.LASF46
 1307 051c 25       		.uleb128 0x25
 1308 051d 06000000 		.4byte	.LASF48
 1309 0521 06000000 		.4byte	.LASF48
 1310 0525 04       		.byte	0x4
 1311 0526 79       		.byte	0x79
 1312 0527 00       		.byte	0
 1313              		.section	.debug_abbrev,"",%progbits
 1314              	.Ldebug_abbrev0:
 1315 0000 01       		.uleb128 0x1
 1316 0001 11       		.uleb128 0x11
 1317 0002 01       		.byte	0x1
 1318 0003 25       		.uleb128 0x25
 1319 0004 0E       		.uleb128 0xe
 1320 0005 13       		.uleb128 0x13
 1321 0006 0B       		.uleb128 0xb
 1322 0007 03       		.uleb128 0x3
 1323 0008 0E       		.uleb128 0xe
 1324 0009 1B       		.uleb128 0x1b
 1325 000a 0E       		.uleb128 0xe
 1326 000b 55       		.uleb128 0x55
 1327 000c 17       		.uleb128 0x17
 1328 000d 11       		.uleb128 0x11
 1329 000e 01       		.uleb128 0x1
 1330 000f 10       		.uleb128 0x10
 1331 0010 17       		.uleb128 0x17
 1332 0011 00       		.byte	0
 1333 0012 00       		.byte	0
 1334 0013 02       		.uleb128 0x2
 1335 0014 24       		.uleb128 0x24
 1336 0015 00       		.byte	0
 1337 0016 0B       		.uleb128 0xb
 1338 0017 0B       		.uleb128 0xb
 1339 0018 3E       		.uleb128 0x3e
 1340 0019 0B       		.uleb128 0xb
 1341 001a 03       		.uleb128 0x3
 1342 001b 08       		.uleb128 0x8
 1343 001c 00       		.byte	0
 1344 001d 00       		.byte	0
ARM GAS  C:\Users\ke\AppData\Local\Temp\ccSQN4mh.s 			page 33


 1345 001e 03       		.uleb128 0x3
 1346 001f 16       		.uleb128 0x16
 1347 0020 00       		.byte	0
 1348 0021 03       		.uleb128 0x3
 1349 0022 0E       		.uleb128 0xe
 1350 0023 3A       		.uleb128 0x3a
 1351 0024 0B       		.uleb128 0xb
 1352 0025 3B       		.uleb128 0x3b
 1353 0026 0B       		.uleb128 0xb
 1354 0027 49       		.uleb128 0x49
 1355 0028 13       		.uleb128 0x13
 1356 0029 00       		.byte	0
 1357 002a 00       		.byte	0
 1358 002b 04       		.uleb128 0x4
 1359 002c 24       		.uleb128 0x24
 1360 002d 00       		.byte	0
 1361 002e 0B       		.uleb128 0xb
 1362 002f 0B       		.uleb128 0xb
 1363 0030 3E       		.uleb128 0x3e
 1364 0031 0B       		.uleb128 0xb
 1365 0032 03       		.uleb128 0x3
 1366 0033 0E       		.uleb128 0xe
 1367 0034 00       		.byte	0
 1368 0035 00       		.byte	0
 1369 0036 05       		.uleb128 0x5
 1370 0037 0F       		.uleb128 0xf
 1371 0038 00       		.byte	0
 1372 0039 0B       		.uleb128 0xb
 1373 003a 0B       		.uleb128 0xb
 1374 003b 00       		.byte	0
 1375 003c 00       		.byte	0
 1376 003d 06       		.uleb128 0x6
 1377 003e 16       		.uleb128 0x16
 1378 003f 00       		.byte	0
 1379 0040 03       		.uleb128 0x3
 1380 0041 0E       		.uleb128 0xe
 1381 0042 3A       		.uleb128 0x3a
 1382 0043 0B       		.uleb128 0xb
 1383 0044 3B       		.uleb128 0x3b
 1384 0045 05       		.uleb128 0x5
 1385 0046 49       		.uleb128 0x49
 1386 0047 13       		.uleb128 0x13
 1387 0048 00       		.byte	0
 1388 0049 00       		.byte	0
 1389 004a 07       		.uleb128 0x7
 1390 004b 35       		.uleb128 0x35
 1391 004c 00       		.byte	0
 1392 004d 49       		.uleb128 0x49
 1393 004e 13       		.uleb128 0x13
 1394 004f 00       		.byte	0
 1395 0050 00       		.byte	0
 1396 0051 08       		.uleb128 0x8
 1397 0052 13       		.uleb128 0x13
 1398 0053 01       		.byte	0x1
 1399 0054 0B       		.uleb128 0xb
 1400 0055 0B       		.uleb128 0xb
 1401 0056 3A       		.uleb128 0x3a
ARM GAS  C:\Users\ke\AppData\Local\Temp\ccSQN4mh.s 			page 34


 1402 0057 0B       		.uleb128 0xb
 1403 0058 3B       		.uleb128 0x3b
 1404 0059 0B       		.uleb128 0xb
 1405 005a 01       		.uleb128 0x1
 1406 005b 13       		.uleb128 0x13
 1407 005c 00       		.byte	0
 1408 005d 00       		.byte	0
 1409 005e 09       		.uleb128 0x9
 1410 005f 0D       		.uleb128 0xd
 1411 0060 00       		.byte	0
 1412 0061 03       		.uleb128 0x3
 1413 0062 0E       		.uleb128 0xe
 1414 0063 3A       		.uleb128 0x3a
 1415 0064 0B       		.uleb128 0xb
 1416 0065 3B       		.uleb128 0x3b
 1417 0066 0B       		.uleb128 0xb
 1418 0067 49       		.uleb128 0x49
 1419 0068 13       		.uleb128 0x13
 1420 0069 38       		.uleb128 0x38
 1421 006a 0B       		.uleb128 0xb
 1422 006b 00       		.byte	0
 1423 006c 00       		.byte	0
 1424 006d 0A       		.uleb128 0xa
 1425 006e 2E       		.uleb128 0x2e
 1426 006f 01       		.byte	0x1
 1427 0070 03       		.uleb128 0x3
 1428 0071 0E       		.uleb128 0xe
 1429 0072 3A       		.uleb128 0x3a
 1430 0073 0B       		.uleb128 0xb
 1431 0074 3B       		.uleb128 0x3b
 1432 0075 0B       		.uleb128 0xb
 1433 0076 27       		.uleb128 0x27
 1434 0077 19       		.uleb128 0x19
 1435 0078 8701     		.uleb128 0x87
 1436 007a 19       		.uleb128 0x19
 1437 007b 11       		.uleb128 0x11
 1438 007c 01       		.uleb128 0x1
 1439 007d 12       		.uleb128 0x12
 1440 007e 06       		.uleb128 0x6
 1441 007f 40       		.uleb128 0x40
 1442 0080 18       		.uleb128 0x18
 1443 0081 9742     		.uleb128 0x2117
 1444 0083 19       		.uleb128 0x19
 1445 0084 01       		.uleb128 0x1
 1446 0085 13       		.uleb128 0x13
 1447 0086 00       		.byte	0
 1448 0087 00       		.byte	0
 1449 0088 0B       		.uleb128 0xb
 1450 0089 05       		.uleb128 0x5
 1451 008a 00       		.byte	0
 1452 008b 03       		.uleb128 0x3
 1453 008c 0E       		.uleb128 0xe
 1454 008d 3A       		.uleb128 0x3a
 1455 008e 0B       		.uleb128 0xb
 1456 008f 3B       		.uleb128 0x3b
 1457 0090 0B       		.uleb128 0xb
 1458 0091 49       		.uleb128 0x49
ARM GAS  C:\Users\ke\AppData\Local\Temp\ccSQN4mh.s 			page 35


 1459 0092 13       		.uleb128 0x13
 1460 0093 02       		.uleb128 0x2
 1461 0094 18       		.uleb128 0x18
 1462 0095 00       		.byte	0
 1463 0096 00       		.byte	0
 1464 0097 0C       		.uleb128 0xc
 1465 0098 2E       		.uleb128 0x2e
 1466 0099 01       		.byte	0x1
 1467 009a 03       		.uleb128 0x3
 1468 009b 0E       		.uleb128 0xe
 1469 009c 3A       		.uleb128 0x3a
 1470 009d 0B       		.uleb128 0xb
 1471 009e 3B       		.uleb128 0x3b
 1472 009f 0B       		.uleb128 0xb
 1473 00a0 27       		.uleb128 0x27
 1474 00a1 19       		.uleb128 0x19
 1475 00a2 11       		.uleb128 0x11
 1476 00a3 01       		.uleb128 0x1
 1477 00a4 12       		.uleb128 0x12
 1478 00a5 06       		.uleb128 0x6
 1479 00a6 40       		.uleb128 0x40
 1480 00a7 18       		.uleb128 0x18
 1481 00a8 9742     		.uleb128 0x2117
 1482 00aa 19       		.uleb128 0x19
 1483 00ab 01       		.uleb128 0x1
 1484 00ac 13       		.uleb128 0x13
 1485 00ad 00       		.byte	0
 1486 00ae 00       		.byte	0
 1487 00af 0D       		.uleb128 0xd
 1488 00b0 34       		.uleb128 0x34
 1489 00b1 00       		.byte	0
 1490 00b2 03       		.uleb128 0x3
 1491 00b3 08       		.uleb128 0x8
 1492 00b4 3A       		.uleb128 0x3a
 1493 00b5 0B       		.uleb128 0xb
 1494 00b6 3B       		.uleb128 0x3b
 1495 00b7 0B       		.uleb128 0xb
 1496 00b8 49       		.uleb128 0x49
 1497 00b9 13       		.uleb128 0x13
 1498 00ba 02       		.uleb128 0x2
 1499 00bb 17       		.uleb128 0x17
 1500 00bc 00       		.byte	0
 1501 00bd 00       		.byte	0
 1502 00be 0E       		.uleb128 0xe
 1503 00bf 0B       		.uleb128 0xb
 1504 00c0 01       		.byte	0x1
 1505 00c1 11       		.uleb128 0x11
 1506 00c2 01       		.uleb128 0x1
 1507 00c3 12       		.uleb128 0x12
 1508 00c4 06       		.uleb128 0x6
 1509 00c5 00       		.byte	0
 1510 00c6 00       		.byte	0
 1511 00c7 0F       		.uleb128 0xf
 1512 00c8 34       		.uleb128 0x34
 1513 00c9 00       		.byte	0
 1514 00ca 03       		.uleb128 0x3
 1515 00cb 0E       		.uleb128 0xe
ARM GAS  C:\Users\ke\AppData\Local\Temp\ccSQN4mh.s 			page 36


 1516 00cc 3A       		.uleb128 0x3a
 1517 00cd 0B       		.uleb128 0xb
 1518 00ce 3B       		.uleb128 0x3b
 1519 00cf 0B       		.uleb128 0xb
 1520 00d0 49       		.uleb128 0x49
 1521 00d1 13       		.uleb128 0x13
 1522 00d2 02       		.uleb128 0x2
 1523 00d3 17       		.uleb128 0x17
 1524 00d4 00       		.byte	0
 1525 00d5 00       		.byte	0
 1526 00d6 10       		.uleb128 0x10
 1527 00d7 0F       		.uleb128 0xf
 1528 00d8 00       		.byte	0
 1529 00d9 0B       		.uleb128 0xb
 1530 00da 0B       		.uleb128 0xb
 1531 00db 49       		.uleb128 0x49
 1532 00dc 13       		.uleb128 0x13
 1533 00dd 00       		.byte	0
 1534 00de 00       		.byte	0
 1535 00df 11       		.uleb128 0x11
 1536 00e0 26       		.uleb128 0x26
 1537 00e1 00       		.byte	0
 1538 00e2 49       		.uleb128 0x49
 1539 00e3 13       		.uleb128 0x13
 1540 00e4 00       		.byte	0
 1541 00e5 00       		.byte	0
 1542 00e6 12       		.uleb128 0x12
 1543 00e7 05       		.uleb128 0x5
 1544 00e8 00       		.byte	0
 1545 00e9 03       		.uleb128 0x3
 1546 00ea 08       		.uleb128 0x8
 1547 00eb 3A       		.uleb128 0x3a
 1548 00ec 0B       		.uleb128 0xb
 1549 00ed 3B       		.uleb128 0x3b
 1550 00ee 0B       		.uleb128 0xb
 1551 00ef 49       		.uleb128 0x49
 1552 00f0 13       		.uleb128 0x13
 1553 00f1 02       		.uleb128 0x2
 1554 00f2 17       		.uleb128 0x17
 1555 00f3 00       		.byte	0
 1556 00f4 00       		.byte	0
 1557 00f5 13       		.uleb128 0x13
 1558 00f6 898201   		.uleb128 0x4109
 1559 00f9 01       		.byte	0x1
 1560 00fa 11       		.uleb128 0x11
 1561 00fb 01       		.uleb128 0x1
 1562 00fc 31       		.uleb128 0x31
 1563 00fd 13       		.uleb128 0x13
 1564 00fe 00       		.byte	0
 1565 00ff 00       		.byte	0
 1566 0100 14       		.uleb128 0x14
 1567 0101 8A8201   		.uleb128 0x410a
 1568 0104 00       		.byte	0
 1569 0105 02       		.uleb128 0x2
 1570 0106 18       		.uleb128 0x18
 1571 0107 9142     		.uleb128 0x2111
 1572 0109 18       		.uleb128 0x18
ARM GAS  C:\Users\ke\AppData\Local\Temp\ccSQN4mh.s 			page 37


 1573 010a 00       		.byte	0
 1574 010b 00       		.byte	0
 1575 010c 15       		.uleb128 0x15
 1576 010d 2E       		.uleb128 0x2e
 1577 010e 01       		.byte	0x1
 1578 010f 03       		.uleb128 0x3
 1579 0110 0E       		.uleb128 0xe
 1580 0111 3A       		.uleb128 0x3a
 1581 0112 0B       		.uleb128 0xb
 1582 0113 3B       		.uleb128 0x3b
 1583 0114 05       		.uleb128 0x5
 1584 0115 27       		.uleb128 0x27
 1585 0116 19       		.uleb128 0x19
 1586 0117 11       		.uleb128 0x11
 1587 0118 01       		.uleb128 0x1
 1588 0119 12       		.uleb128 0x12
 1589 011a 06       		.uleb128 0x6
 1590 011b 40       		.uleb128 0x40
 1591 011c 18       		.uleb128 0x18
 1592 011d 9742     		.uleb128 0x2117
 1593 011f 19       		.uleb128 0x19
 1594 0120 01       		.uleb128 0x1
 1595 0121 13       		.uleb128 0x13
 1596 0122 00       		.byte	0
 1597 0123 00       		.byte	0
 1598 0124 16       		.uleb128 0x16
 1599 0125 34       		.uleb128 0x34
 1600 0126 00       		.byte	0
 1601 0127 03       		.uleb128 0x3
 1602 0128 0E       		.uleb128 0xe
 1603 0129 3A       		.uleb128 0x3a
 1604 012a 0B       		.uleb128 0xb
 1605 012b 3B       		.uleb128 0x3b
 1606 012c 05       		.uleb128 0x5
 1607 012d 49       		.uleb128 0x49
 1608 012e 13       		.uleb128 0x13
 1609 012f 02       		.uleb128 0x2
 1610 0130 17       		.uleb128 0x17
 1611 0131 00       		.byte	0
 1612 0132 00       		.byte	0
 1613 0133 17       		.uleb128 0x17
 1614 0134 34       		.uleb128 0x34
 1615 0135 00       		.byte	0
 1616 0136 03       		.uleb128 0x3
 1617 0137 08       		.uleb128 0x8
 1618 0138 3A       		.uleb128 0x3a
 1619 0139 0B       		.uleb128 0xb
 1620 013a 3B       		.uleb128 0x3b
 1621 013b 05       		.uleb128 0x5
 1622 013c 49       		.uleb128 0x49
 1623 013d 13       		.uleb128 0x13
 1624 013e 02       		.uleb128 0x2
 1625 013f 17       		.uleb128 0x17
 1626 0140 00       		.byte	0
 1627 0141 00       		.byte	0
 1628 0142 18       		.uleb128 0x18
 1629 0143 05       		.uleb128 0x5
ARM GAS  C:\Users\ke\AppData\Local\Temp\ccSQN4mh.s 			page 38


 1630 0144 00       		.byte	0
 1631 0145 03       		.uleb128 0x3
 1632 0146 0E       		.uleb128 0xe
 1633 0147 3A       		.uleb128 0x3a
 1634 0148 0B       		.uleb128 0xb
 1635 0149 3B       		.uleb128 0x3b
 1636 014a 0B       		.uleb128 0xb
 1637 014b 49       		.uleb128 0x49
 1638 014c 13       		.uleb128 0x13
 1639 014d 02       		.uleb128 0x2
 1640 014e 17       		.uleb128 0x17
 1641 014f 00       		.byte	0
 1642 0150 00       		.byte	0
 1643 0151 19       		.uleb128 0x19
 1644 0152 26       		.uleb128 0x26
 1645 0153 00       		.byte	0
 1646 0154 00       		.byte	0
 1647 0155 00       		.byte	0
 1648 0156 1A       		.uleb128 0x1a
 1649 0157 898201   		.uleb128 0x4109
 1650 015a 01       		.byte	0x1
 1651 015b 11       		.uleb128 0x11
 1652 015c 01       		.uleb128 0x1
 1653 015d 31       		.uleb128 0x31
 1654 015e 13       		.uleb128 0x13
 1655 015f 01       		.uleb128 0x1
 1656 0160 13       		.uleb128 0x13
 1657 0161 00       		.byte	0
 1658 0162 00       		.byte	0
 1659 0163 1B       		.uleb128 0x1b
 1660 0164 2E       		.uleb128 0x2e
 1661 0165 01       		.byte	0x1
 1662 0166 3F       		.uleb128 0x3f
 1663 0167 19       		.uleb128 0x19
 1664 0168 03       		.uleb128 0x3
 1665 0169 0E       		.uleb128 0xe
 1666 016a 3A       		.uleb128 0x3a
 1667 016b 0B       		.uleb128 0xb
 1668 016c 3B       		.uleb128 0x3b
 1669 016d 05       		.uleb128 0x5
 1670 016e 27       		.uleb128 0x27
 1671 016f 19       		.uleb128 0x19
 1672 0170 11       		.uleb128 0x11
 1673 0171 01       		.uleb128 0x1
 1674 0172 12       		.uleb128 0x12
 1675 0173 06       		.uleb128 0x6
 1676 0174 40       		.uleb128 0x40
 1677 0175 18       		.uleb128 0x18
 1678 0176 9742     		.uleb128 0x2117
 1679 0178 19       		.uleb128 0x19
 1680 0179 01       		.uleb128 0x1
 1681 017a 13       		.uleb128 0x13
 1682 017b 00       		.byte	0
 1683 017c 00       		.byte	0
 1684 017d 1C       		.uleb128 0x1c
 1685 017e 05       		.uleb128 0x5
 1686 017f 00       		.byte	0
ARM GAS  C:\Users\ke\AppData\Local\Temp\ccSQN4mh.s 			page 39


 1687 0180 03       		.uleb128 0x3
 1688 0181 0E       		.uleb128 0xe
 1689 0182 3A       		.uleb128 0x3a
 1690 0183 0B       		.uleb128 0xb
 1691 0184 3B       		.uleb128 0x3b
 1692 0185 05       		.uleb128 0x5
 1693 0186 49       		.uleb128 0x49
 1694 0187 13       		.uleb128 0x13
 1695 0188 02       		.uleb128 0x2
 1696 0189 18       		.uleb128 0x18
 1697 018a 00       		.byte	0
 1698 018b 00       		.byte	0
 1699 018c 1D       		.uleb128 0x1d
 1700 018d 34       		.uleb128 0x34
 1701 018e 00       		.byte	0
 1702 018f 03       		.uleb128 0x3
 1703 0190 0E       		.uleb128 0xe
 1704 0191 3A       		.uleb128 0x3a
 1705 0192 0B       		.uleb128 0xb
 1706 0193 3B       		.uleb128 0x3b
 1707 0194 05       		.uleb128 0x5
 1708 0195 49       		.uleb128 0x49
 1709 0196 13       		.uleb128 0x13
 1710 0197 02       		.uleb128 0x2
 1711 0198 18       		.uleb128 0x18
 1712 0199 00       		.byte	0
 1713 019a 00       		.byte	0
 1714 019b 1E       		.uleb128 0x1e
 1715 019c 0B       		.uleb128 0xb
 1716 019d 01       		.byte	0x1
 1717 019e 11       		.uleb128 0x11
 1718 019f 01       		.uleb128 0x1
 1719 01a0 12       		.uleb128 0x12
 1720 01a1 06       		.uleb128 0x6
 1721 01a2 01       		.uleb128 0x1
 1722 01a3 13       		.uleb128 0x13
 1723 01a4 00       		.byte	0
 1724 01a5 00       		.byte	0
 1725 01a6 1F       		.uleb128 0x1f
 1726 01a7 13       		.uleb128 0x13
 1727 01a8 01       		.byte	0x1
 1728 01a9 0B       		.uleb128 0xb
 1729 01aa 0B       		.uleb128 0xb
 1730 01ab 3A       		.uleb128 0x3a
 1731 01ac 0B       		.uleb128 0xb
 1732 01ad 3B       		.uleb128 0x3b
 1733 01ae 05       		.uleb128 0x5
 1734 01af 01       		.uleb128 0x1
 1735 01b0 13       		.uleb128 0x13
 1736 01b1 00       		.byte	0
 1737 01b2 00       		.byte	0
 1738 01b3 20       		.uleb128 0x20
 1739 01b4 0D       		.uleb128 0xd
 1740 01b5 00       		.byte	0
 1741 01b6 03       		.uleb128 0x3
 1742 01b7 0E       		.uleb128 0xe
 1743 01b8 3A       		.uleb128 0x3a
ARM GAS  C:\Users\ke\AppData\Local\Temp\ccSQN4mh.s 			page 40


 1744 01b9 0B       		.uleb128 0xb
 1745 01ba 3B       		.uleb128 0x3b
 1746 01bb 05       		.uleb128 0x5
 1747 01bc 49       		.uleb128 0x49
 1748 01bd 13       		.uleb128 0x13
 1749 01be 38       		.uleb128 0x38
 1750 01bf 0B       		.uleb128 0xb
 1751 01c0 00       		.byte	0
 1752 01c1 00       		.byte	0
 1753 01c2 21       		.uleb128 0x21
 1754 01c3 01       		.uleb128 0x1
 1755 01c4 01       		.byte	0x1
 1756 01c5 49       		.uleb128 0x49
 1757 01c6 13       		.uleb128 0x13
 1758 01c7 01       		.uleb128 0x1
 1759 01c8 13       		.uleb128 0x13
 1760 01c9 00       		.byte	0
 1761 01ca 00       		.byte	0
 1762 01cb 22       		.uleb128 0x22
 1763 01cc 21       		.uleb128 0x21
 1764 01cd 00       		.byte	0
 1765 01ce 49       		.uleb128 0x49
 1766 01cf 13       		.uleb128 0x13
 1767 01d0 2F       		.uleb128 0x2f
 1768 01d1 0B       		.uleb128 0xb
 1769 01d2 00       		.byte	0
 1770 01d3 00       		.byte	0
 1771 01d4 23       		.uleb128 0x23
 1772 01d5 898201   		.uleb128 0x4109
 1773 01d8 00       		.byte	0
 1774 01d9 11       		.uleb128 0x11
 1775 01da 01       		.uleb128 0x1
 1776 01db 31       		.uleb128 0x31
 1777 01dc 13       		.uleb128 0x13
 1778 01dd 00       		.byte	0
 1779 01de 00       		.byte	0
 1780 01df 24       		.uleb128 0x24
 1781 01e0 2E       		.uleb128 0x2e
 1782 01e1 00       		.byte	0
 1783 01e2 3F       		.uleb128 0x3f
 1784 01e3 19       		.uleb128 0x19
 1785 01e4 3C       		.uleb128 0x3c
 1786 01e5 19       		.uleb128 0x19
 1787 01e6 6E       		.uleb128 0x6e
 1788 01e7 0E       		.uleb128 0xe
 1789 01e8 03       		.uleb128 0x3
 1790 01e9 0E       		.uleb128 0xe
 1791 01ea 00       		.byte	0
 1792 01eb 00       		.byte	0
 1793 01ec 25       		.uleb128 0x25
 1794 01ed 2E       		.uleb128 0x2e
 1795 01ee 00       		.byte	0
 1796 01ef 3F       		.uleb128 0x3f
 1797 01f0 19       		.uleb128 0x19
 1798 01f1 3C       		.uleb128 0x3c
 1799 01f2 19       		.uleb128 0x19
 1800 01f3 6E       		.uleb128 0x6e
ARM GAS  C:\Users\ke\AppData\Local\Temp\ccSQN4mh.s 			page 41


 1801 01f4 0E       		.uleb128 0xe
 1802 01f5 03       		.uleb128 0x3
 1803 01f6 0E       		.uleb128 0xe
 1804 01f7 3A       		.uleb128 0x3a
 1805 01f8 0B       		.uleb128 0xb
 1806 01f9 3B       		.uleb128 0x3b
 1807 01fa 0B       		.uleb128 0xb
 1808 01fb 00       		.byte	0
 1809 01fc 00       		.byte	0
 1810 01fd 00       		.byte	0
 1811              		.section	.debug_loc,"",%progbits
 1812              	.Ldebug_loc0:
 1813              	.LLST0:
 1814 0000 02000000 		.4byte	.LVL2
 1815 0004 08000000 		.4byte	.LVL3
 1816 0008 0200     		.2byte	0x2
 1817 000a 30       		.byte	0x30
 1818 000b 9F       		.byte	0x9f
 1819 000c 08000000 		.4byte	.LVL3
 1820 0010 32000000 		.4byte	.LVL11
 1821 0014 0100     		.2byte	0x1
 1822 0016 57       		.byte	0x57
 1823 0017 00000000 		.4byte	0
 1824 001b 00000000 		.4byte	0
 1825              	.LLST1:
 1826 001f 02000000 		.4byte	.LVL2
 1827 0023 08000000 		.4byte	.LVL3
 1828 0027 0200     		.2byte	0x2
 1829 0029 30       		.byte	0x30
 1830 002a 9F       		.byte	0x9f
 1831 002b 08000000 		.4byte	.LVL3
 1832 002f 34000000 		.4byte	.LFE4
 1833 0033 0100     		.2byte	0x1
 1834 0035 52       		.byte	0x52
 1835 0036 00000000 		.4byte	0
 1836 003a 00000000 		.4byte	0
 1837              	.LLST2:
 1838 003e 0C000000 		.4byte	.LVL4
 1839 0042 2C000000 		.4byte	.LVL10
 1840 0046 0100     		.2byte	0x1
 1841 0048 56       		.byte	0x56
 1842 0049 00000000 		.4byte	0
 1843 004d 00000000 		.4byte	0
 1844              	.LLST3:
 1845 0051 0E000000 		.4byte	.LVL5
 1846 0055 24000000 		.4byte	.LVL8
 1847 0059 0100     		.2byte	0x1
 1848 005b 53       		.byte	0x53
 1849 005c 26000000 		.4byte	.LVL9
 1850 0060 2C000000 		.4byte	.LVL10
 1851 0064 0100     		.2byte	0x1
 1852 0066 53       		.byte	0x53
 1853 0067 00000000 		.4byte	0
 1854 006b 00000000 		.4byte	0
 1855              	.LLST4:
 1856 006f 00000000 		.4byte	.LVL12
 1857 0073 09000000 		.4byte	.LVL14-1
ARM GAS  C:\Users\ke\AppData\Local\Temp\ccSQN4mh.s 			page 42


 1858 0077 0100     		.2byte	0x1
 1859 0079 50       		.byte	0x50
 1860 007a 09000000 		.4byte	.LVL14-1
 1861 007e 0C000000 		.4byte	.LFE0
 1862 0082 0400     		.2byte	0x4
 1863 0084 F3       		.byte	0xf3
 1864 0085 01       		.uleb128 0x1
 1865 0086 50       		.byte	0x50
 1866 0087 9F       		.byte	0x9f
 1867 0088 00000000 		.4byte	0
 1868 008c 00000000 		.4byte	0
 1869              	.LLST5:
 1870 0090 00000000 		.4byte	.LVL12
 1871 0094 06000000 		.4byte	.LVL13
 1872 0098 0100     		.2byte	0x1
 1873 009a 51       		.byte	0x51
 1874 009b 06000000 		.4byte	.LVL13
 1875 009f 09000000 		.4byte	.LVL14-1
 1876 00a3 0100     		.2byte	0x1
 1877 00a5 52       		.byte	0x52
 1878 00a6 09000000 		.4byte	.LVL14-1
 1879 00aa 0C000000 		.4byte	.LFE0
 1880 00ae 0400     		.2byte	0x4
 1881 00b0 F3       		.byte	0xf3
 1882 00b1 01       		.uleb128 0x1
 1883 00b2 51       		.byte	0x51
 1884 00b3 9F       		.byte	0x9f
 1885 00b4 00000000 		.4byte	0
 1886 00b8 00000000 		.4byte	0
 1887              	.LLST6:
 1888 00bc 08000000 		.4byte	.LVL15
 1889 00c0 1E000000 		.4byte	.LVL18
 1890 00c4 0100     		.2byte	0x1
 1891 00c6 53       		.byte	0x53
 1892 00c7 00000000 		.4byte	0
 1893 00cb 00000000 		.4byte	0
 1894              	.LLST7:
 1895 00cf 0E000000 		.4byte	.LVL16
 1896 00d3 60000000 		.4byte	.LVL20
 1897 00d7 0100     		.2byte	0x1
 1898 00d9 54       		.byte	0x54
 1899 00da 00000000 		.4byte	0
 1900 00de 00000000 		.4byte	0
 1901              	.LLST8:
 1902 00e2 14000000 		.4byte	.LVL17
 1903 00e6 60000000 		.4byte	.LVL20
 1904 00ea 0100     		.2byte	0x1
 1905 00ec 55       		.byte	0x55
 1906 00ed 00000000 		.4byte	0
 1907 00f1 00000000 		.4byte	0
 1908              	.LLST9:
 1909 00f5 00000000 		.4byte	.LVL21
 1910 00f9 05000000 		.4byte	.LVL22-1
 1911 00fd 0100     		.2byte	0x1
 1912 00ff 50       		.byte	0x50
 1913 0100 05000000 		.4byte	.LVL22-1
 1914 0104 08000000 		.4byte	.LFE1
ARM GAS  C:\Users\ke\AppData\Local\Temp\ccSQN4mh.s 			page 43


 1915 0108 0400     		.2byte	0x4
 1916 010a F3       		.byte	0xf3
 1917 010b 01       		.uleb128 0x1
 1918 010c 50       		.byte	0x50
 1919 010d 9F       		.byte	0x9f
 1920 010e 00000000 		.4byte	0
 1921 0112 00000000 		.4byte	0
 1922              	.LLST10:
 1923 0116 00000000 		.4byte	.LVL21
 1924 011a 05000000 		.4byte	.LVL22-1
 1925 011e 0100     		.2byte	0x1
 1926 0120 51       		.byte	0x51
 1927 0121 05000000 		.4byte	.LVL22-1
 1928 0125 08000000 		.4byte	.LFE1
 1929 0129 0400     		.2byte	0x4
 1930 012b F3       		.byte	0xf3
 1931 012c 01       		.uleb128 0x1
 1932 012d 51       		.byte	0x51
 1933 012e 9F       		.byte	0x9f
 1934 012f 00000000 		.4byte	0
 1935 0133 00000000 		.4byte	0
 1936              	.LLST11:
 1937 0137 00000000 		.4byte	.LVL21
 1938 013b 05000000 		.4byte	.LVL22-1
 1939 013f 0100     		.2byte	0x1
 1940 0141 52       		.byte	0x52
 1941 0142 05000000 		.4byte	.LVL22-1
 1942 0146 08000000 		.4byte	.LFE1
 1943 014a 0400     		.2byte	0x4
 1944 014c F3       		.byte	0xf3
 1945 014d 01       		.uleb128 0x1
 1946 014e 52       		.byte	0x52
 1947 014f 9F       		.byte	0x9f
 1948 0150 00000000 		.4byte	0
 1949 0154 00000000 		.4byte	0
 1950              	.LLST12:
 1951 0158 54000000 		.4byte	.LVL24
 1952 015c 58000000 		.4byte	.LVL25
 1953 0160 0200     		.2byte	0x2
 1954 0162 49       		.byte	0x49
 1955 0163 9F       		.byte	0x9f
 1956 0164 58000000 		.4byte	.LVL25
 1957 0168 C6000000 		.4byte	.LVL31
 1958 016c 0100     		.2byte	0x1
 1959 016e 55       		.byte	0x55
 1960 016f 00000000 		.4byte	0
 1961 0173 00000000 		.4byte	0
 1962              	.LLST13:
 1963 0177 54000000 		.4byte	.LVL24
 1964 017b 58000000 		.4byte	.LVL25
 1965 017f 0200     		.2byte	0x2
 1966 0181 30       		.byte	0x30
 1967 0182 9F       		.byte	0x9f
 1968 0183 58000000 		.4byte	.LVL25
 1969 0187 64000000 		.4byte	.LVL26
 1970 018b 0100     		.2byte	0x1
 1971 018d 54       		.byte	0x54
ARM GAS  C:\Users\ke\AppData\Local\Temp\ccSQN4mh.s 			page 44


 1972 018e 68000000 		.4byte	.LVL27
 1973 0192 C6000000 		.4byte	.LVL31
 1974 0196 0100     		.2byte	0x1
 1975 0198 54       		.byte	0x54
 1976 0199 00000000 		.4byte	0
 1977 019d 00000000 		.4byte	0
 1978              	.LLST14:
 1979 01a1 0E000000 		.4byte	.LVL36
 1980 01a5 12000000 		.4byte	.LVL37
 1981 01a9 0200     		.2byte	0x2
 1982 01ab 30       		.byte	0x30
 1983 01ac 9F       		.byte	0x9f
 1984 01ad 12000000 		.4byte	.LVL37
 1985 01b1 2A000000 		.4byte	.LVL39
 1986 01b5 0100     		.2byte	0x1
 1987 01b7 54       		.byte	0x54
 1988 01b8 2C000000 		.4byte	.LVL40
 1989 01bc 50000000 		.4byte	.LVL42
 1990 01c0 0100     		.2byte	0x1
 1991 01c2 54       		.byte	0x54
 1992 01c3 00000000 		.4byte	0
 1993 01c7 00000000 		.4byte	0
 1994              	.LLST15:
 1995 01cb 12000000 		.4byte	.LVL37
 1996 01cf 2A000000 		.4byte	.LVL39
 1997 01d3 0B00     		.2byte	0xb
 1998 01d5 74       		.byte	0x74
 1999 01d6 00       		.sleb128 0
 2000 01d7 36       		.byte	0x36
 2001 01d8 1E       		.byte	0x1e
 2002 01d9 03       		.byte	0x3
 2003 01da 00000000 		.4byte	cfg_memset_list.5015
 2004 01de 22       		.byte	0x22
 2005 01df 9F       		.byte	0x9f
 2006 01e0 2A000000 		.4byte	.LVL39
 2007 01e4 2C000000 		.4byte	.LVL40
 2008 01e8 0B00     		.2byte	0xb
 2009 01ea 74       		.byte	0x74
 2010 01eb 7F       		.sleb128 -1
 2011 01ec 36       		.byte	0x36
 2012 01ed 1E       		.byte	0x1e
 2013 01ee 03       		.byte	0x3
 2014 01ef 00000000 		.4byte	cfg_memset_list.5015
 2015 01f3 22       		.byte	0x22
 2016 01f4 9F       		.byte	0x9f
 2017 01f5 00000000 		.4byte	0
 2018 01f9 00000000 		.4byte	0
 2019              		.section	.debug_aranges,"",%progbits
 2020 0000 54000000 		.4byte	0x54
 2021 0004 0200     		.2byte	0x2
 2022 0006 00000000 		.4byte	.Ldebug_info0
 2023 000a 04       		.byte	0x4
 2024 000b 00       		.byte	0
 2025 000c 0000     		.2byte	0
 2026 000e 0000     		.2byte	0
 2027 0010 00000000 		.4byte	.LFB3
 2028 0014 02000000 		.4byte	.LFE3-.LFB3
ARM GAS  C:\Users\ke\AppData\Local\Temp\ccSQN4mh.s 			page 45


 2029 0018 00000000 		.4byte	.LFB4
 2030 001c 34000000 		.4byte	.LFE4-.LFB4
 2031 0020 00000000 		.4byte	.LFB0
 2032 0024 0C000000 		.4byte	.LFE0-.LFB0
 2033 0028 00000000 		.4byte	.LFB6
 2034 002c 74000000 		.4byte	.LFE6-.LFB6
 2035 0030 00000000 		.4byte	.LFB1
 2036 0034 08000000 		.4byte	.LFE1-.LFB1
 2037 0038 00000000 		.4byte	.LFB5
 2038 003c F4000000 		.4byte	.LFE5-.LFB5
 2039 0040 00000000 		.4byte	.LFB7
 2040 0044 1C000000 		.4byte	.LFE7-.LFB7
 2041 0048 00000000 		.4byte	.LFB8
 2042 004c F0000000 		.4byte	.LFE8-.LFB8
 2043 0050 00000000 		.4byte	0
 2044 0054 00000000 		.4byte	0
 2045              		.section	.debug_ranges,"",%progbits
 2046              	.Ldebug_ranges0:
 2047 0000 00000000 		.4byte	.LFB3
 2048 0004 02000000 		.4byte	.LFE3
 2049 0008 00000000 		.4byte	.LFB4
 2050 000c 34000000 		.4byte	.LFE4
 2051 0010 00000000 		.4byte	.LFB0
 2052 0014 0C000000 		.4byte	.LFE0
 2053 0018 00000000 		.4byte	.LFB6
 2054 001c 74000000 		.4byte	.LFE6
 2055 0020 00000000 		.4byte	.LFB1
 2056 0024 08000000 		.4byte	.LFE1
 2057 0028 00000000 		.4byte	.LFB5
 2058 002c F4000000 		.4byte	.LFE5
 2059 0030 00000000 		.4byte	.LFB7
 2060 0034 1C000000 		.4byte	.LFE7
 2061 0038 00000000 		.4byte	.LFB8
 2062 003c F0000000 		.4byte	.LFE8
 2063 0040 00000000 		.4byte	0
 2064 0044 00000000 		.4byte	0
 2065              		.section	.debug_line,"",%progbits
 2066              	.Ldebug_line0:
 2067 0000 E6010000 		.section	.debug_str,"MS",%progbits,1
 2067      0200D600 
 2067      00000201 
 2067      FB0E0D00 
 2067      01010101 
 2068              	.LASF19:
 2069 0000 72656731 		.ascii	"reg16\000"
 2069      3600
 2070              	.LASF48:
 2071 0006 43794465 		.ascii	"CyDelayCycles\000"
 2071      6C617943 
 2071      79636C65 
 2071      7300
 2072              	.LASF18:
 2073 0014 72656738 		.ascii	"reg8\000"
 2073      00
 2074              	.LASF12:
 2075 0019 73697A65 		.ascii	"size_t\000"
 2075      5F7400
ARM GAS  C:\Users\ke\AppData\Local\Temp\ccSQN4mh.s 			page 46


 2076              	.LASF30:
 2077 0020 416E616C 		.ascii	"AnalogSetDefault\000"
 2077      6F675365 
 2077      74446566 
 2077      61756C74 
 2077      00
 2078              	.LASF35:
 2079 0031 74696D65 		.ascii	"timeout\000"
 2079      6F757400 
 2080              	.LASF21:
 2081 0039 76616C75 		.ascii	"value\000"
 2081      6500
 2082              	.LASF27:
 2083 003f 636F756E 		.ascii	"count\000"
 2083      7400
 2084              	.LASF34:
 2085 0045 436C6F63 		.ascii	"ClockSetup\000"
 2085      6B536574 
 2085      757000
 2086              	.LASF6:
 2087 0050 73686F72 		.ascii	"short unsigned int\000"
 2087      7420756E 
 2087      7369676E 
 2087      65642069 
 2087      6E7400
 2088              	.LASF36:
 2089 0063 706C6C4C 		.ascii	"pllLock\000"
 2089      6F636B00 
 2090              	.LASF16:
 2091 006b 666C6F61 		.ascii	"float\000"
 2091      7400
 2092              	.LASF52:
 2093 0071 4379436C 		.ascii	"CyClockStartupError\000"
 2093      6F636B53 
 2093      74617274 
 2093      75704572 
 2093      726F7200 
 2094              	.LASF33:
 2095 0085 64657374 		.ascii	"dest\000"
 2095      00
 2096              	.LASF44:
 2097 008a 6366675F 		.ascii	"cfg_memset_list\000"
 2097      6D656D73 
 2097      65745F6C 
 2097      69737400 
 2098              	.LASF42:
 2099 009a 73697A65 		.ascii	"size\000"
 2099      00
 2100              	.LASF49:
 2101 009f 474E5520 		.ascii	"GNU C11 5.4.1 20160609 (release) [ARM/embedded-5-br"
 2101      43313120 
 2101      352E342E 
 2101      31203230 
 2101      31363036 
 2102 00d2 616E6368 		.ascii	"anch revision 237715] -mcpu=cortex-m3 -mthumb -g -O"
 2102      20726576 
 2102      6973696F 
ARM GAS  C:\Users\ke\AppData\Local\Temp\ccSQN4mh.s 			page 47


 2102      6E203233 
 2102      37373135 
 2103 0105 67202D66 		.ascii	"g -ffunction-sections -ffat-lto-objects\000"
 2103      66756E63 
 2103      74696F6E 
 2103      2D736563 
 2103      74696F6E 
 2104              	.LASF8:
 2105 012d 6C6F6E67 		.ascii	"long unsigned int\000"
 2105      20756E73 
 2105      69676E65 
 2105      6420696E 
 2105      7400
 2106              	.LASF13:
 2107 013f 75696E74 		.ascii	"uint8\000"
 2107      3800
 2108              	.LASF29:
 2109 0145 43594D45 		.ascii	"CYMEMZERO\000"
 2109      4D5A4552 
 2109      4F00
 2110              	.LASF39:
 2111 014f 53657441 		.ascii	"SetAnalogRoutingPumps\000"
 2111      6E616C6F 
 2111      67526F75 
 2111      74696E67 
 2111      50756D70 
 2112              	.LASF4:
 2113 0165 756E7369 		.ascii	"unsigned char\000"
 2113      676E6564 
 2113      20636861 
 2113      7200
 2114              	.LASF45:
 2115 0173 6D656D73 		.ascii	"memset\000"
 2115      657400
 2116              	.LASF17:
 2117 017a 646F7562 		.ascii	"double\000"
 2117      6C6500
 2118              	.LASF28:
 2119 0181 6366675F 		.ascii	"cfg_write_bytes32\000"
 2119      77726974 
 2119      655F6279 
 2119      74657333 
 2119      3200
 2120              	.LASF40:
 2121 0193 63796669 		.ascii	"cyfitter_cfg\000"
 2121      74746572 
 2121      5F636667 
 2121      00
 2122              	.LASF24:
 2123 01a0 61646472 		.ascii	"addr_table\000"
 2123      5F746162 
 2123      6C6500
 2124              	.LASF14:
 2125 01ab 75696E74 		.ascii	"uint16\000"
 2125      313600
 2126              	.LASF25:
 2127 01b2 64617461 		.ascii	"data_table\000"
ARM GAS  C:\Users\ke\AppData\Local\Temp\ccSQN4mh.s 			page 48


 2127      5F746162 
 2127      6C6500
 2128              	.LASF23:
 2129 01bd 6572726F 		.ascii	"errorCode\000"
 2129      72436F64 
 2129      6500
 2130              	.LASF15:
 2131 01c7 75696E74 		.ascii	"uint32\000"
 2131      333200
 2132              	.LASF0:
 2133 01ce 756E7369 		.ascii	"unsigned int\000"
 2133      676E6564 
 2133      20696E74 
 2133      00
 2134              	.LASF41:
 2135 01db 61646472 		.ascii	"address\000"
 2135      65737300 
 2136              	.LASF9:
 2137 01e3 6C6F6E67 		.ascii	"long long unsigned int\000"
 2137      206C6F6E 
 2137      6720756E 
 2137      7369676E 
 2137      65642069 
 2138              	.LASF43:
 2139 01fa 6366675F 		.ascii	"cfg_memset_t\000"
 2139      6D656D73 
 2139      65745F74 
 2139      00
 2140              	.LASF26:
 2141 0207 62617365 		.ascii	"baseAddr\000"
 2141      41646472 
 2141      00
 2142              	.LASF10:
 2143 0210 73697A65 		.ascii	"sizetype\000"
 2143      74797065 
 2143      00
 2144              	.LASF1:
 2145 0219 6C6F6E67 		.ascii	"long long int\000"
 2145      206C6F6E 
 2145      6720696E 
 2145      7400
 2146              	.LASF50:
 2147 0227 47656E65 		.ascii	"Generated_Source\\PSoC5\\cyfitter_cfg.c\000"
 2147      72617465 
 2147      645F536F 
 2147      75726365 
 2147      5C50536F 
 2148              	.LASF47:
 2149 024d 43794465 		.ascii	"CyDelayUs\000"
 2149      6C617955 
 2149      7300
 2150              	.LASF46:
 2151 0257 6D656D63 		.ascii	"memcpy\000"
 2151      707900
 2152              	.LASF22:
 2153 025e 63795F63 		.ascii	"cy_cfg_addrvalue_t\000"
 2153      66675F61 
ARM GAS  C:\Users\ke\AppData\Local\Temp\ccSQN4mh.s 			page 49


 2153      64647276 
 2153      616C7565 
 2153      5F7400
 2154              	.LASF20:
 2155 0271 6F666673 		.ascii	"offset\000"
 2155      657400
 2156              	.LASF5:
 2157 0278 73686F72 		.ascii	"short int\000"
 2157      7420696E 
 2157      7400
 2158              	.LASF51:
 2159 0282 433A5C55 		.ascii	"C:\\Users\\ke\\Gitfis\\Elektroteknologi-Projekt-1\\"
 2159      73657273 
 2159      5C6B655C 
 2159      47697466 
 2159      69735C45 
 2160 02b0 4472656A 		.ascii	"Drejeknap mm\\drejeknappelegen.cydsn\000"
 2160      656B6E61 
 2160      70206D6D 
 2160      5C647265 
 2160      6A656B6E 
 2161              	.LASF37:
 2162 02d4 656E6162 		.ascii	"enabled\000"
 2162      6C656400 
 2163              	.LASF7:
 2164 02dc 6C6F6E67 		.ascii	"long int\000"
 2164      20696E74 
 2164      00
 2165              	.LASF11:
 2166 02e5 63686172 		.ascii	"char\000"
 2166      00
 2167              	.LASF2:
 2168 02ea 6C6F6E67 		.ascii	"long double\000"
 2168      20646F75 
 2168      626C6500 
 2169              	.LASF31:
 2170 02f6 62675F78 		.ascii	"bg_xover_inl_trim\000"
 2170      6F766572 
 2170      5F696E6C 
 2170      5F747269 
 2170      6D00
 2171              	.LASF3:
 2172 0308 7369676E 		.ascii	"signed char\000"
 2172      65642063 
 2172      68617200 
 2173              	.LASF38:
 2174 0314 72656756 		.ascii	"regValue\000"
 2174      616C7565 
 2174      00
 2175              	.LASF32:
 2176 031d 4359434F 		.ascii	"CYCONFIGCPY\000"
 2176      4E464947 
 2176      43505900 
 2177              		.ident	"GCC: (GNU Tools for ARM Embedded Processors) 5.4.1 20160609 (release) [ARM/embedded-5-bran
