ARM GAS  C:\Users\ke\AppData\Local\Temp\cc8bgmTN.s 			page 1


   1              		.syntax unified
   2              		.cpu cortex-m3
   3              		.fpu softvfp
   4              		.eabi_attribute 20, 1
   5              		.eabi_attribute 21, 1
   6              		.eabi_attribute 23, 3
   7              		.eabi_attribute 24, 1
   8              		.eabi_attribute 25, 1
   9              		.eabi_attribute 26, 1
  10              		.eabi_attribute 30, 1
  11              		.eabi_attribute 34, 1
  12              		.eabi_attribute 18, 4
  13              		.thumb
  14              		.syntax unified
  15              		.file	"cyfitter_cfg.c"
  16              		.text
  17              	.Ltext0:
  18              		.cfi_sections	.debug_frame
  19              		.section	.text.CyClockStartupError,"ax",%progbits
  20              		.align	2
  21              		.thumb
  22              		.thumb_func
  23              		.type	CyClockStartupError, %function
  24              	CyClockStartupError:
  25              	.LFB3:
  26              		.file 1 "Generated_Source\\PSoC5\\cyfitter_cfg.c"
   1:Generated_Source\PSoC5/cyfitter_cfg.c **** 
   2:Generated_Source\PSoC5/cyfitter_cfg.c **** /*******************************************************************************
   3:Generated_Source\PSoC5/cyfitter_cfg.c **** * File Name: cyfitter_cfg.c
   4:Generated_Source\PSoC5/cyfitter_cfg.c **** * 
   5:Generated_Source\PSoC5/cyfitter_cfg.c **** * PSoC Creator  4.4
   6:Generated_Source\PSoC5/cyfitter_cfg.c **** *
   7:Generated_Source\PSoC5/cyfitter_cfg.c **** * Description:
   8:Generated_Source\PSoC5/cyfitter_cfg.c **** * This file contains device initialization code.
   9:Generated_Source\PSoC5/cyfitter_cfg.c **** * Except for the user defined sections in CyClockStartupError(), this file should not be modified.
  10:Generated_Source\PSoC5/cyfitter_cfg.c **** * This file is automatically generated by PSoC Creator.
  11:Generated_Source\PSoC5/cyfitter_cfg.c **** *
  12:Generated_Source\PSoC5/cyfitter_cfg.c **** ********************************************************************************
  13:Generated_Source\PSoC5/cyfitter_cfg.c **** * Copyright (c) 2007-2020 Cypress Semiconductor.  All rights reserved.
  14:Generated_Source\PSoC5/cyfitter_cfg.c **** * You may use this file only in accordance with the license, terms, conditions, 
  15:Generated_Source\PSoC5/cyfitter_cfg.c **** * disclaimers, and limitations in the end user license agreement accompanying 
  16:Generated_Source\PSoC5/cyfitter_cfg.c **** * the software package with which this file was provided.
  17:Generated_Source\PSoC5/cyfitter_cfg.c **** ********************************************************************************/
  18:Generated_Source\PSoC5/cyfitter_cfg.c **** 
  19:Generated_Source\PSoC5/cyfitter_cfg.c **** #include <string.h>
  20:Generated_Source\PSoC5/cyfitter_cfg.c **** #include "cytypes.h"
  21:Generated_Source\PSoC5/cyfitter_cfg.c **** #include "cydevice_trm.h"
  22:Generated_Source\PSoC5/cyfitter_cfg.c **** #include "cyfitter.h"
  23:Generated_Source\PSoC5/cyfitter_cfg.c **** #include "CyLib.h"
  24:Generated_Source\PSoC5/cyfitter_cfg.c **** #include "cyfitter_cfg.h"
  25:Generated_Source\PSoC5/cyfitter_cfg.c **** #include "cyapicallbacks.h"
  26:Generated_Source\PSoC5/cyfitter_cfg.c **** 
  27:Generated_Source\PSoC5/cyfitter_cfg.c **** #define CY_NEED_CYCLOCKSTARTUPERROR 1
  28:Generated_Source\PSoC5/cyfitter_cfg.c **** 
  29:Generated_Source\PSoC5/cyfitter_cfg.c **** 
  30:Generated_Source\PSoC5/cyfitter_cfg.c **** #if defined(__GNUC__) || defined(__ARMCC_VERSION)
  31:Generated_Source\PSoC5/cyfitter_cfg.c ****     #define CYPACKED 
ARM GAS  C:\Users\ke\AppData\Local\Temp\cc8bgmTN.s 			page 2


  32:Generated_Source\PSoC5/cyfitter_cfg.c ****     #define CYPACKED_ATTR __attribute__ ((packed))
  33:Generated_Source\PSoC5/cyfitter_cfg.c ****     #define CYALIGNED __attribute__ ((aligned))
  34:Generated_Source\PSoC5/cyfitter_cfg.c ****     #define CY_CFG_UNUSED __attribute__ ((unused))
  35:Generated_Source\PSoC5/cyfitter_cfg.c ****     #ifndef CY_CFG_SECTION
  36:Generated_Source\PSoC5/cyfitter_cfg.c ****         #define CY_CFG_SECTION __attribute__ ((section(".psocinit")))
  37:Generated_Source\PSoC5/cyfitter_cfg.c ****     #endif
  38:Generated_Source\PSoC5/cyfitter_cfg.c ****     
  39:Generated_Source\PSoC5/cyfitter_cfg.c ****     #if defined(__ARMCC_VERSION)
  40:Generated_Source\PSoC5/cyfitter_cfg.c ****         #define CY_CFG_MEMORY_BARRIER() __memory_changed()
  41:Generated_Source\PSoC5/cyfitter_cfg.c ****     #else
  42:Generated_Source\PSoC5/cyfitter_cfg.c ****         #define CY_CFG_MEMORY_BARRIER() __sync_synchronize()
  43:Generated_Source\PSoC5/cyfitter_cfg.c ****     #endif
  44:Generated_Source\PSoC5/cyfitter_cfg.c ****     
  45:Generated_Source\PSoC5/cyfitter_cfg.c **** #elif defined(__ICCARM__)
  46:Generated_Source\PSoC5/cyfitter_cfg.c ****     #include <intrinsics.h>
  47:Generated_Source\PSoC5/cyfitter_cfg.c **** 
  48:Generated_Source\PSoC5/cyfitter_cfg.c ****     #define CYPACKED __packed
  49:Generated_Source\PSoC5/cyfitter_cfg.c ****     #define CYPACKED_ATTR 
  50:Generated_Source\PSoC5/cyfitter_cfg.c ****     #define CYALIGNED _Pragma("data_alignment=4")
  51:Generated_Source\PSoC5/cyfitter_cfg.c ****     #define CY_CFG_UNUSED _Pragma("diag_suppress=Pe177")
  52:Generated_Source\PSoC5/cyfitter_cfg.c ****     #define CY_CFG_SECTION _Pragma("location=\".psocinit\"")
  53:Generated_Source\PSoC5/cyfitter_cfg.c ****     
  54:Generated_Source\PSoC5/cyfitter_cfg.c ****     #define CY_CFG_MEMORY_BARRIER() __DMB()
  55:Generated_Source\PSoC5/cyfitter_cfg.c ****     
  56:Generated_Source\PSoC5/cyfitter_cfg.c **** #else
  57:Generated_Source\PSoC5/cyfitter_cfg.c ****     #error Unsupported toolchain
  58:Generated_Source\PSoC5/cyfitter_cfg.c **** #endif
  59:Generated_Source\PSoC5/cyfitter_cfg.c **** 
  60:Generated_Source\PSoC5/cyfitter_cfg.c **** #ifndef CYCODE
  61:Generated_Source\PSoC5/cyfitter_cfg.c ****     #define CYCODE
  62:Generated_Source\PSoC5/cyfitter_cfg.c **** #endif
  63:Generated_Source\PSoC5/cyfitter_cfg.c **** #ifndef CYDATA
  64:Generated_Source\PSoC5/cyfitter_cfg.c ****     #define CYDATA
  65:Generated_Source\PSoC5/cyfitter_cfg.c **** #endif
  66:Generated_Source\PSoC5/cyfitter_cfg.c **** #ifndef CYFAR
  67:Generated_Source\PSoC5/cyfitter_cfg.c ****     #define CYFAR
  68:Generated_Source\PSoC5/cyfitter_cfg.c **** #endif
  69:Generated_Source\PSoC5/cyfitter_cfg.c **** #ifndef CYXDATA
  70:Generated_Source\PSoC5/cyfitter_cfg.c ****     #define CYXDATA
  71:Generated_Source\PSoC5/cyfitter_cfg.c **** #endif
  72:Generated_Source\PSoC5/cyfitter_cfg.c **** 
  73:Generated_Source\PSoC5/cyfitter_cfg.c **** 
  74:Generated_Source\PSoC5/cyfitter_cfg.c **** CY_CFG_UNUSED
  75:Generated_Source\PSoC5/cyfitter_cfg.c **** static void CYMEMZERO(void *s, size_t n);
  76:Generated_Source\PSoC5/cyfitter_cfg.c **** CY_CFG_UNUSED
  77:Generated_Source\PSoC5/cyfitter_cfg.c **** static void CYMEMZERO(void *s, size_t n)
  78:Generated_Source\PSoC5/cyfitter_cfg.c **** {
  79:Generated_Source\PSoC5/cyfitter_cfg.c **** 	(void)memset(s, 0, n);
  80:Generated_Source\PSoC5/cyfitter_cfg.c **** }
  81:Generated_Source\PSoC5/cyfitter_cfg.c **** CY_CFG_UNUSED
  82:Generated_Source\PSoC5/cyfitter_cfg.c **** static void CYCONFIGCPY(void *dest, const void *src, size_t n);
  83:Generated_Source\PSoC5/cyfitter_cfg.c **** CY_CFG_UNUSED
  84:Generated_Source\PSoC5/cyfitter_cfg.c **** static void CYCONFIGCPY(void *dest, const void *src, size_t n)
  85:Generated_Source\PSoC5/cyfitter_cfg.c **** {
  86:Generated_Source\PSoC5/cyfitter_cfg.c **** 	(void)memcpy(dest, src, n);
  87:Generated_Source\PSoC5/cyfitter_cfg.c **** }
  88:Generated_Source\PSoC5/cyfitter_cfg.c **** CY_CFG_UNUSED
ARM GAS  C:\Users\ke\AppData\Local\Temp\cc8bgmTN.s 			page 3


  89:Generated_Source\PSoC5/cyfitter_cfg.c **** static void CYCONFIGCPYCODE(void *dest, const void *src, size_t n);
  90:Generated_Source\PSoC5/cyfitter_cfg.c **** CY_CFG_UNUSED
  91:Generated_Source\PSoC5/cyfitter_cfg.c **** static void CYCONFIGCPYCODE(void *dest, const void *src, size_t n)
  92:Generated_Source\PSoC5/cyfitter_cfg.c **** {
  93:Generated_Source\PSoC5/cyfitter_cfg.c **** 	(void)memcpy(dest, src, n);
  94:Generated_Source\PSoC5/cyfitter_cfg.c **** }
  95:Generated_Source\PSoC5/cyfitter_cfg.c **** 
  96:Generated_Source\PSoC5/cyfitter_cfg.c **** 
  97:Generated_Source\PSoC5/cyfitter_cfg.c **** 
  98:Generated_Source\PSoC5/cyfitter_cfg.c **** 
  99:Generated_Source\PSoC5/cyfitter_cfg.c **** /* Clock startup error codes                                                   */
 100:Generated_Source\PSoC5/cyfitter_cfg.c **** #define CYCLOCKSTART_NO_ERROR    0u
 101:Generated_Source\PSoC5/cyfitter_cfg.c **** #define CYCLOCKSTART_XTAL_ERROR  1u
 102:Generated_Source\PSoC5/cyfitter_cfg.c **** #define CYCLOCKSTART_32KHZ_ERROR 2u
 103:Generated_Source\PSoC5/cyfitter_cfg.c **** #define CYCLOCKSTART_PLL_ERROR   3u
 104:Generated_Source\PSoC5/cyfitter_cfg.c **** #define CYCLOCKSTART_FLL_ERROR   4u
 105:Generated_Source\PSoC5/cyfitter_cfg.c **** #define CYCLOCKSTART_WCO_ERROR   5u
 106:Generated_Source\PSoC5/cyfitter_cfg.c **** 
 107:Generated_Source\PSoC5/cyfitter_cfg.c **** 
 108:Generated_Source\PSoC5/cyfitter_cfg.c **** #ifdef CY_NEED_CYCLOCKSTARTUPERROR
 109:Generated_Source\PSoC5/cyfitter_cfg.c **** /*******************************************************************************
 110:Generated_Source\PSoC5/cyfitter_cfg.c **** * Function Name: CyClockStartupError
 111:Generated_Source\PSoC5/cyfitter_cfg.c **** ********************************************************************************
 112:Generated_Source\PSoC5/cyfitter_cfg.c **** * Summary:
 113:Generated_Source\PSoC5/cyfitter_cfg.c **** *  If an error is encountered during clock configuration (crystal startup error,
 114:Generated_Source\PSoC5/cyfitter_cfg.c **** *  PLL lock error, etc.), the system will end up here.  Unless reimplemented by
 115:Generated_Source\PSoC5/cyfitter_cfg.c **** *  the customer, this function will stop in an infinite loop.
 116:Generated_Source\PSoC5/cyfitter_cfg.c **** *
 117:Generated_Source\PSoC5/cyfitter_cfg.c **** * Parameters:
 118:Generated_Source\PSoC5/cyfitter_cfg.c **** *   void
 119:Generated_Source\PSoC5/cyfitter_cfg.c **** *
 120:Generated_Source\PSoC5/cyfitter_cfg.c **** * Return:
 121:Generated_Source\PSoC5/cyfitter_cfg.c **** *   void
 122:Generated_Source\PSoC5/cyfitter_cfg.c **** *
 123:Generated_Source\PSoC5/cyfitter_cfg.c **** *******************************************************************************/
 124:Generated_Source\PSoC5/cyfitter_cfg.c **** CY_CFG_UNUSED
 125:Generated_Source\PSoC5/cyfitter_cfg.c **** static void CyClockStartupError(uint8 errorCode);
 126:Generated_Source\PSoC5/cyfitter_cfg.c **** CY_CFG_UNUSED
 127:Generated_Source\PSoC5/cyfitter_cfg.c **** static void CyClockStartupError(uint8 errorCode)
 128:Generated_Source\PSoC5/cyfitter_cfg.c **** {
  27              		.loc 1 128 0
  28              		.cfi_startproc
  29              		@ Volatile: function does not return.
  30              		@ args = 0, pretend = 0, frame = 0
  31              		@ frame_needed = 0, uses_anonymous_args = 0
  32              		@ link register save eliminated.
  33              	.LVL0:
  34              	.L2:
  35 0000 FEE7     		b	.L2
  36              		.cfi_endproc
  37              	.LFE3:
  38              		.size	CyClockStartupError, .-CyClockStartupError
  39 0002 00BF     		.section	.text.cfg_write_bytes32,"ax",%progbits
  40              		.align	2
  41              		.thumb
  42              		.thumb_func
  43              		.type	cfg_write_bytes32, %function
ARM GAS  C:\Users\ke\AppData\Local\Temp\cc8bgmTN.s 			page 4


  44              	cfg_write_bytes32:
  45              	.LFB4:
 129:Generated_Source\PSoC5/cyfitter_cfg.c ****     /* To remove the compiler warning if errorCode not used.                */
 130:Generated_Source\PSoC5/cyfitter_cfg.c ****     errorCode = errorCode;
 131:Generated_Source\PSoC5/cyfitter_cfg.c **** 
 132:Generated_Source\PSoC5/cyfitter_cfg.c ****     /* If we have a clock startup error (bad MHz crystal, PLL lock, etc.),  */
 133:Generated_Source\PSoC5/cyfitter_cfg.c ****     /* we will end up here to allow the customer to implement something to  */
 134:Generated_Source\PSoC5/cyfitter_cfg.c ****     /* deal with the clock condition.                                       */
 135:Generated_Source\PSoC5/cyfitter_cfg.c **** 
 136:Generated_Source\PSoC5/cyfitter_cfg.c **** #ifdef CY_CFG_CLOCK_STARTUP_ERROR_CALLBACK
 137:Generated_Source\PSoC5/cyfitter_cfg.c ****     CY_CFG_Clock_Startup_ErrorCallback();
 138:Generated_Source\PSoC5/cyfitter_cfg.c **** #else
 139:Generated_Source\PSoC5/cyfitter_cfg.c ****     /*  If not using CY_CFG_CLOCK_STARTUP_ERROR_CALLBACK, place your clock startup code here. */
 140:Generated_Source\PSoC5/cyfitter_cfg.c ****     /* `#START CyClockStartupError` */
 141:Generated_Source\PSoC5/cyfitter_cfg.c **** 
 142:Generated_Source\PSoC5/cyfitter_cfg.c **** 
 143:Generated_Source\PSoC5/cyfitter_cfg.c **** 
 144:Generated_Source\PSoC5/cyfitter_cfg.c ****     /* `#END` */
 145:Generated_Source\PSoC5/cyfitter_cfg.c **** 
 146:Generated_Source\PSoC5/cyfitter_cfg.c ****     while(1) {}
 147:Generated_Source\PSoC5/cyfitter_cfg.c **** #endif /* CY_CFG_CLOCK_STARTUP_ERROR_CALLBACK */
 148:Generated_Source\PSoC5/cyfitter_cfg.c **** }
 149:Generated_Source\PSoC5/cyfitter_cfg.c **** #endif
 150:Generated_Source\PSoC5/cyfitter_cfg.c **** 
 151:Generated_Source\PSoC5/cyfitter_cfg.c **** #define CY_CFG_BASE_ADDR_COUNT 23u
 152:Generated_Source\PSoC5/cyfitter_cfg.c **** CYPACKED typedef struct
 153:Generated_Source\PSoC5/cyfitter_cfg.c **** {
 154:Generated_Source\PSoC5/cyfitter_cfg.c **** 	uint8 offset;
 155:Generated_Source\PSoC5/cyfitter_cfg.c **** 	uint8 value;
 156:Generated_Source\PSoC5/cyfitter_cfg.c **** } CYPACKED_ATTR cy_cfg_addrvalue_t;
 157:Generated_Source\PSoC5/cyfitter_cfg.c **** 
 158:Generated_Source\PSoC5/cyfitter_cfg.c **** #define cy_cfg_addr_table ((const uint32 CYFAR *)0x48000000u)
 159:Generated_Source\PSoC5/cyfitter_cfg.c **** #define cy_cfg_data_table ((const cy_cfg_addrvalue_t CYFAR *)0x4800005Cu)
 160:Generated_Source\PSoC5/cyfitter_cfg.c **** 
 161:Generated_Source\PSoC5/cyfitter_cfg.c **** /* IOPINS0_0 Address: CYREG_PRT0_DM0 Size (bytes): 8 */
 162:Generated_Source\PSoC5/cyfitter_cfg.c **** #define BS_IOPINS0_0_VAL ((const uint8 CYFAR *)0x4800018Cu)
 163:Generated_Source\PSoC5/cyfitter_cfg.c **** 
 164:Generated_Source\PSoC5/cyfitter_cfg.c **** /* IOPINS0_1 Address: CYREG_PRT1_DM0 Size (bytes): 8 */
 165:Generated_Source\PSoC5/cyfitter_cfg.c **** #define BS_IOPINS0_1_VAL ((const uint8 CYFAR *)0x48000194u)
 166:Generated_Source\PSoC5/cyfitter_cfg.c **** 
 167:Generated_Source\PSoC5/cyfitter_cfg.c **** /* IOPINS0_2 Address: CYREG_PRT2_DR Size (bytes): 10 */
 168:Generated_Source\PSoC5/cyfitter_cfg.c **** #define BS_IOPINS0_2_VAL ((const uint8 CYFAR *)0x4800019Cu)
 169:Generated_Source\PSoC5/cyfitter_cfg.c **** 
 170:Generated_Source\PSoC5/cyfitter_cfg.c **** /* CYDEV_CLKDIST_ACFG0_CFG0 Address: CYREG_CLKDIST_ACFG0_CFG0 Size (bytes): 4 */
 171:Generated_Source\PSoC5/cyfitter_cfg.c **** #define BS_CYDEV_CLKDIST_ACFG0_CFG0_VAL ((const uint8 CYFAR *)0x480001A8u)
 172:Generated_Source\PSoC5/cyfitter_cfg.c **** 
 173:Generated_Source\PSoC5/cyfitter_cfg.c **** 
 174:Generated_Source\PSoC5/cyfitter_cfg.c **** /*******************************************************************************
 175:Generated_Source\PSoC5/cyfitter_cfg.c **** * Function Name: cfg_write_bytes32
 176:Generated_Source\PSoC5/cyfitter_cfg.c **** ********************************************************************************
 177:Generated_Source\PSoC5/cyfitter_cfg.c **** * Summary:
 178:Generated_Source\PSoC5/cyfitter_cfg.c **** *  This function is used for setting up the chip configuration areas that
 179:Generated_Source\PSoC5/cyfitter_cfg.c **** *  contain relatively sparse data.
 180:Generated_Source\PSoC5/cyfitter_cfg.c **** *
 181:Generated_Source\PSoC5/cyfitter_cfg.c **** * Parameters:
 182:Generated_Source\PSoC5/cyfitter_cfg.c **** *   void
 183:Generated_Source\PSoC5/cyfitter_cfg.c **** *
ARM GAS  C:\Users\ke\AppData\Local\Temp\cc8bgmTN.s 			page 5


 184:Generated_Source\PSoC5/cyfitter_cfg.c **** * Return:
 185:Generated_Source\PSoC5/cyfitter_cfg.c **** *   void
 186:Generated_Source\PSoC5/cyfitter_cfg.c **** *
 187:Generated_Source\PSoC5/cyfitter_cfg.c **** *******************************************************************************/
 188:Generated_Source\PSoC5/cyfitter_cfg.c **** static void cfg_write_bytes32(const uint32 addr_table[], const cy_cfg_addrvalue_t data_table[]);
 189:Generated_Source\PSoC5/cyfitter_cfg.c **** static void cfg_write_bytes32(const uint32 addr_table[], const cy_cfg_addrvalue_t data_table[])
 190:Generated_Source\PSoC5/cyfitter_cfg.c **** {
  46              		.loc 1 190 0
  47              		.cfi_startproc
  48              		@ args = 0, pretend = 0, frame = 0
  49              		@ frame_needed = 0, uses_anonymous_args = 0
  50              		@ link register save eliminated.
  51              	.LVL1:
  52              		.loc 1 190 0
  53 0000 F0B4     		push	{r4, r5, r6, r7}
  54              		.cfi_def_cfa_offset 16
  55              		.cfi_offset 4, -16
  56              		.cfi_offset 5, -12
  57              		.cfi_offset 6, -8
  58              		.cfi_offset 7, -4
  59              	.LVL2:
 191:Generated_Source\PSoC5/cyfitter_cfg.c **** 	/* For 32-bit little-endian architectures */
 192:Generated_Source\PSoC5/cyfitter_cfg.c **** 	uint32 i, j = 0u;
  60              		.loc 1 192 0
  61 0002 0022     		movs	r2, #0
 193:Generated_Source\PSoC5/cyfitter_cfg.c **** 	for (i = 0u; i < CY_CFG_BASE_ADDR_COUNT; i++)
  62              		.loc 1 193 0
  63 0004 1746     		mov	r7, r2
  64 0006 11E0     		b	.L4
  65              	.LVL3:
  66              	.L7:
  67              	.LBB2:
 194:Generated_Source\PSoC5/cyfitter_cfg.c **** 	{
 195:Generated_Source\PSoC5/cyfitter_cfg.c **** 		uint32 baseAddr = addr_table[i];
  68              		.loc 1 195 0
  69 0008 50F82760 		ldr	r6, [r0, r7, lsl #2]
  70              	.LVL4:
 196:Generated_Source\PSoC5/cyfitter_cfg.c **** 		uint8 count = (uint8)baseAddr;
  71              		.loc 1 196 0
  72 000c F3B2     		uxtb	r3, r6
  73              	.LVL5:
 197:Generated_Source\PSoC5/cyfitter_cfg.c **** 		baseAddr &= 0xFFFFFF00u;
  74              		.loc 1 197 0
  75 000e 26F0FF06 		bic	r6, r6, #255
  76              	.LVL6:
 198:Generated_Source\PSoC5/cyfitter_cfg.c **** 		while (count != 0u)
  77              		.loc 1 198 0
  78 0012 08E0     		b	.L5
  79              	.L6:
 199:Generated_Source\PSoC5/cyfitter_cfg.c **** 		{
 200:Generated_Source\PSoC5/cyfitter_cfg.c **** 			CY_SET_REG8((void *)(baseAddr + data_table[j].offset), data_table[j].value);
  80              		.loc 1 200 0
  81 0014 01EB4205 		add	r5, r1, r2, lsl #1
  82 0018 11F81240 		ldrb	r4, [r1, r2, lsl #1]	@ zero_extendqisi2
  83 001c 6D78     		ldrb	r5, [r5, #1]	@ zero_extendqisi2
  84 001e A555     		strb	r5, [r4, r6]
 201:Generated_Source\PSoC5/cyfitter_cfg.c **** 			j++;
ARM GAS  C:\Users\ke\AppData\Local\Temp\cc8bgmTN.s 			page 6


  85              		.loc 1 201 0
  86 0020 0132     		adds	r2, r2, #1
  87              	.LVL7:
 202:Generated_Source\PSoC5/cyfitter_cfg.c **** 			count--;
  88              		.loc 1 202 0
  89 0022 013B     		subs	r3, r3, #1
  90              	.LVL8:
  91 0024 DBB2     		uxtb	r3, r3
  92              	.LVL9:
  93              	.L5:
 198:Generated_Source\PSoC5/cyfitter_cfg.c **** 		{
  94              		.loc 1 198 0
  95 0026 002B     		cmp	r3, #0
  96 0028 F4D1     		bne	.L6
  97              	.LBE2:
 193:Generated_Source\PSoC5/cyfitter_cfg.c **** 	{
  98              		.loc 1 193 0 discriminator 2
  99 002a 0137     		adds	r7, r7, #1
 100              	.LVL10:
 101              	.L4:
 193:Generated_Source\PSoC5/cyfitter_cfg.c **** 	{
 102              		.loc 1 193 0 is_stmt 0 discriminator 1
 103 002c 162F     		cmp	r7, #22
 104 002e EBD9     		bls	.L7
 203:Generated_Source\PSoC5/cyfitter_cfg.c **** 		}
 204:Generated_Source\PSoC5/cyfitter_cfg.c **** 	}
 205:Generated_Source\PSoC5/cyfitter_cfg.c **** }
 105              		.loc 1 205 0 is_stmt 1
 106 0030 F0BC     		pop	{r4, r5, r6, r7}
 107              		.cfi_restore 7
 108              		.cfi_restore 6
 109              		.cfi_restore 5
 110              		.cfi_restore 4
 111              		.cfi_def_cfa_offset 0
 112              	.LVL11:
 113 0032 7047     		bx	lr
 114              		.cfi_endproc
 115              	.LFE4:
 116              		.size	cfg_write_bytes32, .-cfg_write_bytes32
 117              		.section	.text.CYMEMZERO,"ax",%progbits
 118              		.align	2
 119              		.thumb
 120              		.thumb_func
 121              		.type	CYMEMZERO, %function
 122              	CYMEMZERO:
 123              	.LFB0:
  78:Generated_Source\PSoC5/cyfitter_cfg.c **** 	(void)memset(s, 0, n);
 124              		.loc 1 78 0
 125              		.cfi_startproc
 126              		@ args = 0, pretend = 0, frame = 0
 127              		@ frame_needed = 0, uses_anonymous_args = 0
 128              	.LVL12:
 129 0000 08B5     		push	{r3, lr}
 130              		.cfi_def_cfa_offset 8
 131              		.cfi_offset 3, -8
 132              		.cfi_offset 14, -4
  79:Generated_Source\PSoC5/cyfitter_cfg.c **** }
ARM GAS  C:\Users\ke\AppData\Local\Temp\cc8bgmTN.s 			page 7


 133              		.loc 1 79 0
 134 0002 0A46     		mov	r2, r1
 135 0004 0021     		movs	r1, #0
 136              	.LVL13:
 137 0006 FFF7FEFF 		bl	memset
 138              	.LVL14:
 139 000a 08BD     		pop	{r3, pc}
 140              		.cfi_endproc
 141              	.LFE0:
 142              		.size	CYMEMZERO, .-CYMEMZERO
 143              		.section	.text.AnalogSetDefault,"ax",%progbits
 144              		.align	2
 145              		.thumb
 146              		.thumb_func
 147              		.type	AnalogSetDefault, %function
 148              	AnalogSetDefault:
 149              	.LFB6:
 206:Generated_Source\PSoC5/cyfitter_cfg.c **** 
 207:Generated_Source\PSoC5/cyfitter_cfg.c **** /*******************************************************************************
 208:Generated_Source\PSoC5/cyfitter_cfg.c **** * Function Name: ClockSetup
 209:Generated_Source\PSoC5/cyfitter_cfg.c **** ********************************************************************************
 210:Generated_Source\PSoC5/cyfitter_cfg.c **** *
 211:Generated_Source\PSoC5/cyfitter_cfg.c **** * Summary:
 212:Generated_Source\PSoC5/cyfitter_cfg.c **** *  Performs the initialization of all of the clocks in the device based on the
 213:Generated_Source\PSoC5/cyfitter_cfg.c **** *  settings in the Clock tab of the DWR.  This includes enabling the requested
 214:Generated_Source\PSoC5/cyfitter_cfg.c **** *  clocks and setting the necessary dividers to produce the desired frequency. 
 215:Generated_Source\PSoC5/cyfitter_cfg.c **** *
 216:Generated_Source\PSoC5/cyfitter_cfg.c **** * Parameters:
 217:Generated_Source\PSoC5/cyfitter_cfg.c **** *  void
 218:Generated_Source\PSoC5/cyfitter_cfg.c **** *
 219:Generated_Source\PSoC5/cyfitter_cfg.c **** * Return:
 220:Generated_Source\PSoC5/cyfitter_cfg.c **** *  void
 221:Generated_Source\PSoC5/cyfitter_cfg.c **** *
 222:Generated_Source\PSoC5/cyfitter_cfg.c **** *******************************************************************************/
 223:Generated_Source\PSoC5/cyfitter_cfg.c **** static void ClockSetup(void);
 224:Generated_Source\PSoC5/cyfitter_cfg.c **** static void ClockSetup(void)
 225:Generated_Source\PSoC5/cyfitter_cfg.c **** {
 226:Generated_Source\PSoC5/cyfitter_cfg.c **** 	uint32 timeout;
 227:Generated_Source\PSoC5/cyfitter_cfg.c **** 	uint8 pllLock;
 228:Generated_Source\PSoC5/cyfitter_cfg.c **** 
 229:Generated_Source\PSoC5/cyfitter_cfg.c **** 
 230:Generated_Source\PSoC5/cyfitter_cfg.c **** 	/* Configure Digital Clocks based on settings from Clock DWR */
 231:Generated_Source\PSoC5/cyfitter_cfg.c **** 	CY_SET_XTND_REG16((void CYFAR *)(CYREG_CLKDIST_DCFG0_CFG0), 0x012Bu);
 232:Generated_Source\PSoC5/cyfitter_cfg.c **** 	CY_SET_XTND_REG8((void CYFAR *)(CYREG_CLKDIST_DCFG0_CFG0 + 0x2u), 0x19u);
 233:Generated_Source\PSoC5/cyfitter_cfg.c **** 	CY_SET_XTND_REG16((void CYFAR *)(CYREG_CLKDIST_DCFG1_CFG0), 0x5DBFu);
 234:Generated_Source\PSoC5/cyfitter_cfg.c **** 	CY_SET_XTND_REG8((void CYFAR *)(CYREG_CLKDIST_DCFG1_CFG0 + 0x2u), 0x18u);
 235:Generated_Source\PSoC5/cyfitter_cfg.c **** 
 236:Generated_Source\PSoC5/cyfitter_cfg.c **** 	/* Configure Analog Clocks based on settings from Clock DWR */
 237:Generated_Source\PSoC5/cyfitter_cfg.c **** 	CYCONFIGCPY((void CYFAR *)(CYREG_CLKDIST_ACFG0_CFG0), (const void CYFAR *)(BS_CYDEV_CLKDIST_ACFG0_
 238:Generated_Source\PSoC5/cyfitter_cfg.c **** 
 239:Generated_Source\PSoC5/cyfitter_cfg.c **** 	/* Configure ILO based on settings from Clock DWR */
 240:Generated_Source\PSoC5/cyfitter_cfg.c **** 	CY_SET_XTND_REG8((void CYFAR *)(CYREG_SLOWCLK_ILO_CR0), 0x02u);
 241:Generated_Source\PSoC5/cyfitter_cfg.c **** 	CY_SET_XTND_REG8((void CYFAR *)(CYREG_CLKDIST_CR), 0x08u);
 242:Generated_Source\PSoC5/cyfitter_cfg.c **** 
 243:Generated_Source\PSoC5/cyfitter_cfg.c **** 	/* Configure IMO based on settings from Clock DWR */
 244:Generated_Source\PSoC5/cyfitter_cfg.c **** 	CY_SET_XTND_REG8((void CYFAR *)(CYREG_FASTCLK_IMO_CR), 0x03u);
 245:Generated_Source\PSoC5/cyfitter_cfg.c **** 	CY_SET_XTND_REG8((void CYFAR *)(CYREG_IMO_TR1), (CY_GET_XTND_REG8((void CYFAR *)CYREG_FLSHID_CUST_
ARM GAS  C:\Users\ke\AppData\Local\Temp\cc8bgmTN.s 			page 8


 246:Generated_Source\PSoC5/cyfitter_cfg.c **** 
 247:Generated_Source\PSoC5/cyfitter_cfg.c **** 	/* Configure PLL based on settings from Clock DWR */
 248:Generated_Source\PSoC5/cyfitter_cfg.c **** 	CY_SET_XTND_REG16((void CYFAR *)(CYREG_FASTCLK_PLL_P), 0x0008u);
 249:Generated_Source\PSoC5/cyfitter_cfg.c **** 	CY_SET_XTND_REG16((void CYFAR *)(CYREG_FASTCLK_PLL_CFG0), 0x1251u);
 250:Generated_Source\PSoC5/cyfitter_cfg.c **** 	/* Wait up to 250us for the PLL to lock */
 251:Generated_Source\PSoC5/cyfitter_cfg.c **** 	pllLock = 0u;
 252:Generated_Source\PSoC5/cyfitter_cfg.c **** 	for (timeout = 250u / 10u; (timeout > 0u) && (pllLock != 0x03u); timeout--)
 253:Generated_Source\PSoC5/cyfitter_cfg.c **** 	{ 
 254:Generated_Source\PSoC5/cyfitter_cfg.c **** 		pllLock = 0x03u & ((uint8)((uint8)pllLock << 1) | ((CY_GET_XTND_REG8((void CYFAR *)CYREG_FASTCLK_
 255:Generated_Source\PSoC5/cyfitter_cfg.c **** 		CyDelayCycles(10u * 48u); /* Delay 10us based on 48MHz clock */
 256:Generated_Source\PSoC5/cyfitter_cfg.c **** 	}
 257:Generated_Source\PSoC5/cyfitter_cfg.c **** 	/* If we ran out of time the PLL didn't lock so go to the error function */
 258:Generated_Source\PSoC5/cyfitter_cfg.c **** 	if (timeout == 0u)
 259:Generated_Source\PSoC5/cyfitter_cfg.c **** 	{
 260:Generated_Source\PSoC5/cyfitter_cfg.c **** 		CyClockStartupError(CYCLOCKSTART_PLL_ERROR);
 261:Generated_Source\PSoC5/cyfitter_cfg.c **** 	}
 262:Generated_Source\PSoC5/cyfitter_cfg.c **** 
 263:Generated_Source\PSoC5/cyfitter_cfg.c **** 	/* Configure Bus/Master Clock based on settings from Clock DWR */
 264:Generated_Source\PSoC5/cyfitter_cfg.c **** 	CY_SET_XTND_REG16((void CYFAR *)(CYREG_CLKDIST_MSTR0), 0x0100u);
 265:Generated_Source\PSoC5/cyfitter_cfg.c **** 	CY_SET_XTND_REG8((void CYFAR *)(CYREG_CLKDIST_MSTR0), 0x07u);
 266:Generated_Source\PSoC5/cyfitter_cfg.c **** 	CY_SET_XTND_REG8((void CYFAR *)(CYREG_CLKDIST_BCFG0), 0x00u);
 267:Generated_Source\PSoC5/cyfitter_cfg.c **** 	CY_SET_XTND_REG8((void CYFAR *)(CYREG_CLKDIST_BCFG2), 0x48u);
 268:Generated_Source\PSoC5/cyfitter_cfg.c **** 	CY_SET_XTND_REG8((void CYFAR *)(CYREG_CLKDIST_MSTR0), 0x00u);
 269:Generated_Source\PSoC5/cyfitter_cfg.c **** 	CY_SET_XTND_REG8((void CYFAR *)(CYREG_CLKDIST_LD), 0x02u);
 270:Generated_Source\PSoC5/cyfitter_cfg.c **** 	CY_SET_XTND_REG8((void CYFAR *)(CYREG_CLKDIST_DLY1), 0x04u);
 271:Generated_Source\PSoC5/cyfitter_cfg.c **** 
 272:Generated_Source\PSoC5/cyfitter_cfg.c **** 	CY_SET_XTND_REG8((void CYFAR *)(CYREG_PM_ACT_CFG2), ((CY_GET_XTND_REG8((void CYFAR *)CYREG_PM_ACT_
 273:Generated_Source\PSoC5/cyfitter_cfg.c **** 	CY_SET_XTND_REG8((void CYFAR *)(CYREG_PM_ACT_CFG1), ((CY_GET_XTND_REG8((void CYFAR *)CYREG_PM_ACT_
 274:Generated_Source\PSoC5/cyfitter_cfg.c **** 	CY_SET_XTND_REG8((void CYFAR *)(CYREG_PM_ACT_CFG0), ((CY_GET_XTND_REG8((void CYFAR *)CYREG_PM_ACT_
 275:Generated_Source\PSoC5/cyfitter_cfg.c **** }
 276:Generated_Source\PSoC5/cyfitter_cfg.c **** 
 277:Generated_Source\PSoC5/cyfitter_cfg.c **** 
 278:Generated_Source\PSoC5/cyfitter_cfg.c **** /* Analog API Functions */
 279:Generated_Source\PSoC5/cyfitter_cfg.c **** 
 280:Generated_Source\PSoC5/cyfitter_cfg.c **** 
 281:Generated_Source\PSoC5/cyfitter_cfg.c **** /*******************************************************************************
 282:Generated_Source\PSoC5/cyfitter_cfg.c **** * Function Name: AnalogSetDefault
 283:Generated_Source\PSoC5/cyfitter_cfg.c **** ********************************************************************************
 284:Generated_Source\PSoC5/cyfitter_cfg.c **** *
 285:Generated_Source\PSoC5/cyfitter_cfg.c **** * Summary:
 286:Generated_Source\PSoC5/cyfitter_cfg.c **** *  Sets up the analog portions of the chip to default values based on chip
 287:Generated_Source\PSoC5/cyfitter_cfg.c **** *  configuration options from the project.
 288:Generated_Source\PSoC5/cyfitter_cfg.c **** *
 289:Generated_Source\PSoC5/cyfitter_cfg.c **** * Parameters:
 290:Generated_Source\PSoC5/cyfitter_cfg.c **** *  void
 291:Generated_Source\PSoC5/cyfitter_cfg.c **** *
 292:Generated_Source\PSoC5/cyfitter_cfg.c **** * Return:
 293:Generated_Source\PSoC5/cyfitter_cfg.c **** *  void
 294:Generated_Source\PSoC5/cyfitter_cfg.c **** *
 295:Generated_Source\PSoC5/cyfitter_cfg.c **** *******************************************************************************/
 296:Generated_Source\PSoC5/cyfitter_cfg.c **** static void AnalogSetDefault(void);
 297:Generated_Source\PSoC5/cyfitter_cfg.c **** static void AnalogSetDefault(void)
 298:Generated_Source\PSoC5/cyfitter_cfg.c **** {
 150              		.loc 1 298 0
 151              		.cfi_startproc
 152              		@ args = 0, pretend = 0, frame = 0
 153              		@ frame_needed = 0, uses_anonymous_args = 0
ARM GAS  C:\Users\ke\AppData\Local\Temp\cc8bgmTN.s 			page 9


 154 0000 F8B5     		push	{r3, r4, r5, r6, r7, lr}
 155              		.cfi_def_cfa_offset 24
 156              		.cfi_offset 3, -24
 157              		.cfi_offset 4, -20
 158              		.cfi_offset 5, -16
 159              		.cfi_offset 6, -12
 160              		.cfi_offset 7, -8
 161              		.cfi_offset 14, -4
 299:Generated_Source\PSoC5/cyfitter_cfg.c **** 	uint8 bg_xover_inl_trim = CY_GET_XTND_REG8((void CYFAR *)(CYREG_FLSHID_MFG_CFG_BG_XOVER_INL_TRIM +
 162              		.loc 1 299 0
 163 0002 174B     		ldr	r3, .L13
 164 0004 1B78     		ldrb	r3, [r3]	@ zero_extendqisi2
 165 0006 DBB2     		uxtb	r3, r3
 166              	.LVL15:
 300:Generated_Source\PSoC5/cyfitter_cfg.c **** 	uint8 cr4 = CY_GET_XTND_REG8((void CYFAR *)(CYREG_RESET_CR4));
 167              		.loc 1 300 0
 168 0008 164E     		ldr	r6, .L13+4
 169 000a 3478     		ldrb	r4, [r6]	@ zero_extendqisi2
 170 000c E4B2     		uxtb	r4, r4
 171              	.LVL16:
 301:Generated_Source\PSoC5/cyfitter_cfg.c **** 	uint8 cr5 = CY_GET_XTND_REG8((void CYFAR *)(CYREG_RESET_CR5));
 172              		.loc 1 301 0
 173 000e 164F     		ldr	r7, .L13+8
 174 0010 3D78     		ldrb	r5, [r7]	@ zero_extendqisi2
 175 0012 EDB2     		uxtb	r5, r5
 176              	.LVL17:
 302:Generated_Source\PSoC5/cyfitter_cfg.c **** 	CY_SET_XTND_REG8((void CYFAR *)(CYREG_BG_DFT0), (bg_xover_inl_trim & 0x07u));
 177              		.loc 1 302 0
 178 0014 03F00701 		and	r1, r3, #7
 179 0018 144A     		ldr	r2, .L13+12
 180 001a 1170     		strb	r1, [r2]
 303:Generated_Source\PSoC5/cyfitter_cfg.c **** 	CY_SET_XTND_REG8((void CYFAR *)(CYREG_BG_DFT1), ((bg_xover_inl_trim >> 4) & 0x0Fu));
 181              		.loc 1 303 0
 182 001c 1B09     		lsrs	r3, r3, #4
 183              	.LVL18:
 184 001e 0132     		adds	r2, r2, #1
 185 0020 1370     		strb	r3, [r2]
 304:Generated_Source\PSoC5/cyfitter_cfg.c **** 	/* Disable PRES while setting up SAR voltage reference */
 305:Generated_Source\PSoC5/cyfitter_cfg.c **** 	CY_SET_XTND_REG8((void CYFAR *)(CYREG_RESET_CR4), (cr4 | 0x03u));
 186              		.loc 1 305 0
 187 0022 44F00303 		orr	r3, r4, #3
 188 0026 3370     		strb	r3, [r6]
 306:Generated_Source\PSoC5/cyfitter_cfg.c **** 	CY_SET_XTND_REG8((void CYFAR *)(CYREG_RESET_CR5), (cr5 | 0x03u));
 189              		.loc 1 306 0
 190 0028 45F00303 		orr	r3, r5, #3
 191 002c 3B70     		strb	r3, [r7]
 307:Generated_Source\PSoC5/cyfitter_cfg.c **** 	CY_SET_XTND_REG8((void CYFAR *)CYREG_PRT2_AG, 0x08u);
 192              		.loc 1 307 0
 193 002e 0823     		movs	r3, #8
 194 0030 A2F24272 		subw	r2, r2, #1858
 195 0034 1370     		strb	r3, [r2]
 308:Generated_Source\PSoC5/cyfitter_cfg.c **** 	CY_SET_XTND_REG8((void CYFAR *)CYREG_SAR1_CSR1, 0x80u);
 196              		.loc 1 308 0
 197 0036 8021     		movs	r1, #128
 198 0038 02F2DC72 		addw	r2, r2, #2012
 199 003c 1170     		strb	r1, [r2]
 309:Generated_Source\PSoC5/cyfitter_cfg.c **** 	CY_SET_XTND_REG8((void CYFAR *)CYREG_SAR1_SW0, 0x08u);
ARM GAS  C:\Users\ke\AppData\Local\Temp\cc8bgmTN.s 			page 10


 200              		.loc 1 309 0
 201 003e 02F21F22 		addw	r2, r2, #543
 202 0042 1370     		strb	r3, [r2]
 310:Generated_Source\PSoC5/cyfitter_cfg.c **** 	CY_SET_XTND_REG8((void CYFAR *)CYREG_SAR1_SW3, 0x20u);
 203              		.loc 1 310 0
 204 0044 2021     		movs	r1, #32
 205 0046 0332     		adds	r2, r2, #3
 206 0048 1170     		strb	r1, [r2]
 311:Generated_Source\PSoC5/cyfitter_cfg.c **** 	CY_SET_XTND_REG8((void CYFAR *)CYREG_BUS_SW0, 0x08u);
 207              		.loc 1 311 0
 208 004a 2D32     		adds	r2, r2, #45
 209 004c 1370     		strb	r3, [r2]
 312:Generated_Source\PSoC5/cyfitter_cfg.c **** 	CyDelayUs(10u); /* Allow vref to settle before re-enabling PRES */
 210              		.loc 1 312 0
 211 004e 0A20     		movs	r0, #10
 212 0050 FFF7FEFF 		bl	CyDelayUs
 213              	.LVL19:
 313:Generated_Source\PSoC5/cyfitter_cfg.c **** 	CY_SET_XTND_REG8((void CYFAR *)(CYREG_RESET_CR5), (cr5));
 214              		.loc 1 313 0
 215 0054 3D70     		strb	r5, [r7]
 314:Generated_Source\PSoC5/cyfitter_cfg.c **** 	CY_SET_XTND_REG8((void CYFAR *)(CYREG_RESET_CR4), (cr4));
 216              		.loc 1 314 0
 217 0056 3470     		strb	r4, [r6]
 315:Generated_Source\PSoC5/cyfitter_cfg.c **** 	CY_SET_XTND_REG8((void CYFAR *)CYREG_PUMP_CR0, 0x44u);
 218              		.loc 1 315 0
 219 0058 4422     		movs	r2, #68
 220 005a 054B     		ldr	r3, .L13+16
 221 005c 1A70     		strb	r2, [r3]
 222 005e F8BD     		pop	{r3, r4, r5, r6, r7, pc}
 223              	.LVL20:
 224              	.L14:
 225              		.align	2
 226              	.L13:
 227 0060 CF010049 		.word	1224737231
 228 0064 F8460040 		.word	1073759992
 229 0068 F9460040 		.word	1073759993
 230 006c 6E580040 		.word	1073764462
 231 0070 76580040 		.word	1073764470
 232              		.cfi_endproc
 233              	.LFE6:
 234              		.size	AnalogSetDefault, .-AnalogSetDefault
 235              		.section	.text.CYCONFIGCPY,"ax",%progbits
 236              		.align	2
 237              		.thumb
 238              		.thumb_func
 239              		.type	CYCONFIGCPY, %function
 240              	CYCONFIGCPY:
 241              	.LFB1:
  85:Generated_Source\PSoC5/cyfitter_cfg.c **** 	(void)memcpy(dest, src, n);
 242              		.loc 1 85 0
 243              		.cfi_startproc
 244              		@ args = 0, pretend = 0, frame = 0
 245              		@ frame_needed = 0, uses_anonymous_args = 0
 246              	.LVL21:
 247 0000 08B5     		push	{r3, lr}
 248              		.cfi_def_cfa_offset 8
 249              		.cfi_offset 3, -8
ARM GAS  C:\Users\ke\AppData\Local\Temp\cc8bgmTN.s 			page 11


 250              		.cfi_offset 14, -4
  86:Generated_Source\PSoC5/cyfitter_cfg.c **** }
 251              		.loc 1 86 0
 252 0002 FFF7FEFF 		bl	memcpy
 253              	.LVL22:
 254 0006 08BD     		pop	{r3, pc}
 255              		.cfi_endproc
 256              	.LFE1:
 257              		.size	CYCONFIGCPY, .-CYCONFIGCPY
 258              		.section	.text.ClockSetup,"ax",%progbits
 259              		.align	2
 260              		.thumb
 261              		.thumb_func
 262              		.type	ClockSetup, %function
 263              	ClockSetup:
 264              	.LFB5:
 225:Generated_Source\PSoC5/cyfitter_cfg.c **** 	uint32 timeout;
 265              		.loc 1 225 0
 266              		.cfi_startproc
 267              		@ args = 0, pretend = 0, frame = 0
 268              		@ frame_needed = 0, uses_anonymous_args = 0
 269 0000 38B5     		push	{r3, r4, r5, lr}
 270              		.cfi_def_cfa_offset 16
 271              		.cfi_offset 3, -16
 272              		.cfi_offset 4, -12
 273              		.cfi_offset 5, -8
 274              		.cfi_offset 14, -4
 231:Generated_Source\PSoC5/cyfitter_cfg.c **** 	CY_SET_XTND_REG8((void CYFAR *)(CYREG_CLKDIST_DCFG0_CFG0 + 0x2u), 0x19u);
 275              		.loc 1 231 0
 276 0002 40F22B12 		movw	r2, #299
 277 0006 304B     		ldr	r3, .L23
 278 0008 1A80     		strh	r2, [r3]	@ movhi
 232:Generated_Source\PSoC5/cyfitter_cfg.c **** 	CY_SET_XTND_REG16((void CYFAR *)(CYREG_CLKDIST_DCFG1_CFG0), 0x5DBFu);
 279              		.loc 1 232 0
 280 000a 1925     		movs	r5, #25
 281 000c 0233     		adds	r3, r3, #2
 282 000e 1D70     		strb	r5, [r3]
 233:Generated_Source\PSoC5/cyfitter_cfg.c **** 	CY_SET_XTND_REG8((void CYFAR *)(CYREG_CLKDIST_DCFG1_CFG0 + 0x2u), 0x18u);
 283              		.loc 1 233 0
 284 0010 45F6BF52 		movw	r2, #23999
 285 0014 0233     		adds	r3, r3, #2
 286 0016 1A80     		strh	r2, [r3]	@ movhi
 234:Generated_Source\PSoC5/cyfitter_cfg.c **** 
 287              		.loc 1 234 0
 288 0018 1822     		movs	r2, #24
 289 001a 0233     		adds	r3, r3, #2
 290 001c 1A70     		strb	r2, [r3]
 237:Generated_Source\PSoC5/cyfitter_cfg.c **** 
 291              		.loc 1 237 0
 292 001e 0422     		movs	r2, #4
 293 0020 2A49     		ldr	r1, .L23+4
 294 0022 2B48     		ldr	r0, .L23+8
 295 0024 FFF7FEFF 		bl	CYCONFIGCPY
 296              	.LVL23:
 240:Generated_Source\PSoC5/cyfitter_cfg.c **** 	CY_SET_XTND_REG8((void CYFAR *)(CYREG_CLKDIST_CR), 0x08u);
 297              		.loc 1 240 0
 298 0028 0222     		movs	r2, #2
ARM GAS  C:\Users\ke\AppData\Local\Temp\cc8bgmTN.s 			page 12


 299 002a 2A4B     		ldr	r3, .L23+12
 300 002c 1A70     		strb	r2, [r3]
 241:Generated_Source\PSoC5/cyfitter_cfg.c **** 
 301              		.loc 1 241 0
 302 002e 0822     		movs	r2, #8
 303 0030 4FF04023 		mov	r3, #1073758208
 304 0034 1A70     		strb	r2, [r3]
 244:Generated_Source\PSoC5/cyfitter_cfg.c **** 	CY_SET_XTND_REG8((void CYFAR *)(CYREG_IMO_TR1), (CY_GET_XTND_REG8((void CYFAR *)CYREG_FLSHID_CUST_
 305              		.loc 1 244 0
 306 0036 0321     		movs	r1, #3
 307 0038 03F50073 		add	r3, r3, #512
 308 003c 1970     		strb	r1, [r3]
 245:Generated_Source\PSoC5/cyfitter_cfg.c **** 
 309              		.loc 1 245 0
 310 003e 264B     		ldr	r3, .L23+16
 311 0040 1B78     		ldrb	r3, [r3]	@ zero_extendqisi2
 312 0042 DBB2     		uxtb	r3, r3
 313 0044 2549     		ldr	r1, .L23+20
 314 0046 0B70     		strb	r3, [r1]
 248:Generated_Source\PSoC5/cyfitter_cfg.c **** 	CY_SET_XTND_REG16((void CYFAR *)(CYREG_FASTCLK_PLL_CFG0), 0x1251u);
 315              		.loc 1 248 0
 316 0048 254B     		ldr	r3, .L23+24
 317 004a 1A80     		strh	r2, [r3]	@ movhi
 249:Generated_Source\PSoC5/cyfitter_cfg.c **** 	/* Wait up to 250us for the PLL to lock */
 318              		.loc 1 249 0
 319 004c 41F25122 		movw	r2, #4689
 320 0050 023B     		subs	r3, r3, #2
 321 0052 1A80     		strh	r2, [r3]	@ movhi
 322              	.LVL24:
 251:Generated_Source\PSoC5/cyfitter_cfg.c **** 	for (timeout = 250u / 10u; (timeout > 0u) && (pllLock != 0x03u); timeout--)
 323              		.loc 1 251 0
 324 0054 0024     		movs	r4, #0
 252:Generated_Source\PSoC5/cyfitter_cfg.c **** 	{ 
 325              		.loc 1 252 0
 326 0056 0CE0     		b	.L18
 327              	.LVL25:
 328              	.L20:
 254:Generated_Source\PSoC5/cyfitter_cfg.c **** 		CyDelayCycles(10u * 48u); /* Delay 10us based on 48MHz clock */
 329              		.loc 1 254 0 discriminator 4
 330 0058 224B     		ldr	r3, .L23+28
 331 005a 1B78     		ldrb	r3, [r3]	@ zero_extendqisi2
 332 005c 03F00103 		and	r3, r3, #1
 333 0060 43EA4404 		orr	r4, r3, r4, lsl #1
 334              	.LVL26:
 335 0064 04F00304 		and	r4, r4, #3
 336              	.LVL27:
 255:Generated_Source\PSoC5/cyfitter_cfg.c **** 	}
 337              		.loc 1 255 0 discriminator 4
 338 0068 4FF4F070 		mov	r0, #480
 339 006c FFF7FEFF 		bl	CyDelayCycles
 340              	.LVL28:
 252:Generated_Source\PSoC5/cyfitter_cfg.c **** 	{ 
 341              		.loc 1 252 0 discriminator 4
 342 0070 013D     		subs	r5, r5, #1
 343              	.LVL29:
 344              	.L18:
 252:Generated_Source\PSoC5/cyfitter_cfg.c **** 	{ 
ARM GAS  C:\Users\ke\AppData\Local\Temp\cc8bgmTN.s 			page 13


 345              		.loc 1 252 0 is_stmt 0 discriminator 1
 346 0072 0DB1     		cbz	r5, .L19
 252:Generated_Source\PSoC5/cyfitter_cfg.c **** 	{ 
 347              		.loc 1 252 0 discriminator 3
 348 0074 032C     		cmp	r4, #3
 349 0076 EFD1     		bne	.L20
 350              	.L19:
 258:Generated_Source\PSoC5/cyfitter_cfg.c **** 	{
 351              		.loc 1 258 0 is_stmt 1
 352 0078 15B9     		cbnz	r5, .L21
 260:Generated_Source\PSoC5/cyfitter_cfg.c **** 	}
 353              		.loc 1 260 0
 354 007a 0320     		movs	r0, #3
 355 007c FFF7FEFF 		bl	CyClockStartupError
 356              	.LVL30:
 357              	.L21:
 264:Generated_Source\PSoC5/cyfitter_cfg.c **** 	CY_SET_XTND_REG8((void CYFAR *)(CYREG_CLKDIST_MSTR0), 0x07u);
 358              		.loc 1 264 0
 359 0080 194B     		ldr	r3, .L23+32
 360 0082 4FF48072 		mov	r2, #256
 361 0086 1A80     		strh	r2, [r3]	@ movhi
 265:Generated_Source\PSoC5/cyfitter_cfg.c **** 	CY_SET_XTND_REG8((void CYFAR *)(CYREG_CLKDIST_BCFG0), 0x00u);
 362              		.loc 1 265 0
 363 0088 0722     		movs	r2, #7
 364 008a 1A70     		strb	r2, [r3]
 266:Generated_Source\PSoC5/cyfitter_cfg.c **** 	CY_SET_XTND_REG8((void CYFAR *)(CYREG_CLKDIST_BCFG2), 0x48u);
 365              		.loc 1 266 0
 366 008c 0022     		movs	r2, #0
 367 008e 1749     		ldr	r1, .L23+36
 368 0090 0A70     		strb	r2, [r1]
 267:Generated_Source\PSoC5/cyfitter_cfg.c **** 	CY_SET_XTND_REG8((void CYFAR *)(CYREG_CLKDIST_MSTR0), 0x00u);
 369              		.loc 1 267 0
 370 0092 4820     		movs	r0, #72
 371 0094 0231     		adds	r1, r1, #2
 372 0096 0870     		strb	r0, [r1]
 268:Generated_Source\PSoC5/cyfitter_cfg.c **** 	CY_SET_XTND_REG8((void CYFAR *)(CYREG_CLKDIST_LD), 0x02u);
 373              		.loc 1 268 0
 374 0098 1A70     		strb	r2, [r3]
 269:Generated_Source\PSoC5/cyfitter_cfg.c **** 	CY_SET_XTND_REG8((void CYFAR *)(CYREG_CLKDIST_DLY1), 0x04u);
 375              		.loc 1 269 0
 376 009a 0222     		movs	r2, #2
 377 009c 033B     		subs	r3, r3, #3
 378 009e 1A70     		strb	r2, [r3]
 270:Generated_Source\PSoC5/cyfitter_cfg.c **** 
 379              		.loc 1 270 0
 380 00a0 0422     		movs	r2, #4
 381 00a2 0A33     		adds	r3, r3, #10
 382 00a4 1A70     		strb	r2, [r3]
 272:Generated_Source\PSoC5/cyfitter_cfg.c **** 	CY_SET_XTND_REG8((void CYFAR *)(CYREG_PM_ACT_CFG1), ((CY_GET_XTND_REG8((void CYFAR *)CYREG_PM_ACT_
 383              		.loc 1 272 0
 384 00a6 124A     		ldr	r2, .L23+40
 385 00a8 1378     		ldrb	r3, [r2]	@ zero_extendqisi2
 386 00aa 43F00303 		orr	r3, r3, #3
 387 00ae 1370     		strb	r3, [r2]
 273:Generated_Source\PSoC5/cyfitter_cfg.c **** 	CY_SET_XTND_REG8((void CYFAR *)(CYREG_PM_ACT_CFG0), ((CY_GET_XTND_REG8((void CYFAR *)CYREG_PM_ACT_
 388              		.loc 1 273 0
 389 00b0 013A     		subs	r2, r2, #1
ARM GAS  C:\Users\ke\AppData\Local\Temp\cc8bgmTN.s 			page 14


 390 00b2 1378     		ldrb	r3, [r2]	@ zero_extendqisi2
 391 00b4 43F00103 		orr	r3, r3, #1
 392 00b8 1370     		strb	r3, [r2]
 274:Generated_Source\PSoC5/cyfitter_cfg.c **** }
 393              		.loc 1 274 0
 394 00ba 013A     		subs	r2, r2, #1
 395 00bc 1378     		ldrb	r3, [r2]	@ zero_extendqisi2
 396 00be 43F08003 		orr	r3, r3, #128
 397 00c2 1370     		strb	r3, [r2]
 398 00c4 38BD     		pop	{r3, r4, r5, pc}
 399              	.LVL31:
 400              	.L24:
 401 00c6 00BF     		.align	2
 402              	.L23:
 403 00c8 80400040 		.word	1073758336
 404 00cc A8010048 		.word	1207959976
 405 00d0 00410040 		.word	1073758464
 406 00d4 00430040 		.word	1073758976
 407 00d8 08010049 		.word	1224737032
 408 00dc A1460040 		.word	1073759905
 409 00e0 22420040 		.word	1073758754
 410 00e4 25420040 		.word	1073758757
 411 00e8 04400040 		.word	1073758212
 412 00ec 06400040 		.word	1073758214
 413 00f0 A2430040 		.word	1073759138
 414              		.cfi_endproc
 415              	.LFE5:
 416              		.size	ClockSetup, .-ClockSetup
 417              		.section	.text.SetAnalogRoutingPumps,"ax",%progbits
 418              		.align	2
 419              		.global	SetAnalogRoutingPumps
 420              		.thumb
 421              		.thumb_func
 422              		.type	SetAnalogRoutingPumps, %function
 423              	SetAnalogRoutingPumps:
 424              	.LFB7:
 316:Generated_Source\PSoC5/cyfitter_cfg.c **** }
 317:Generated_Source\PSoC5/cyfitter_cfg.c **** 
 318:Generated_Source\PSoC5/cyfitter_cfg.c **** 
 319:Generated_Source\PSoC5/cyfitter_cfg.c **** /*******************************************************************************
 320:Generated_Source\PSoC5/cyfitter_cfg.c **** * Function Name: SetAnalogRoutingPumps
 321:Generated_Source\PSoC5/cyfitter_cfg.c **** ********************************************************************************
 322:Generated_Source\PSoC5/cyfitter_cfg.c **** *
 323:Generated_Source\PSoC5/cyfitter_cfg.c **** * Summary:
 324:Generated_Source\PSoC5/cyfitter_cfg.c **** * Enables or disables the analog pumps feeding analog routing switches.
 325:Generated_Source\PSoC5/cyfitter_cfg.c **** * Intended to be called at startup, based on the Vdda system configuration;
 326:Generated_Source\PSoC5/cyfitter_cfg.c **** * may be called during operation when the user informs us that the Vdda voltage
 327:Generated_Source\PSoC5/cyfitter_cfg.c **** * crossed the pump threshold.
 328:Generated_Source\PSoC5/cyfitter_cfg.c **** *
 329:Generated_Source\PSoC5/cyfitter_cfg.c **** * Parameters:
 330:Generated_Source\PSoC5/cyfitter_cfg.c **** *  enabled - 1 to enable the pumps, 0 to disable the pumps
 331:Generated_Source\PSoC5/cyfitter_cfg.c **** *
 332:Generated_Source\PSoC5/cyfitter_cfg.c **** * Return:
 333:Generated_Source\PSoC5/cyfitter_cfg.c **** *  void
 334:Generated_Source\PSoC5/cyfitter_cfg.c **** *
 335:Generated_Source\PSoC5/cyfitter_cfg.c **** *******************************************************************************/
 336:Generated_Source\PSoC5/cyfitter_cfg.c **** void SetAnalogRoutingPumps(uint8 enabled)
ARM GAS  C:\Users\ke\AppData\Local\Temp\cc8bgmTN.s 			page 15


 337:Generated_Source\PSoC5/cyfitter_cfg.c **** {
 425              		.loc 1 337 0
 426              		.cfi_startproc
 427              		@ args = 0, pretend = 0, frame = 0
 428              		@ frame_needed = 0, uses_anonymous_args = 0
 429              		@ link register save eliminated.
 430              	.LVL32:
 338:Generated_Source\PSoC5/cyfitter_cfg.c **** 	uint8 regValue = CY_GET_XTND_REG8((void CYFAR *)CYREG_PUMP_CR0);
 431              		.loc 1 338 0
 432 0000 054B     		ldr	r3, .L28
 433 0002 1B78     		ldrb	r3, [r3]	@ zero_extendqisi2
 434 0004 DBB2     		uxtb	r3, r3
 435              	.LVL33:
 339:Generated_Source\PSoC5/cyfitter_cfg.c **** 	if (enabled != 0u)
 436              		.loc 1 339 0
 437 0006 10B1     		cbz	r0, .L26
 340:Generated_Source\PSoC5/cyfitter_cfg.c **** 	{
 341:Generated_Source\PSoC5/cyfitter_cfg.c **** 		regValue |= 0x22u;
 438              		.loc 1 341 0
 439 0008 43F02203 		orr	r3, r3, #34
 440              	.LVL34:
 441 000c 01E0     		b	.L27
 442              	.L26:
 342:Generated_Source\PSoC5/cyfitter_cfg.c **** 	}
 343:Generated_Source\PSoC5/cyfitter_cfg.c **** 	else
 344:Generated_Source\PSoC5/cyfitter_cfg.c **** 	{
 345:Generated_Source\PSoC5/cyfitter_cfg.c **** 		regValue &= (uint8)~0x22u;
 443              		.loc 1 345 0
 444 000e 03F0DD03 		and	r3, r3, #221
 445              	.LVL35:
 446              	.L27:
 346:Generated_Source\PSoC5/cyfitter_cfg.c **** 	}
 347:Generated_Source\PSoC5/cyfitter_cfg.c **** 	CY_SET_XTND_REG8((void CYFAR *)CYREG_PUMP_CR0, regValue);
 447              		.loc 1 347 0
 448 0012 014A     		ldr	r2, .L28
 449 0014 1370     		strb	r3, [r2]
 450 0016 7047     		bx	lr
 451              	.L29:
 452              		.align	2
 453              	.L28:
 454 0018 76580040 		.word	1073764470
 455              		.cfi_endproc
 456              	.LFE7:
 457              		.size	SetAnalogRoutingPumps, .-SetAnalogRoutingPumps
 458              		.section	.text.cyfitter_cfg,"ax",%progbits
 459              		.align	2
 460              		.global	cyfitter_cfg
 461              		.thumb
 462              		.thumb_func
 463              		.type	cyfitter_cfg, %function
 464              	cyfitter_cfg:
 465              	.LFB8:
 348:Generated_Source\PSoC5/cyfitter_cfg.c **** }
 349:Generated_Source\PSoC5/cyfitter_cfg.c **** 
 350:Generated_Source\PSoC5/cyfitter_cfg.c **** 
 351:Generated_Source\PSoC5/cyfitter_cfg.c **** 
 352:Generated_Source\PSoC5/cyfitter_cfg.c **** 
ARM GAS  C:\Users\ke\AppData\Local\Temp\cc8bgmTN.s 			page 16


 353:Generated_Source\PSoC5/cyfitter_cfg.c **** /*******************************************************************************
 354:Generated_Source\PSoC5/cyfitter_cfg.c **** * Function Name: cyfitter_cfg
 355:Generated_Source\PSoC5/cyfitter_cfg.c **** ********************************************************************************
 356:Generated_Source\PSoC5/cyfitter_cfg.c **** * Summary:
 357:Generated_Source\PSoC5/cyfitter_cfg.c **** *  This function is called by the start-up code for the selected device. It
 358:Generated_Source\PSoC5/cyfitter_cfg.c **** *  performs all of the necessary device configuration based on the design
 359:Generated_Source\PSoC5/cyfitter_cfg.c **** *  settings.  This includes settings from the Design Wide Resources (DWR) such
 360:Generated_Source\PSoC5/cyfitter_cfg.c **** *  as Clocks and Pins as well as any component configuration that is necessary.
 361:Generated_Source\PSoC5/cyfitter_cfg.c **** *
 362:Generated_Source\PSoC5/cyfitter_cfg.c **** * Parameters:
 363:Generated_Source\PSoC5/cyfitter_cfg.c **** *   void
 364:Generated_Source\PSoC5/cyfitter_cfg.c **** *
 365:Generated_Source\PSoC5/cyfitter_cfg.c **** * Return:
 366:Generated_Source\PSoC5/cyfitter_cfg.c **** *   void
 367:Generated_Source\PSoC5/cyfitter_cfg.c **** *
 368:Generated_Source\PSoC5/cyfitter_cfg.c **** *******************************************************************************/
 369:Generated_Source\PSoC5/cyfitter_cfg.c **** 
 370:Generated_Source\PSoC5/cyfitter_cfg.c **** void cyfitter_cfg(void)
 371:Generated_Source\PSoC5/cyfitter_cfg.c **** {
 466              		.loc 1 371 0
 467              		.cfi_startproc
 468              		@ args = 0, pretend = 0, frame = 0
 469              		@ frame_needed = 0, uses_anonymous_args = 0
 470 0000 38B5     		push	{r3, r4, r5, lr}
 471              		.cfi_def_cfa_offset 16
 472              		.cfi_offset 3, -16
 473              		.cfi_offset 4, -12
 474              		.cfi_offset 5, -8
 475              		.cfi_offset 14, -4
 372:Generated_Source\PSoC5/cyfitter_cfg.c **** #ifdef CYGlobalIntDisable
 373:Generated_Source\PSoC5/cyfitter_cfg.c **** 	/* Disable interrupts by default. Let user enable if/when they want. */
 374:Generated_Source\PSoC5/cyfitter_cfg.c **** 	CYGlobalIntDisable
 476              		.loc 1 374 0
 477              		.syntax unified
 478              	@ 374 "Generated_Source\PSoC5\cyfitter_cfg.c" 1
 479 0002 72B6     		CPSID   i
 480              	@ 0 "" 2
 375:Generated_Source\PSoC5/cyfitter_cfg.c **** #endif
 376:Generated_Source\PSoC5/cyfitter_cfg.c **** 
 377:Generated_Source\PSoC5/cyfitter_cfg.c **** 	/* Enable/Disable Debug functionality based on settings from System DWR */
 378:Generated_Source\PSoC5/cyfitter_cfg.c **** 	CY_SET_XTND_REG8((void CYFAR *)CYREG_MLOGIC_DEBUG, (CY_GET_XTND_REG8((void CYFAR *)CYREG_MLOGIC_DE
 481              		.loc 1 378 0
 482              		.thumb
 483              		.syntax unified
 484 0004 2B4A     		ldr	r2, .L34
 485 0006 1378     		ldrb	r3, [r2]	@ zero_extendqisi2
 486 0008 43F00403 		orr	r3, r3, #4
 487 000c 1370     		strb	r3, [r2]
 488              	.LVL36:
 489              	.LBB3:
 379:Generated_Source\PSoC5/cyfitter_cfg.c **** 
 380:Generated_Source\PSoC5/cyfitter_cfg.c **** 	{
 381:Generated_Source\PSoC5/cyfitter_cfg.c **** 
 382:Generated_Source\PSoC5/cyfitter_cfg.c **** 		CYPACKED typedef struct {
 383:Generated_Source\PSoC5/cyfitter_cfg.c **** 			void CYFAR *address;
 384:Generated_Source\PSoC5/cyfitter_cfg.c **** 			uint16 size;
 385:Generated_Source\PSoC5/cyfitter_cfg.c **** 		} CYPACKED_ATTR cfg_memset_t;
ARM GAS  C:\Users\ke\AppData\Local\Temp\cc8bgmTN.s 			page 17


 386:Generated_Source\PSoC5/cyfitter_cfg.c **** 
 387:Generated_Source\PSoC5/cyfitter_cfg.c **** 		static const cfg_memset_t CYCODE cfg_memset_list[] = {
 388:Generated_Source\PSoC5/cyfitter_cfg.c **** 			/* address, size */
 389:Generated_Source\PSoC5/cyfitter_cfg.c **** 			{(void CYFAR *)(CYREG_PRT3_DR), 64u},
 390:Generated_Source\PSoC5/cyfitter_cfg.c **** 			{(void CYFAR *)(CYREG_PRT12_DR), 16u},
 391:Generated_Source\PSoC5/cyfitter_cfg.c **** 			{(void CYFAR *)(CYREG_PRT15_DR), 16u},
 392:Generated_Source\PSoC5/cyfitter_cfg.c **** 			{(void CYFAR *)(CYDEV_UCFG_B0_P0_U0_BASE), 4096u},
 393:Generated_Source\PSoC5/cyfitter_cfg.c **** 			{(void CYFAR *)(CYDEV_UCFG_B1_P2_U0_BASE), 2048u},
 394:Generated_Source\PSoC5/cyfitter_cfg.c **** 			{(void CYFAR *)(CYDEV_UCFG_DSI0_BASE), 2560u},
 395:Generated_Source\PSoC5/cyfitter_cfg.c **** 			{(void CYFAR *)(CYDEV_UCFG_DSI12_BASE), 512u},
 396:Generated_Source\PSoC5/cyfitter_cfg.c **** 			{(void CYFAR *)(CYREG_BCTL0_MDCLK_EN), 32u},
 397:Generated_Source\PSoC5/cyfitter_cfg.c **** 		};
 398:Generated_Source\PSoC5/cyfitter_cfg.c **** 
 399:Generated_Source\PSoC5/cyfitter_cfg.c **** 		uint8 CYDATA i;
 400:Generated_Source\PSoC5/cyfitter_cfg.c **** 
 401:Generated_Source\PSoC5/cyfitter_cfg.c **** 		/* Zero out critical memory blocks before beginning configuration */
 402:Generated_Source\PSoC5/cyfitter_cfg.c **** 		for (i = 0u; i < (sizeof(cfg_memset_list)/sizeof(cfg_memset_list[0])); i++)
 490              		.loc 1 402 0
 491 000e 0024     		movs	r4, #0
 492 0010 0CE0     		b	.L31
 493              	.LVL37:
 494              	.L32:
 495              	.LBB4:
 403:Generated_Source\PSoC5/cyfitter_cfg.c **** 		{
 404:Generated_Source\PSoC5/cyfitter_cfg.c **** 			const cfg_memset_t CYCODE * CYDATA ms = &cfg_memset_list[i];
 405:Generated_Source\PSoC5/cyfitter_cfg.c **** 			CYMEMZERO(ms->address, (size_t)(uint32)(ms->size));
 496              		.loc 1 405 0 discriminator 3
 497 0012 294D     		ldr	r5, .L34+4
 498 0014 6300     		lsls	r3, r4, #1
 499 0016 1919     		adds	r1, r3, r4
 500 0018 4A00     		lsls	r2, r1, #1
 501 001a 1146     		mov	r1, r2
 502 001c 2A44     		add	r2, r2, r5
 503 001e 0846     		mov	r0, r1
 504 0020 9188     		ldrh	r1, [r2, #4]
 505 0022 2858     		ldr	r0, [r5, r0]	@ unaligned
 506 0024 FFF7FEFF 		bl	CYMEMZERO
 507              	.LVL38:
 508              	.LBE4:
 402:Generated_Source\PSoC5/cyfitter_cfg.c **** 		{
 509              		.loc 1 402 0 discriminator 3
 510 0028 0134     		adds	r4, r4, #1
 511              	.LVL39:
 512 002a E4B2     		uxtb	r4, r4
 513              	.LVL40:
 514              	.L31:
 402:Generated_Source\PSoC5/cyfitter_cfg.c **** 		{
 515              		.loc 1 402 0 is_stmt 0 discriminator 1
 516 002c 072C     		cmp	r4, #7
 517 002e F0D9     		bls	.L32
 406:Generated_Source\PSoC5/cyfitter_cfg.c **** 		}
 407:Generated_Source\PSoC5/cyfitter_cfg.c **** 
 408:Generated_Source\PSoC5/cyfitter_cfg.c **** 		cfg_write_bytes32(cy_cfg_addr_table, cy_cfg_data_table);
 518              		.loc 1 408 0 is_stmt 1
 519 0030 2249     		ldr	r1, .L34+8
 520 0032 4FF09040 		mov	r0, #1207959552
 521 0036 FFF7FEFF 		bl	cfg_write_bytes32
ARM GAS  C:\Users\ke\AppData\Local\Temp\cc8bgmTN.s 			page 18


 522              	.LVL41:
 409:Generated_Source\PSoC5/cyfitter_cfg.c **** 
 410:Generated_Source\PSoC5/cyfitter_cfg.c **** 		/* Enable digital routing */
 411:Generated_Source\PSoC5/cyfitter_cfg.c **** 		CY_SET_XTND_REG8((void CYFAR *)CYREG_BCTL0_BANK_CTL, CY_GET_XTND_REG8((void CYFAR *)CYREG_BCTL0_B
 523              		.loc 1 411 0
 524 003a 214A     		ldr	r2, .L34+12
 525 003c 1378     		ldrb	r3, [r2]	@ zero_extendqisi2
 526 003e 43F00203 		orr	r3, r3, #2
 527 0042 1370     		strb	r3, [r2]
 412:Generated_Source\PSoC5/cyfitter_cfg.c **** 		CY_SET_XTND_REG8((void CYFAR *)CYREG_BCTL1_BANK_CTL, CY_GET_XTND_REG8((void CYFAR *)CYREG_BCTL1_B
 528              		.loc 1 412 0
 529 0044 1032     		adds	r2, r2, #16
 530 0046 1378     		ldrb	r3, [r2]	@ zero_extendqisi2
 531 0048 43F00203 		orr	r3, r3, #2
 532 004c 1370     		strb	r3, [r2]
 413:Generated_Source\PSoC5/cyfitter_cfg.c **** 
 414:Generated_Source\PSoC5/cyfitter_cfg.c **** 		/* Enable UDB array */
 415:Generated_Source\PSoC5/cyfitter_cfg.c **** 		CY_SET_XTND_REG8((void CYFAR *)CYREG_PM_ACT_CFG0, CY_GET_XTND_REG8((void CYFAR *)CYREG_PM_ACT_CFG
 533              		.loc 1 415 0
 534 004e 1D4C     		ldr	r4, .L34+16
 535              	.LVL42:
 536 0050 2378     		ldrb	r3, [r4]	@ zero_extendqisi2
 537 0052 43F04003 		orr	r3, r3, #64
 538 0056 2370     		strb	r3, [r4]
 416:Generated_Source\PSoC5/cyfitter_cfg.c **** 		CY_SET_XTND_REG8((void CYFAR *)CYREG_PM_AVAIL_CR2, CY_GET_XTND_REG8((void CYFAR *)CYREG_PM_AVAIL_
 539              		.loc 1 416 0
 540 0058 A2F58632 		sub	r2, r2, #68608
 541 005c 513A     		subs	r2, r2, #81
 542 005e 1378     		ldrb	r3, [r2]	@ zero_extendqisi2
 543 0060 43F01003 		orr	r3, r3, #16
 544 0064 1370     		strb	r3, [r2]
 545              	.LBE3:
 417:Generated_Source\PSoC5/cyfitter_cfg.c **** 	}
 418:Generated_Source\PSoC5/cyfitter_cfg.c **** 
 419:Generated_Source\PSoC5/cyfitter_cfg.c **** 
 420:Generated_Source\PSoC5/cyfitter_cfg.c **** 	/* Perform second pass device configuration. These items must be configured in specific order afte
 421:Generated_Source\PSoC5/cyfitter_cfg.c **** 	CYCONFIGCPY((void CYFAR *)(CYREG_PRT0_DM0), (const void CYFAR *)(BS_IOPINS0_0_VAL), 8u);
 546              		.loc 1 421 0
 547 0066 0822     		movs	r2, #8
 548 0068 1749     		ldr	r1, .L34+20
 549 006a 1848     		ldr	r0, .L34+24
 550 006c FFF7FEFF 		bl	CYCONFIGCPY
 551              	.LVL43:
 422:Generated_Source\PSoC5/cyfitter_cfg.c **** 	CYCONFIGCPY((void CYFAR *)(CYREG_PRT1_DM0), (const void CYFAR *)(BS_IOPINS0_1_VAL), 8u);
 552              		.loc 1 422 0
 553 0070 0822     		movs	r2, #8
 554 0072 1749     		ldr	r1, .L34+28
 555 0074 1748     		ldr	r0, .L34+32
 556 0076 FFF7FEFF 		bl	CYCONFIGCPY
 557              	.LVL44:
 423:Generated_Source\PSoC5/cyfitter_cfg.c **** 	CYCONFIGCPY((void CYFAR *)(CYREG_PRT2_DR), (const void CYFAR *)(BS_IOPINS0_2_VAL), 10u);
 558              		.loc 1 423 0
 559 007a 0A22     		movs	r2, #10
 560 007c 1649     		ldr	r1, .L34+36
 561 007e 1748     		ldr	r0, .L34+40
 562 0080 FFF7FEFF 		bl	CYCONFIGCPY
 563              	.LVL45:
ARM GAS  C:\Users\ke\AppData\Local\Temp\cc8bgmTN.s 			page 19


 424:Generated_Source\PSoC5/cyfitter_cfg.c **** 	/* Switch Boost to the precision bandgap reference from its internal reference */
 425:Generated_Source\PSoC5/cyfitter_cfg.c **** 	CY_SET_REG8((void CYXDATA *)CYREG_BOOST_CR2, (CY_GET_REG8((void CYXDATA *)CYREG_BOOST_CR2) | 0x08u
 564              		.loc 1 425 0
 565 0084 164A     		ldr	r2, .L34+44
 566 0086 1378     		ldrb	r3, [r2]	@ zero_extendqisi2
 567 0088 43F00803 		orr	r3, r3, #8
 568 008c 1370     		strb	r3, [r2]
 426:Generated_Source\PSoC5/cyfitter_cfg.c **** 
 427:Generated_Source\PSoC5/cyfitter_cfg.c **** 	/* Set Flash Cycles based on max possible frequency in case a glitch occurs during ClockSetup(). *
 428:Generated_Source\PSoC5/cyfitter_cfg.c **** 	CY_SET_XTND_REG8((void CYFAR *)(CYREG_CACHE_CC_CTL), (((CYDEV_INSTRUCT_CACHE_ENABLED) != 0) ? 0x61
 569              		.loc 1 428 0
 570 008e 154D     		ldr	r5, .L34+48
 571 0090 6123     		movs	r3, #97
 572 0092 2B70     		strb	r3, [r5]
 429:Generated_Source\PSoC5/cyfitter_cfg.c **** 	/* Setup clocks based on selections from Clock DWR */
 430:Generated_Source\PSoC5/cyfitter_cfg.c **** 	ClockSetup();
 573              		.loc 1 430 0
 574 0094 FFF7FEFF 		bl	ClockSetup
 575              	.LVL46:
 431:Generated_Source\PSoC5/cyfitter_cfg.c **** 	/* Set Flash Cycles based on newly configured 24.00MHz Bus Clock. */
 432:Generated_Source\PSoC5/cyfitter_cfg.c **** 	CY_SET_XTND_REG8((void CYFAR *)(CYREG_CACHE_CC_CTL), (((CYDEV_INSTRUCT_CACHE_ENABLED) != 0) ? 0x81
 576              		.loc 1 432 0
 577 0098 8123     		movs	r3, #129
 578 009a 2B70     		strb	r3, [r5]
 433:Generated_Source\PSoC5/cyfitter_cfg.c **** 	CY_SET_XTND_REG8((void CYFAR *)(CYREG_PANTHER_WAITPIPE), 0x01u);
 579              		.loc 1 433 0
 580 009c 0122     		movs	r2, #1
 581 009e 124B     		ldr	r3, .L34+52
 582 00a0 1A70     		strb	r2, [r3]
 434:Generated_Source\PSoC5/cyfitter_cfg.c **** 
 435:Generated_Source\PSoC5/cyfitter_cfg.c **** 	/* Perform basic analog initialization to defaults */
 436:Generated_Source\PSoC5/cyfitter_cfg.c **** 	AnalogSetDefault();
 583              		.loc 1 436 0
 584 00a2 FFF7FEFF 		bl	AnalogSetDefault
 585              	.LVL47:
 437:Generated_Source\PSoC5/cyfitter_cfg.c **** 
 438:Generated_Source\PSoC5/cyfitter_cfg.c **** 	/* Configure alternate active mode */
 439:Generated_Source\PSoC5/cyfitter_cfg.c **** 	CYCONFIGCPY((void CYFAR *)CYDEV_PM_STBY_BASE, (const void CYFAR *)CYDEV_PM_ACT_BASE, 14u);
 586              		.loc 1 439 0
 587 00a6 0E22     		movs	r2, #14
 588 00a8 2146     		mov	r1, r4
 589 00aa 1048     		ldr	r0, .L34+56
 590 00ac FFF7FEFF 		bl	CYCONFIGCPY
 591              	.LVL48:
 592 00b0 38BD     		pop	{r3, r4, r5, pc}
 593              	.L35:
 594 00b2 00BF     		.align	2
 595              	.L34:
 596 00b4 E8460040 		.word	1073759976
 597 00b8 00000000 		.word	.LANCHOR0
 598 00bc 5C000048 		.word	1207959644
 599 00c0 03500140 		.word	1073827843
 600 00c4 A0430040 		.word	1073759136
 601 00c8 8C010048 		.word	1207959948
 602 00cc 02510040 		.word	1073762562
 603 00d0 94010048 		.word	1207959956
 604 00d4 12510040 		.word	1073762578
ARM GAS  C:\Users\ke\AppData\Local\Temp\cc8bgmTN.s 			page 20


 605 00d8 9C010048 		.word	1207959964
 606 00dc 20510040 		.word	1073762592
 607 00e0 22430040 		.word	1073759010
 608 00e4 00480040 		.word	1073760256
 609 00e8 04000840 		.word	1074266116
 610 00ec B0430040 		.word	1073759152
 611              		.cfi_endproc
 612              	.LFE8:
 613              		.size	cyfitter_cfg, .-cyfitter_cfg
 614              		.section	.rodata
 615              		.align	2
 616              		.set	.LANCHOR0,. + 0
 617              		.type	cfg_memset_list.5015, %object
 618              		.size	cfg_memset_list.5015, 48
 619              	cfg_memset_list.5015:
 620 0000 30510040 		.word	1073762608
 621 0004 4000     		.short	64
 622 0006 C0510040 		.4byte	1073762752
 623 000a 1000     		.short	16
 624 000c F0510040 		.word	1073762800
 625 0010 1000     		.short	16
 626 0012 00000140 		.4byte	1073807360
 627 0016 0010     		.short	4096
 628 0018 00140140 		.word	1073812480
 629 001c 0008     		.short	2048
 630 001e 00400140 		.4byte	1073823744
 631 0022 000A     		.short	2560
 632 0024 004C0140 		.word	1073826816
 633 0028 0002     		.short	512
 634 002a 00500140 		.4byte	1073827840
 635 002e 2000     		.short	32
 636              		.text
 637              	.Letext0:
 638              		.file 2 "c:\\program files (x86)\\cypress\\psoc creator\\4.4\\psoc creator\\import\\gnu\\arm\\5.4.
 639              		.file 3 "Generated_Source\\PSoC5\\cytypes.h"
 640              		.file 4 "Generated_Source\\PSoC5\\CyLib.h"
 641              		.section	.debug_info,"",%progbits
 642              	.Ldebug_info0:
 643 0000 24050000 		.4byte	0x524
 644 0004 0400     		.2byte	0x4
 645 0006 00000000 		.4byte	.Ldebug_abbrev0
 646 000a 04       		.byte	0x4
 647 000b 01       		.uleb128 0x1
 648 000c F3000000 		.4byte	.LASF49
 649 0010 0C       		.byte	0xc
 650 0011 80020000 		.4byte	.LASF50
 651 0015 9A000000 		.4byte	.LASF51
 652 0019 00000000 		.4byte	.Ldebug_ranges0+0
 653 001d 00000000 		.4byte	0
 654 0021 00000000 		.4byte	.Ldebug_line0
 655 0025 02       		.uleb128 0x2
 656 0026 04       		.byte	0x4
 657 0027 05       		.byte	0x5
 658 0028 696E7400 		.ascii	"int\000"
 659 002c 03       		.uleb128 0x3
 660 002d 19000000 		.4byte	.LASF12
 661 0031 02       		.byte	0x2
ARM GAS  C:\Users\ke\AppData\Local\Temp\cc8bgmTN.s 			page 21


 662 0032 D8       		.byte	0xd8
 663 0033 37000000 		.4byte	0x37
 664 0037 04       		.uleb128 0x4
 665 0038 04       		.byte	0x4
 666 0039 07       		.byte	0x7
 667 003a 22020000 		.4byte	.LASF0
 668 003e 04       		.uleb128 0x4
 669 003f 08       		.byte	0x8
 670 0040 05       		.byte	0x5
 671 0041 72020000 		.4byte	.LASF1
 672 0045 04       		.uleb128 0x4
 673 0046 08       		.byte	0x8
 674 0047 04       		.byte	0x4
 675 0048 F1020000 		.4byte	.LASF2
 676 004c 04       		.uleb128 0x4
 677 004d 01       		.byte	0x1
 678 004e 06       		.byte	0x6
 679 004f 0F030000 		.4byte	.LASF3
 680 0053 04       		.uleb128 0x4
 681 0054 01       		.byte	0x1
 682 0055 08       		.byte	0x8
 683 0056 B9010000 		.4byte	.LASF4
 684 005a 04       		.uleb128 0x4
 685 005b 02       		.byte	0x2
 686 005c 05       		.byte	0x5
 687 005d D1020000 		.4byte	.LASF5
 688 0061 04       		.uleb128 0x4
 689 0062 02       		.byte	0x2
 690 0063 07       		.byte	0x7
 691 0064 50000000 		.4byte	.LASF6
 692 0068 04       		.uleb128 0x4
 693 0069 04       		.byte	0x4
 694 006a 05       		.byte	0x5
 695 006b E3020000 		.4byte	.LASF7
 696 006f 04       		.uleb128 0x4
 697 0070 04       		.byte	0x4
 698 0071 07       		.byte	0x7
 699 0072 81010000 		.4byte	.LASF8
 700 0076 04       		.uleb128 0x4
 701 0077 08       		.byte	0x8
 702 0078 07       		.byte	0x7
 703 0079 3C020000 		.4byte	.LASF9
 704 007d 04       		.uleb128 0x4
 705 007e 04       		.byte	0x4
 706 007f 07       		.byte	0x7
 707 0080 69020000 		.4byte	.LASF10
 708 0084 05       		.uleb128 0x5
 709 0085 04       		.byte	0x4
 710 0086 04       		.uleb128 0x4
 711 0087 01       		.byte	0x1
 712 0088 08       		.byte	0x8
 713 0089 EC020000 		.4byte	.LASF11
 714 008d 06       		.uleb128 0x6
 715 008e 93010000 		.4byte	.LASF13
 716 0092 03       		.byte	0x3
 717 0093 E801     		.2byte	0x1e8
 718 0095 53000000 		.4byte	0x53
ARM GAS  C:\Users\ke\AppData\Local\Temp\cc8bgmTN.s 			page 22


 719 0099 06       		.uleb128 0x6
 720 009a FF010000 		.4byte	.LASF14
 721 009e 03       		.byte	0x3
 722 009f E901     		.2byte	0x1e9
 723 00a1 61000000 		.4byte	0x61
 724 00a5 06       		.uleb128 0x6
 725 00a6 1B020000 		.4byte	.LASF15
 726 00aa 03       		.byte	0x3
 727 00ab EA01     		.2byte	0x1ea
 728 00ad 6F000000 		.4byte	0x6f
 729 00b1 04       		.uleb128 0x4
 730 00b2 04       		.byte	0x4
 731 00b3 04       		.byte	0x4
 732 00b4 6B000000 		.4byte	.LASF16
 733 00b8 04       		.uleb128 0x4
 734 00b9 08       		.byte	0x8
 735 00ba 04       		.byte	0x4
 736 00bb CE010000 		.4byte	.LASF17
 737 00bf 06       		.uleb128 0x6
 738 00c0 14000000 		.4byte	.LASF18
 739 00c4 03       		.byte	0x3
 740 00c5 9202     		.2byte	0x292
 741 00c7 CB000000 		.4byte	0xcb
 742 00cb 07       		.uleb128 0x7
 743 00cc 8D000000 		.4byte	0x8d
 744 00d0 06       		.uleb128 0x6
 745 00d1 00000000 		.4byte	.LASF19
 746 00d5 03       		.byte	0x3
 747 00d6 9302     		.2byte	0x293
 748 00d8 DC000000 		.4byte	0xdc
 749 00dc 07       		.uleb128 0x7
 750 00dd 99000000 		.4byte	0x99
 751 00e1 08       		.uleb128 0x8
 752 00e2 02       		.byte	0x2
 753 00e3 01       		.byte	0x1
 754 00e4 98       		.byte	0x98
 755 00e5 02010000 		.4byte	0x102
 756 00e9 09       		.uleb128 0x9
 757 00ea CA020000 		.4byte	.LASF20
 758 00ee 01       		.byte	0x1
 759 00ef 9A       		.byte	0x9a
 760 00f0 8D000000 		.4byte	0x8d
 761 00f4 00       		.byte	0
 762 00f5 09       		.uleb128 0x9
 763 00f6 39000000 		.4byte	.LASF21
 764 00fa 01       		.byte	0x1
 765 00fb 9B       		.byte	0x9b
 766 00fc 8D000000 		.4byte	0x8d
 767 0100 01       		.byte	0x1
 768 0101 00       		.byte	0
 769 0102 03       		.uleb128 0x3
 770 0103 B7020000 		.4byte	.LASF22
 771 0107 01       		.byte	0x1
 772 0108 9C       		.byte	0x9c
 773 0109 E1000000 		.4byte	0xe1
 774 010d 0A       		.uleb128 0xa
 775 010e 71000000 		.4byte	.LASF52
ARM GAS  C:\Users\ke\AppData\Local\Temp\cc8bgmTN.s 			page 23


 776 0112 01       		.byte	0x1
 777 0113 7F       		.byte	0x7f
 778 0114 00000000 		.4byte	.LFB3
 779 0118 02000000 		.4byte	.LFE3-.LFB3
 780 011c 01       		.uleb128 0x1
 781 011d 9C       		.byte	0x9c
 782 011e 30010000 		.4byte	0x130
 783 0122 0B       		.uleb128 0xb
 784 0123 11020000 		.4byte	.LASF23
 785 0127 01       		.byte	0x1
 786 0128 7F       		.byte	0x7f
 787 0129 8D000000 		.4byte	0x8d
 788 012d 01       		.uleb128 0x1
 789 012e 50       		.byte	0x50
 790 012f 00       		.byte	0
 791 0130 0C       		.uleb128 0xc
 792 0131 D5010000 		.4byte	.LASF28
 793 0135 01       		.byte	0x1
 794 0136 BD       		.byte	0xbd
 795 0137 00000000 		.4byte	.LFB4
 796 013b 34000000 		.4byte	.LFE4-.LFB4
 797 013f 01       		.uleb128 0x1
 798 0140 9C       		.byte	0x9c
 799 0141 A2010000 		.4byte	0x1a2
 800 0145 0B       		.uleb128 0xb
 801 0146 F4010000 		.4byte	.LASF24
 802 014a 01       		.byte	0x1
 803 014b BD       		.byte	0xbd
 804 014c A2010000 		.4byte	0x1a2
 805 0150 01       		.uleb128 0x1
 806 0151 50       		.byte	0x50
 807 0152 0B       		.uleb128 0xb
 808 0153 06020000 		.4byte	.LASF25
 809 0157 01       		.byte	0x1
 810 0158 BD       		.byte	0xbd
 811 0159 AD010000 		.4byte	0x1ad
 812 015d 01       		.uleb128 0x1
 813 015e 51       		.byte	0x51
 814 015f 0D       		.uleb128 0xd
 815 0160 6900     		.ascii	"i\000"
 816 0162 01       		.byte	0x1
 817 0163 C0       		.byte	0xc0
 818 0164 A5000000 		.4byte	0xa5
 819 0168 00000000 		.4byte	.LLST0
 820 016c 0D       		.uleb128 0xd
 821 016d 6A00     		.ascii	"j\000"
 822 016f 01       		.byte	0x1
 823 0170 C0       		.byte	0xc0
 824 0171 A5000000 		.4byte	0xa5
 825 0175 1F000000 		.4byte	.LLST1
 826 0179 0E       		.uleb128 0xe
 827 017a 08000000 		.4byte	.LBB2
 828 017e 22000000 		.4byte	.LBE2-.LBB2
 829 0182 0F       		.uleb128 0xf
 830 0183 60020000 		.4byte	.LASF26
 831 0187 01       		.byte	0x1
 832 0188 C3       		.byte	0xc3
ARM GAS  C:\Users\ke\AppData\Local\Temp\cc8bgmTN.s 			page 24


 833 0189 A5000000 		.4byte	0xa5
 834 018d 3E000000 		.4byte	.LLST2
 835 0191 0F       		.uleb128 0xf
 836 0192 3F000000 		.4byte	.LASF27
 837 0196 01       		.byte	0x1
 838 0197 C4       		.byte	0xc4
 839 0198 8D000000 		.4byte	0x8d
 840 019c 51000000 		.4byte	.LLST3
 841 01a0 00       		.byte	0
 842 01a1 00       		.byte	0
 843 01a2 10       		.uleb128 0x10
 844 01a3 04       		.byte	0x4
 845 01a4 A8010000 		.4byte	0x1a8
 846 01a8 11       		.uleb128 0x11
 847 01a9 A5000000 		.4byte	0xa5
 848 01ad 10       		.uleb128 0x10
 849 01ae 04       		.byte	0x4
 850 01af B3010000 		.4byte	0x1b3
 851 01b3 11       		.uleb128 0x11
 852 01b4 02010000 		.4byte	0x102
 853 01b8 0C       		.uleb128 0xc
 854 01b9 99010000 		.4byte	.LASF29
 855 01bd 01       		.byte	0x1
 856 01be 4D       		.byte	0x4d
 857 01bf 00000000 		.4byte	.LFB0
 858 01c3 0C000000 		.4byte	.LFE0-.LFB0
 859 01c7 01       		.uleb128 0x1
 860 01c8 9C       		.byte	0x9c
 861 01c9 05020000 		.4byte	0x205
 862 01cd 12       		.uleb128 0x12
 863 01ce 7300     		.ascii	"s\000"
 864 01d0 01       		.byte	0x1
 865 01d1 4D       		.byte	0x4d
 866 01d2 84000000 		.4byte	0x84
 867 01d6 6F000000 		.4byte	.LLST4
 868 01da 12       		.uleb128 0x12
 869 01db 6E00     		.ascii	"n\000"
 870 01dd 01       		.byte	0x1
 871 01de 4D       		.byte	0x4d
 872 01df 2C000000 		.4byte	0x2c
 873 01e3 90000000 		.4byte	.LLST5
 874 01e7 13       		.uleb128 0x13
 875 01e8 0A000000 		.4byte	.LVL14
 876 01ec FF040000 		.4byte	0x4ff
 877 01f0 14       		.uleb128 0x14
 878 01f1 01       		.uleb128 0x1
 879 01f2 50       		.byte	0x50
 880 01f3 03       		.uleb128 0x3
 881 01f4 F3       		.byte	0xf3
 882 01f5 01       		.uleb128 0x1
 883 01f6 50       		.byte	0x50
 884 01f7 14       		.uleb128 0x14
 885 01f8 01       		.uleb128 0x1
 886 01f9 51       		.byte	0x51
 887 01fa 01       		.uleb128 0x1
 888 01fb 30       		.byte	0x30
 889 01fc 14       		.uleb128 0x14
ARM GAS  C:\Users\ke\AppData\Local\Temp\cc8bgmTN.s 			page 25


 890 01fd 01       		.uleb128 0x1
 891 01fe 52       		.byte	0x52
 892 01ff 03       		.uleb128 0x3
 893 0200 F3       		.byte	0xf3
 894 0201 01       		.uleb128 0x1
 895 0202 51       		.byte	0x51
 896 0203 00       		.byte	0
 897 0204 00       		.byte	0
 898 0205 15       		.uleb128 0x15
 899 0206 20000000 		.4byte	.LASF30
 900 020a 01       		.byte	0x1
 901 020b 2901     		.2byte	0x129
 902 020d 00000000 		.4byte	.LFB6
 903 0211 74000000 		.4byte	.LFE6-.LFB6
 904 0215 01       		.uleb128 0x1
 905 0216 9C       		.byte	0x9c
 906 0217 5B020000 		.4byte	0x25b
 907 021b 16       		.uleb128 0x16
 908 021c FD020000 		.4byte	.LASF31
 909 0220 01       		.byte	0x1
 910 0221 2B01     		.2byte	0x12b
 911 0223 8D000000 		.4byte	0x8d
 912 0227 BC000000 		.4byte	.LLST6
 913 022b 17       		.uleb128 0x17
 914 022c 63723400 		.ascii	"cr4\000"
 915 0230 01       		.byte	0x1
 916 0231 2C01     		.2byte	0x12c
 917 0233 8D000000 		.4byte	0x8d
 918 0237 CF000000 		.4byte	.LLST7
 919 023b 17       		.uleb128 0x17
 920 023c 63723500 		.ascii	"cr5\000"
 921 0240 01       		.byte	0x1
 922 0241 2D01     		.2byte	0x12d
 923 0243 8D000000 		.4byte	0x8d
 924 0247 E2000000 		.4byte	.LLST8
 925 024b 13       		.uleb128 0x13
 926 024c 54000000 		.4byte	.LVL19
 927 0250 08050000 		.4byte	0x508
 928 0254 14       		.uleb128 0x14
 929 0255 01       		.uleb128 0x1
 930 0256 50       		.byte	0x50
 931 0257 01       		.uleb128 0x1
 932 0258 3A       		.byte	0x3a
 933 0259 00       		.byte	0
 934 025a 00       		.byte	0
 935 025b 0C       		.uleb128 0xc
 936 025c 24030000 		.4byte	.LASF32
 937 0260 01       		.byte	0x1
 938 0261 54       		.byte	0x54
 939 0262 00000000 		.4byte	.LFB1
 940 0266 08000000 		.4byte	.LFE1-.LFB1
 941 026a 01       		.uleb128 0x1
 942 026b 9C       		.byte	0x9c
 943 026c BB020000 		.4byte	0x2bb
 944 0270 18       		.uleb128 0x18
 945 0271 85000000 		.4byte	.LASF33
 946 0275 01       		.byte	0x1
ARM GAS  C:\Users\ke\AppData\Local\Temp\cc8bgmTN.s 			page 26


 947 0276 54       		.byte	0x54
 948 0277 84000000 		.4byte	0x84
 949 027b F5000000 		.4byte	.LLST9
 950 027f 12       		.uleb128 0x12
 951 0280 73726300 		.ascii	"src\000"
 952 0284 01       		.byte	0x1
 953 0285 54       		.byte	0x54
 954 0286 BB020000 		.4byte	0x2bb
 955 028a 16010000 		.4byte	.LLST10
 956 028e 12       		.uleb128 0x12
 957 028f 6E00     		.ascii	"n\000"
 958 0291 01       		.byte	0x1
 959 0292 54       		.byte	0x54
 960 0293 2C000000 		.4byte	0x2c
 961 0297 37010000 		.4byte	.LLST11
 962 029b 13       		.uleb128 0x13
 963 029c 06000000 		.4byte	.LVL22
 964 02a0 13050000 		.4byte	0x513
 965 02a4 14       		.uleb128 0x14
 966 02a5 01       		.uleb128 0x1
 967 02a6 50       		.byte	0x50
 968 02a7 03       		.uleb128 0x3
 969 02a8 F3       		.byte	0xf3
 970 02a9 01       		.uleb128 0x1
 971 02aa 50       		.byte	0x50
 972 02ab 14       		.uleb128 0x14
 973 02ac 01       		.uleb128 0x1
 974 02ad 51       		.byte	0x51
 975 02ae 03       		.uleb128 0x3
 976 02af F3       		.byte	0xf3
 977 02b0 01       		.uleb128 0x1
 978 02b1 51       		.byte	0x51
 979 02b2 14       		.uleb128 0x14
 980 02b3 01       		.uleb128 0x1
 981 02b4 52       		.byte	0x52
 982 02b5 03       		.uleb128 0x3
 983 02b6 F3       		.byte	0xf3
 984 02b7 01       		.uleb128 0x1
 985 02b8 52       		.byte	0x52
 986 02b9 00       		.byte	0
 987 02ba 00       		.byte	0
 988 02bb 10       		.uleb128 0x10
 989 02bc 04       		.byte	0x4
 990 02bd C1020000 		.4byte	0x2c1
 991 02c1 19       		.uleb128 0x19
 992 02c2 0C       		.uleb128 0xc
 993 02c3 45000000 		.4byte	.LASF34
 994 02c7 01       		.byte	0x1
 995 02c8 E0       		.byte	0xe0
 996 02c9 00000000 		.4byte	.LFB5
 997 02cd F4000000 		.4byte	.LFE5-.LFB5
 998 02d1 01       		.uleb128 0x1
 999 02d2 9C       		.byte	0x9c
 1000 02d3 3F030000 		.4byte	0x33f
 1001 02d7 0F       		.uleb128 0xf
 1002 02d8 31000000 		.4byte	.LASF35
 1003 02dc 01       		.byte	0x1
ARM GAS  C:\Users\ke\AppData\Local\Temp\cc8bgmTN.s 			page 27


 1004 02dd E2       		.byte	0xe2
 1005 02de A5000000 		.4byte	0xa5
 1006 02e2 58010000 		.4byte	.LLST12
 1007 02e6 0F       		.uleb128 0xf
 1008 02e7 63000000 		.4byte	.LASF36
 1009 02eb 01       		.byte	0x1
 1010 02ec E3       		.byte	0xe3
 1011 02ed 8D000000 		.4byte	0x8d
 1012 02f1 77010000 		.4byte	.LLST13
 1013 02f5 1A       		.uleb128 0x1a
 1014 02f6 28000000 		.4byte	.LVL23
 1015 02fa 5B020000 		.4byte	0x25b
 1016 02fe 1A030000 		.4byte	0x31a
 1017 0302 14       		.uleb128 0x14
 1018 0303 01       		.uleb128 0x1
 1019 0304 50       		.byte	0x50
 1020 0305 05       		.uleb128 0x5
 1021 0306 0C       		.byte	0xc
 1022 0307 00410040 		.4byte	0x40004100
 1023 030b 14       		.uleb128 0x14
 1024 030c 01       		.uleb128 0x1
 1025 030d 51       		.byte	0x51
 1026 030e 05       		.uleb128 0x5
 1027 030f 0C       		.byte	0xc
 1028 0310 A8010048 		.4byte	0x480001a8
 1029 0314 14       		.uleb128 0x14
 1030 0315 01       		.uleb128 0x1
 1031 0316 52       		.byte	0x52
 1032 0317 01       		.uleb128 0x1
 1033 0318 34       		.byte	0x34
 1034 0319 00       		.byte	0
 1035 031a 1A       		.uleb128 0x1a
 1036 031b 70000000 		.4byte	.LVL28
 1037 031f 1C050000 		.4byte	0x51c
 1038 0323 2F030000 		.4byte	0x32f
 1039 0327 14       		.uleb128 0x14
 1040 0328 01       		.uleb128 0x1
 1041 0329 50       		.byte	0x50
 1042 032a 03       		.uleb128 0x3
 1043 032b 0A       		.byte	0xa
 1044 032c E001     		.2byte	0x1e0
 1045 032e 00       		.byte	0
 1046 032f 13       		.uleb128 0x13
 1047 0330 80000000 		.4byte	.LVL30
 1048 0334 0D010000 		.4byte	0x10d
 1049 0338 14       		.uleb128 0x14
 1050 0339 01       		.uleb128 0x1
 1051 033a 50       		.byte	0x50
 1052 033b 01       		.uleb128 0x1
 1053 033c 33       		.byte	0x33
 1054 033d 00       		.byte	0
 1055 033e 00       		.byte	0
 1056 033f 1B       		.uleb128 0x1b
 1057 0340 A3010000 		.4byte	.LASF39
 1058 0344 01       		.byte	0x1
 1059 0345 5001     		.2byte	0x150
 1060 0347 00000000 		.4byte	.LFB7
ARM GAS  C:\Users\ke\AppData\Local\Temp\cc8bgmTN.s 			page 28


 1061 034b 1C000000 		.4byte	.LFE7-.LFB7
 1062 034f 01       		.uleb128 0x1
 1063 0350 9C       		.byte	0x9c
 1064 0351 72030000 		.4byte	0x372
 1065 0355 1C       		.uleb128 0x1c
 1066 0356 DB020000 		.4byte	.LASF37
 1067 035a 01       		.byte	0x1
 1068 035b 5001     		.2byte	0x150
 1069 035d 8D000000 		.4byte	0x8d
 1070 0361 01       		.uleb128 0x1
 1071 0362 50       		.byte	0x50
 1072 0363 1D       		.uleb128 0x1d
 1073 0364 1B030000 		.4byte	.LASF38
 1074 0368 01       		.byte	0x1
 1075 0369 5201     		.2byte	0x152
 1076 036b 8D000000 		.4byte	0x8d
 1077 036f 01       		.uleb128 0x1
 1078 0370 53       		.byte	0x53
 1079 0371 00       		.byte	0
 1080 0372 1B       		.uleb128 0x1b
 1081 0373 E7010000 		.4byte	.LASF40
 1082 0377 01       		.byte	0x1
 1083 0378 7201     		.2byte	0x172
 1084 037a 00000000 		.4byte	.LFB8
 1085 037e F0000000 		.4byte	.LFE8-.LFB8
 1086 0382 01       		.uleb128 0x1
 1087 0383 9C       		.byte	0x9c
 1088 0384 FF040000 		.4byte	0x4ff
 1089 0388 1E       		.uleb128 0x1e
 1090 0389 0E000000 		.4byte	.LBB3
 1091 038d 58000000 		.4byte	.LBE3-.LBB3
 1092 0391 5F040000 		.4byte	0x45f
 1093 0395 1F       		.uleb128 0x1f
 1094 0396 06       		.byte	0x6
 1095 0397 01       		.byte	0x1
 1096 0398 7E01     		.2byte	0x17e
 1097 039a B9030000 		.4byte	0x3b9
 1098 039e 20       		.uleb128 0x20
 1099 039f 34020000 		.4byte	.LASF41
 1100 03a3 01       		.byte	0x1
 1101 03a4 7F01     		.2byte	0x17f
 1102 03a6 84000000 		.4byte	0x84
 1103 03aa 00       		.byte	0
 1104 03ab 20       		.uleb128 0x20
 1105 03ac 2F020000 		.4byte	.LASF42
 1106 03b0 01       		.byte	0x1
 1107 03b1 8001     		.2byte	0x180
 1108 03b3 99000000 		.4byte	0x99
 1109 03b7 04       		.byte	0x4
 1110 03b8 00       		.byte	0
 1111 03b9 06       		.uleb128 0x6
 1112 03ba 53020000 		.4byte	.LASF43
 1113 03be 01       		.byte	0x1
 1114 03bf 8101     		.2byte	0x181
 1115 03c1 95030000 		.4byte	0x395
 1116 03c5 21       		.uleb128 0x21
 1117 03c6 D5030000 		.4byte	0x3d5
ARM GAS  C:\Users\ke\AppData\Local\Temp\cc8bgmTN.s 			page 29


 1118 03ca D5030000 		.4byte	0x3d5
 1119 03ce 22       		.uleb128 0x22
 1120 03cf 7D000000 		.4byte	0x7d
 1121 03d3 07       		.byte	0x7
 1122 03d4 00       		.byte	0
 1123 03d5 11       		.uleb128 0x11
 1124 03d6 B9030000 		.4byte	0x3b9
 1125 03da 1D       		.uleb128 0x1d
 1126 03db 8A000000 		.4byte	.LASF44
 1127 03df 01       		.byte	0x1
 1128 03e0 8301     		.2byte	0x183
 1129 03e2 EC030000 		.4byte	0x3ec
 1130 03e6 05       		.uleb128 0x5
 1131 03e7 03       		.byte	0x3
 1132 03e8 00000000 		.4byte	cfg_memset_list.5015
 1133 03ec 11       		.uleb128 0x11
 1134 03ed C5030000 		.4byte	0x3c5
 1135 03f1 17       		.uleb128 0x17
 1136 03f2 6900     		.ascii	"i\000"
 1137 03f4 01       		.byte	0x1
 1138 03f5 8F01     		.2byte	0x18f
 1139 03f7 8D000000 		.4byte	0x8d
 1140 03fb A1010000 		.4byte	.LLST14
 1141 03ff 1E       		.uleb128 0x1e
 1142 0400 12000000 		.4byte	.LBB4
 1143 0404 16000000 		.4byte	.LBE4-.LBB4
 1144 0408 44040000 		.4byte	0x444
 1145 040c 17       		.uleb128 0x17
 1146 040d 6D7300   		.ascii	"ms\000"
 1147 0410 01       		.byte	0x1
 1148 0411 9401     		.2byte	0x194
 1149 0413 1B040000 		.4byte	0x41b
 1150 0417 CB010000 		.4byte	.LLST15
 1151 041b 10       		.uleb128 0x10
 1152 041c 04       		.byte	0x4
 1153 041d D5030000 		.4byte	0x3d5
 1154 0421 13       		.uleb128 0x13
 1155 0422 28000000 		.4byte	.LVL38
 1156 0426 B8010000 		.4byte	0x1b8
 1157 042a 14       		.uleb128 0x14
 1158 042b 01       		.uleb128 0x1
 1159 042c 51       		.byte	0x51
 1160 042d 14       		.uleb128 0x14
 1161 042e 74       		.byte	0x74
 1162 042f 00       		.sleb128 0
 1163 0430 31       		.byte	0x31
 1164 0431 24       		.byte	0x24
 1165 0432 74       		.byte	0x74
 1166 0433 00       		.sleb128 0
 1167 0434 22       		.byte	0x22
 1168 0435 31       		.byte	0x31
 1169 0436 24       		.byte	0x24
 1170 0437 75       		.byte	0x75
 1171 0438 00       		.sleb128 0
 1172 0439 22       		.byte	0x22
 1173 043a 23       		.byte	0x23
 1174 043b 04       		.uleb128 0x4
ARM GAS  C:\Users\ke\AppData\Local\Temp\cc8bgmTN.s 			page 30


 1175 043c 94       		.byte	0x94
 1176 043d 02       		.byte	0x2
 1177 043e 0A       		.byte	0xa
 1178 043f FFFF     		.2byte	0xffff
 1179 0441 1A       		.byte	0x1a
 1180 0442 00       		.byte	0
 1181 0443 00       		.byte	0
 1182 0444 13       		.uleb128 0x13
 1183 0445 3A000000 		.4byte	.LVL41
 1184 0449 30010000 		.4byte	0x130
 1185 044d 14       		.uleb128 0x14
 1186 044e 01       		.uleb128 0x1
 1187 044f 50       		.byte	0x50
 1188 0450 03       		.uleb128 0x3
 1189 0451 42       		.byte	0x42
 1190 0452 4A       		.byte	0x4a
 1191 0453 24       		.byte	0x24
 1192 0454 14       		.uleb128 0x14
 1193 0455 01       		.uleb128 0x1
 1194 0456 51       		.byte	0x51
 1195 0457 05       		.uleb128 0x5
 1196 0458 0C       		.byte	0xc
 1197 0459 5C000048 		.4byte	0x4800005c
 1198 045d 00       		.byte	0
 1199 045e 00       		.byte	0
 1200 045f 1A       		.uleb128 0x1a
 1201 0460 70000000 		.4byte	.LVL43
 1202 0464 5B020000 		.4byte	0x25b
 1203 0468 84040000 		.4byte	0x484
 1204 046c 14       		.uleb128 0x14
 1205 046d 01       		.uleb128 0x1
 1206 046e 50       		.byte	0x50
 1207 046f 05       		.uleb128 0x5
 1208 0470 0C       		.byte	0xc
 1209 0471 02510040 		.4byte	0x40005102
 1210 0475 14       		.uleb128 0x14
 1211 0476 01       		.uleb128 0x1
 1212 0477 51       		.byte	0x51
 1213 0478 05       		.uleb128 0x5
 1214 0479 0C       		.byte	0xc
 1215 047a 8C010048 		.4byte	0x4800018c
 1216 047e 14       		.uleb128 0x14
 1217 047f 01       		.uleb128 0x1
 1218 0480 52       		.byte	0x52
 1219 0481 01       		.uleb128 0x1
 1220 0482 38       		.byte	0x38
 1221 0483 00       		.byte	0
 1222 0484 1A       		.uleb128 0x1a
 1223 0485 7A000000 		.4byte	.LVL44
 1224 0489 5B020000 		.4byte	0x25b
 1225 048d A9040000 		.4byte	0x4a9
 1226 0491 14       		.uleb128 0x14
 1227 0492 01       		.uleb128 0x1
 1228 0493 50       		.byte	0x50
 1229 0494 05       		.uleb128 0x5
 1230 0495 0C       		.byte	0xc
 1231 0496 12510040 		.4byte	0x40005112
ARM GAS  C:\Users\ke\AppData\Local\Temp\cc8bgmTN.s 			page 31


 1232 049a 14       		.uleb128 0x14
 1233 049b 01       		.uleb128 0x1
 1234 049c 51       		.byte	0x51
 1235 049d 05       		.uleb128 0x5
 1236 049e 0C       		.byte	0xc
 1237 049f 94010048 		.4byte	0x48000194
 1238 04a3 14       		.uleb128 0x14
 1239 04a4 01       		.uleb128 0x1
 1240 04a5 52       		.byte	0x52
 1241 04a6 01       		.uleb128 0x1
 1242 04a7 38       		.byte	0x38
 1243 04a8 00       		.byte	0
 1244 04a9 1A       		.uleb128 0x1a
 1245 04aa 84000000 		.4byte	.LVL45
 1246 04ae 5B020000 		.4byte	0x25b
 1247 04b2 CE040000 		.4byte	0x4ce
 1248 04b6 14       		.uleb128 0x14
 1249 04b7 01       		.uleb128 0x1
 1250 04b8 50       		.byte	0x50
 1251 04b9 05       		.uleb128 0x5
 1252 04ba 0C       		.byte	0xc
 1253 04bb 20510040 		.4byte	0x40005120
 1254 04bf 14       		.uleb128 0x14
 1255 04c0 01       		.uleb128 0x1
 1256 04c1 51       		.byte	0x51
 1257 04c2 05       		.uleb128 0x5
 1258 04c3 0C       		.byte	0xc
 1259 04c4 9C010048 		.4byte	0x4800019c
 1260 04c8 14       		.uleb128 0x14
 1261 04c9 01       		.uleb128 0x1
 1262 04ca 52       		.byte	0x52
 1263 04cb 01       		.uleb128 0x1
 1264 04cc 3A       		.byte	0x3a
 1265 04cd 00       		.byte	0
 1266 04ce 23       		.uleb128 0x23
 1267 04cf 98000000 		.4byte	.LVL46
 1268 04d3 C2020000 		.4byte	0x2c2
 1269 04d7 23       		.uleb128 0x23
 1270 04d8 A6000000 		.4byte	.LVL47
 1271 04dc 05020000 		.4byte	0x205
 1272 04e0 13       		.uleb128 0x13
 1273 04e1 B0000000 		.4byte	.LVL48
 1274 04e5 5B020000 		.4byte	0x25b
 1275 04e9 14       		.uleb128 0x14
 1276 04ea 01       		.uleb128 0x1
 1277 04eb 50       		.byte	0x50
 1278 04ec 05       		.uleb128 0x5
 1279 04ed 0C       		.byte	0xc
 1280 04ee B0430040 		.4byte	0x400043b0
 1281 04f2 14       		.uleb128 0x14
 1282 04f3 01       		.uleb128 0x1
 1283 04f4 51       		.byte	0x51
 1284 04f5 02       		.uleb128 0x2
 1285 04f6 74       		.byte	0x74
 1286 04f7 00       		.sleb128 0
 1287 04f8 14       		.uleb128 0x14
 1288 04f9 01       		.uleb128 0x1
ARM GAS  C:\Users\ke\AppData\Local\Temp\cc8bgmTN.s 			page 32


 1289 04fa 52       		.byte	0x52
 1290 04fb 01       		.uleb128 0x1
 1291 04fc 3E       		.byte	0x3e
 1292 04fd 00       		.byte	0
 1293 04fe 00       		.byte	0
 1294 04ff 24       		.uleb128 0x24
 1295 0500 C7010000 		.4byte	.LASF45
 1296 0504 C7010000 		.4byte	.LASF45
 1297 0508 25       		.uleb128 0x25
 1298 0509 A6020000 		.4byte	.LASF47
 1299 050d A6020000 		.4byte	.LASF47
 1300 0511 04       		.byte	0x4
 1301 0512 77       		.byte	0x77
 1302 0513 24       		.uleb128 0x24
 1303 0514 B0020000 		.4byte	.LASF46
 1304 0518 B0020000 		.4byte	.LASF46
 1305 051c 25       		.uleb128 0x25
 1306 051d 06000000 		.4byte	.LASF48
 1307 0521 06000000 		.4byte	.LASF48
 1308 0525 04       		.byte	0x4
 1309 0526 79       		.byte	0x79
 1310 0527 00       		.byte	0
 1311              		.section	.debug_abbrev,"",%progbits
 1312              	.Ldebug_abbrev0:
 1313 0000 01       		.uleb128 0x1
 1314 0001 11       		.uleb128 0x11
 1315 0002 01       		.byte	0x1
 1316 0003 25       		.uleb128 0x25
 1317 0004 0E       		.uleb128 0xe
 1318 0005 13       		.uleb128 0x13
 1319 0006 0B       		.uleb128 0xb
 1320 0007 03       		.uleb128 0x3
 1321 0008 0E       		.uleb128 0xe
 1322 0009 1B       		.uleb128 0x1b
 1323 000a 0E       		.uleb128 0xe
 1324 000b 55       		.uleb128 0x55
 1325 000c 17       		.uleb128 0x17
 1326 000d 11       		.uleb128 0x11
 1327 000e 01       		.uleb128 0x1
 1328 000f 10       		.uleb128 0x10
 1329 0010 17       		.uleb128 0x17
 1330 0011 00       		.byte	0
 1331 0012 00       		.byte	0
 1332 0013 02       		.uleb128 0x2
 1333 0014 24       		.uleb128 0x24
 1334 0015 00       		.byte	0
 1335 0016 0B       		.uleb128 0xb
 1336 0017 0B       		.uleb128 0xb
 1337 0018 3E       		.uleb128 0x3e
 1338 0019 0B       		.uleb128 0xb
 1339 001a 03       		.uleb128 0x3
 1340 001b 08       		.uleb128 0x8
 1341 001c 00       		.byte	0
 1342 001d 00       		.byte	0
 1343 001e 03       		.uleb128 0x3
 1344 001f 16       		.uleb128 0x16
 1345 0020 00       		.byte	0
ARM GAS  C:\Users\ke\AppData\Local\Temp\cc8bgmTN.s 			page 33


 1346 0021 03       		.uleb128 0x3
 1347 0022 0E       		.uleb128 0xe
 1348 0023 3A       		.uleb128 0x3a
 1349 0024 0B       		.uleb128 0xb
 1350 0025 3B       		.uleb128 0x3b
 1351 0026 0B       		.uleb128 0xb
 1352 0027 49       		.uleb128 0x49
 1353 0028 13       		.uleb128 0x13
 1354 0029 00       		.byte	0
 1355 002a 00       		.byte	0
 1356 002b 04       		.uleb128 0x4
 1357 002c 24       		.uleb128 0x24
 1358 002d 00       		.byte	0
 1359 002e 0B       		.uleb128 0xb
 1360 002f 0B       		.uleb128 0xb
 1361 0030 3E       		.uleb128 0x3e
 1362 0031 0B       		.uleb128 0xb
 1363 0032 03       		.uleb128 0x3
 1364 0033 0E       		.uleb128 0xe
 1365 0034 00       		.byte	0
 1366 0035 00       		.byte	0
 1367 0036 05       		.uleb128 0x5
 1368 0037 0F       		.uleb128 0xf
 1369 0038 00       		.byte	0
 1370 0039 0B       		.uleb128 0xb
 1371 003a 0B       		.uleb128 0xb
 1372 003b 00       		.byte	0
 1373 003c 00       		.byte	0
 1374 003d 06       		.uleb128 0x6
 1375 003e 16       		.uleb128 0x16
 1376 003f 00       		.byte	0
 1377 0040 03       		.uleb128 0x3
 1378 0041 0E       		.uleb128 0xe
 1379 0042 3A       		.uleb128 0x3a
 1380 0043 0B       		.uleb128 0xb
 1381 0044 3B       		.uleb128 0x3b
 1382 0045 05       		.uleb128 0x5
 1383 0046 49       		.uleb128 0x49
 1384 0047 13       		.uleb128 0x13
 1385 0048 00       		.byte	0
 1386 0049 00       		.byte	0
 1387 004a 07       		.uleb128 0x7
 1388 004b 35       		.uleb128 0x35
 1389 004c 00       		.byte	0
 1390 004d 49       		.uleb128 0x49
 1391 004e 13       		.uleb128 0x13
 1392 004f 00       		.byte	0
 1393 0050 00       		.byte	0
 1394 0051 08       		.uleb128 0x8
 1395 0052 13       		.uleb128 0x13
 1396 0053 01       		.byte	0x1
 1397 0054 0B       		.uleb128 0xb
 1398 0055 0B       		.uleb128 0xb
 1399 0056 3A       		.uleb128 0x3a
 1400 0057 0B       		.uleb128 0xb
 1401 0058 3B       		.uleb128 0x3b
 1402 0059 0B       		.uleb128 0xb
ARM GAS  C:\Users\ke\AppData\Local\Temp\cc8bgmTN.s 			page 34


 1403 005a 01       		.uleb128 0x1
 1404 005b 13       		.uleb128 0x13
 1405 005c 00       		.byte	0
 1406 005d 00       		.byte	0
 1407 005e 09       		.uleb128 0x9
 1408 005f 0D       		.uleb128 0xd
 1409 0060 00       		.byte	0
 1410 0061 03       		.uleb128 0x3
 1411 0062 0E       		.uleb128 0xe
 1412 0063 3A       		.uleb128 0x3a
 1413 0064 0B       		.uleb128 0xb
 1414 0065 3B       		.uleb128 0x3b
 1415 0066 0B       		.uleb128 0xb
 1416 0067 49       		.uleb128 0x49
 1417 0068 13       		.uleb128 0x13
 1418 0069 38       		.uleb128 0x38
 1419 006a 0B       		.uleb128 0xb
 1420 006b 00       		.byte	0
 1421 006c 00       		.byte	0
 1422 006d 0A       		.uleb128 0xa
 1423 006e 2E       		.uleb128 0x2e
 1424 006f 01       		.byte	0x1
 1425 0070 03       		.uleb128 0x3
 1426 0071 0E       		.uleb128 0xe
 1427 0072 3A       		.uleb128 0x3a
 1428 0073 0B       		.uleb128 0xb
 1429 0074 3B       		.uleb128 0x3b
 1430 0075 0B       		.uleb128 0xb
 1431 0076 27       		.uleb128 0x27
 1432 0077 19       		.uleb128 0x19
 1433 0078 8701     		.uleb128 0x87
 1434 007a 19       		.uleb128 0x19
 1435 007b 11       		.uleb128 0x11
 1436 007c 01       		.uleb128 0x1
 1437 007d 12       		.uleb128 0x12
 1438 007e 06       		.uleb128 0x6
 1439 007f 40       		.uleb128 0x40
 1440 0080 18       		.uleb128 0x18
 1441 0081 9742     		.uleb128 0x2117
 1442 0083 19       		.uleb128 0x19
 1443 0084 01       		.uleb128 0x1
 1444 0085 13       		.uleb128 0x13
 1445 0086 00       		.byte	0
 1446 0087 00       		.byte	0
 1447 0088 0B       		.uleb128 0xb
 1448 0089 05       		.uleb128 0x5
 1449 008a 00       		.byte	0
 1450 008b 03       		.uleb128 0x3
 1451 008c 0E       		.uleb128 0xe
 1452 008d 3A       		.uleb128 0x3a
 1453 008e 0B       		.uleb128 0xb
 1454 008f 3B       		.uleb128 0x3b
 1455 0090 0B       		.uleb128 0xb
 1456 0091 49       		.uleb128 0x49
 1457 0092 13       		.uleb128 0x13
 1458 0093 02       		.uleb128 0x2
 1459 0094 18       		.uleb128 0x18
ARM GAS  C:\Users\ke\AppData\Local\Temp\cc8bgmTN.s 			page 35


 1460 0095 00       		.byte	0
 1461 0096 00       		.byte	0
 1462 0097 0C       		.uleb128 0xc
 1463 0098 2E       		.uleb128 0x2e
 1464 0099 01       		.byte	0x1
 1465 009a 03       		.uleb128 0x3
 1466 009b 0E       		.uleb128 0xe
 1467 009c 3A       		.uleb128 0x3a
 1468 009d 0B       		.uleb128 0xb
 1469 009e 3B       		.uleb128 0x3b
 1470 009f 0B       		.uleb128 0xb
 1471 00a0 27       		.uleb128 0x27
 1472 00a1 19       		.uleb128 0x19
 1473 00a2 11       		.uleb128 0x11
 1474 00a3 01       		.uleb128 0x1
 1475 00a4 12       		.uleb128 0x12
 1476 00a5 06       		.uleb128 0x6
 1477 00a6 40       		.uleb128 0x40
 1478 00a7 18       		.uleb128 0x18
 1479 00a8 9742     		.uleb128 0x2117
 1480 00aa 19       		.uleb128 0x19
 1481 00ab 01       		.uleb128 0x1
 1482 00ac 13       		.uleb128 0x13
 1483 00ad 00       		.byte	0
 1484 00ae 00       		.byte	0
 1485 00af 0D       		.uleb128 0xd
 1486 00b0 34       		.uleb128 0x34
 1487 00b1 00       		.byte	0
 1488 00b2 03       		.uleb128 0x3
 1489 00b3 08       		.uleb128 0x8
 1490 00b4 3A       		.uleb128 0x3a
 1491 00b5 0B       		.uleb128 0xb
 1492 00b6 3B       		.uleb128 0x3b
 1493 00b7 0B       		.uleb128 0xb
 1494 00b8 49       		.uleb128 0x49
 1495 00b9 13       		.uleb128 0x13
 1496 00ba 02       		.uleb128 0x2
 1497 00bb 17       		.uleb128 0x17
 1498 00bc 00       		.byte	0
 1499 00bd 00       		.byte	0
 1500 00be 0E       		.uleb128 0xe
 1501 00bf 0B       		.uleb128 0xb
 1502 00c0 01       		.byte	0x1
 1503 00c1 11       		.uleb128 0x11
 1504 00c2 01       		.uleb128 0x1
 1505 00c3 12       		.uleb128 0x12
 1506 00c4 06       		.uleb128 0x6
 1507 00c5 00       		.byte	0
 1508 00c6 00       		.byte	0
 1509 00c7 0F       		.uleb128 0xf
 1510 00c8 34       		.uleb128 0x34
 1511 00c9 00       		.byte	0
 1512 00ca 03       		.uleb128 0x3
 1513 00cb 0E       		.uleb128 0xe
 1514 00cc 3A       		.uleb128 0x3a
 1515 00cd 0B       		.uleb128 0xb
 1516 00ce 3B       		.uleb128 0x3b
ARM GAS  C:\Users\ke\AppData\Local\Temp\cc8bgmTN.s 			page 36


 1517 00cf 0B       		.uleb128 0xb
 1518 00d0 49       		.uleb128 0x49
 1519 00d1 13       		.uleb128 0x13
 1520 00d2 02       		.uleb128 0x2
 1521 00d3 17       		.uleb128 0x17
 1522 00d4 00       		.byte	0
 1523 00d5 00       		.byte	0
 1524 00d6 10       		.uleb128 0x10
 1525 00d7 0F       		.uleb128 0xf
 1526 00d8 00       		.byte	0
 1527 00d9 0B       		.uleb128 0xb
 1528 00da 0B       		.uleb128 0xb
 1529 00db 49       		.uleb128 0x49
 1530 00dc 13       		.uleb128 0x13
 1531 00dd 00       		.byte	0
 1532 00de 00       		.byte	0
 1533 00df 11       		.uleb128 0x11
 1534 00e0 26       		.uleb128 0x26
 1535 00e1 00       		.byte	0
 1536 00e2 49       		.uleb128 0x49
 1537 00e3 13       		.uleb128 0x13
 1538 00e4 00       		.byte	0
 1539 00e5 00       		.byte	0
 1540 00e6 12       		.uleb128 0x12
 1541 00e7 05       		.uleb128 0x5
 1542 00e8 00       		.byte	0
 1543 00e9 03       		.uleb128 0x3
 1544 00ea 08       		.uleb128 0x8
 1545 00eb 3A       		.uleb128 0x3a
 1546 00ec 0B       		.uleb128 0xb
 1547 00ed 3B       		.uleb128 0x3b
 1548 00ee 0B       		.uleb128 0xb
 1549 00ef 49       		.uleb128 0x49
 1550 00f0 13       		.uleb128 0x13
 1551 00f1 02       		.uleb128 0x2
 1552 00f2 17       		.uleb128 0x17
 1553 00f3 00       		.byte	0
 1554 00f4 00       		.byte	0
 1555 00f5 13       		.uleb128 0x13
 1556 00f6 898201   		.uleb128 0x4109
 1557 00f9 01       		.byte	0x1
 1558 00fa 11       		.uleb128 0x11
 1559 00fb 01       		.uleb128 0x1
 1560 00fc 31       		.uleb128 0x31
 1561 00fd 13       		.uleb128 0x13
 1562 00fe 00       		.byte	0
 1563 00ff 00       		.byte	0
 1564 0100 14       		.uleb128 0x14
 1565 0101 8A8201   		.uleb128 0x410a
 1566 0104 00       		.byte	0
 1567 0105 02       		.uleb128 0x2
 1568 0106 18       		.uleb128 0x18
 1569 0107 9142     		.uleb128 0x2111
 1570 0109 18       		.uleb128 0x18
 1571 010a 00       		.byte	0
 1572 010b 00       		.byte	0
 1573 010c 15       		.uleb128 0x15
ARM GAS  C:\Users\ke\AppData\Local\Temp\cc8bgmTN.s 			page 37


 1574 010d 2E       		.uleb128 0x2e
 1575 010e 01       		.byte	0x1
 1576 010f 03       		.uleb128 0x3
 1577 0110 0E       		.uleb128 0xe
 1578 0111 3A       		.uleb128 0x3a
 1579 0112 0B       		.uleb128 0xb
 1580 0113 3B       		.uleb128 0x3b
 1581 0114 05       		.uleb128 0x5
 1582 0115 27       		.uleb128 0x27
 1583 0116 19       		.uleb128 0x19
 1584 0117 11       		.uleb128 0x11
 1585 0118 01       		.uleb128 0x1
 1586 0119 12       		.uleb128 0x12
 1587 011a 06       		.uleb128 0x6
 1588 011b 40       		.uleb128 0x40
 1589 011c 18       		.uleb128 0x18
 1590 011d 9742     		.uleb128 0x2117
 1591 011f 19       		.uleb128 0x19
 1592 0120 01       		.uleb128 0x1
 1593 0121 13       		.uleb128 0x13
 1594 0122 00       		.byte	0
 1595 0123 00       		.byte	0
 1596 0124 16       		.uleb128 0x16
 1597 0125 34       		.uleb128 0x34
 1598 0126 00       		.byte	0
 1599 0127 03       		.uleb128 0x3
 1600 0128 0E       		.uleb128 0xe
 1601 0129 3A       		.uleb128 0x3a
 1602 012a 0B       		.uleb128 0xb
 1603 012b 3B       		.uleb128 0x3b
 1604 012c 05       		.uleb128 0x5
 1605 012d 49       		.uleb128 0x49
 1606 012e 13       		.uleb128 0x13
 1607 012f 02       		.uleb128 0x2
 1608 0130 17       		.uleb128 0x17
 1609 0131 00       		.byte	0
 1610 0132 00       		.byte	0
 1611 0133 17       		.uleb128 0x17
 1612 0134 34       		.uleb128 0x34
 1613 0135 00       		.byte	0
 1614 0136 03       		.uleb128 0x3
 1615 0137 08       		.uleb128 0x8
 1616 0138 3A       		.uleb128 0x3a
 1617 0139 0B       		.uleb128 0xb
 1618 013a 3B       		.uleb128 0x3b
 1619 013b 05       		.uleb128 0x5
 1620 013c 49       		.uleb128 0x49
 1621 013d 13       		.uleb128 0x13
 1622 013e 02       		.uleb128 0x2
 1623 013f 17       		.uleb128 0x17
 1624 0140 00       		.byte	0
 1625 0141 00       		.byte	0
 1626 0142 18       		.uleb128 0x18
 1627 0143 05       		.uleb128 0x5
 1628 0144 00       		.byte	0
 1629 0145 03       		.uleb128 0x3
 1630 0146 0E       		.uleb128 0xe
ARM GAS  C:\Users\ke\AppData\Local\Temp\cc8bgmTN.s 			page 38


 1631 0147 3A       		.uleb128 0x3a
 1632 0148 0B       		.uleb128 0xb
 1633 0149 3B       		.uleb128 0x3b
 1634 014a 0B       		.uleb128 0xb
 1635 014b 49       		.uleb128 0x49
 1636 014c 13       		.uleb128 0x13
 1637 014d 02       		.uleb128 0x2
 1638 014e 17       		.uleb128 0x17
 1639 014f 00       		.byte	0
 1640 0150 00       		.byte	0
 1641 0151 19       		.uleb128 0x19
 1642 0152 26       		.uleb128 0x26
 1643 0153 00       		.byte	0
 1644 0154 00       		.byte	0
 1645 0155 00       		.byte	0
 1646 0156 1A       		.uleb128 0x1a
 1647 0157 898201   		.uleb128 0x4109
 1648 015a 01       		.byte	0x1
 1649 015b 11       		.uleb128 0x11
 1650 015c 01       		.uleb128 0x1
 1651 015d 31       		.uleb128 0x31
 1652 015e 13       		.uleb128 0x13
 1653 015f 01       		.uleb128 0x1
 1654 0160 13       		.uleb128 0x13
 1655 0161 00       		.byte	0
 1656 0162 00       		.byte	0
 1657 0163 1B       		.uleb128 0x1b
 1658 0164 2E       		.uleb128 0x2e
 1659 0165 01       		.byte	0x1
 1660 0166 3F       		.uleb128 0x3f
 1661 0167 19       		.uleb128 0x19
 1662 0168 03       		.uleb128 0x3
 1663 0169 0E       		.uleb128 0xe
 1664 016a 3A       		.uleb128 0x3a
 1665 016b 0B       		.uleb128 0xb
 1666 016c 3B       		.uleb128 0x3b
 1667 016d 05       		.uleb128 0x5
 1668 016e 27       		.uleb128 0x27
 1669 016f 19       		.uleb128 0x19
 1670 0170 11       		.uleb128 0x11
 1671 0171 01       		.uleb128 0x1
 1672 0172 12       		.uleb128 0x12
 1673 0173 06       		.uleb128 0x6
 1674 0174 40       		.uleb128 0x40
 1675 0175 18       		.uleb128 0x18
 1676 0176 9742     		.uleb128 0x2117
 1677 0178 19       		.uleb128 0x19
 1678 0179 01       		.uleb128 0x1
 1679 017a 13       		.uleb128 0x13
 1680 017b 00       		.byte	0
 1681 017c 00       		.byte	0
 1682 017d 1C       		.uleb128 0x1c
 1683 017e 05       		.uleb128 0x5
 1684 017f 00       		.byte	0
 1685 0180 03       		.uleb128 0x3
 1686 0181 0E       		.uleb128 0xe
 1687 0182 3A       		.uleb128 0x3a
ARM GAS  C:\Users\ke\AppData\Local\Temp\cc8bgmTN.s 			page 39


 1688 0183 0B       		.uleb128 0xb
 1689 0184 3B       		.uleb128 0x3b
 1690 0185 05       		.uleb128 0x5
 1691 0186 49       		.uleb128 0x49
 1692 0187 13       		.uleb128 0x13
 1693 0188 02       		.uleb128 0x2
 1694 0189 18       		.uleb128 0x18
 1695 018a 00       		.byte	0
 1696 018b 00       		.byte	0
 1697 018c 1D       		.uleb128 0x1d
 1698 018d 34       		.uleb128 0x34
 1699 018e 00       		.byte	0
 1700 018f 03       		.uleb128 0x3
 1701 0190 0E       		.uleb128 0xe
 1702 0191 3A       		.uleb128 0x3a
 1703 0192 0B       		.uleb128 0xb
 1704 0193 3B       		.uleb128 0x3b
 1705 0194 05       		.uleb128 0x5
 1706 0195 49       		.uleb128 0x49
 1707 0196 13       		.uleb128 0x13
 1708 0197 02       		.uleb128 0x2
 1709 0198 18       		.uleb128 0x18
 1710 0199 00       		.byte	0
 1711 019a 00       		.byte	0
 1712 019b 1E       		.uleb128 0x1e
 1713 019c 0B       		.uleb128 0xb
 1714 019d 01       		.byte	0x1
 1715 019e 11       		.uleb128 0x11
 1716 019f 01       		.uleb128 0x1
 1717 01a0 12       		.uleb128 0x12
 1718 01a1 06       		.uleb128 0x6
 1719 01a2 01       		.uleb128 0x1
 1720 01a3 13       		.uleb128 0x13
 1721 01a4 00       		.byte	0
 1722 01a5 00       		.byte	0
 1723 01a6 1F       		.uleb128 0x1f
 1724 01a7 13       		.uleb128 0x13
 1725 01a8 01       		.byte	0x1
 1726 01a9 0B       		.uleb128 0xb
 1727 01aa 0B       		.uleb128 0xb
 1728 01ab 3A       		.uleb128 0x3a
 1729 01ac 0B       		.uleb128 0xb
 1730 01ad 3B       		.uleb128 0x3b
 1731 01ae 05       		.uleb128 0x5
 1732 01af 01       		.uleb128 0x1
 1733 01b0 13       		.uleb128 0x13
 1734 01b1 00       		.byte	0
 1735 01b2 00       		.byte	0
 1736 01b3 20       		.uleb128 0x20
 1737 01b4 0D       		.uleb128 0xd
 1738 01b5 00       		.byte	0
 1739 01b6 03       		.uleb128 0x3
 1740 01b7 0E       		.uleb128 0xe
 1741 01b8 3A       		.uleb128 0x3a
 1742 01b9 0B       		.uleb128 0xb
 1743 01ba 3B       		.uleb128 0x3b
 1744 01bb 05       		.uleb128 0x5
ARM GAS  C:\Users\ke\AppData\Local\Temp\cc8bgmTN.s 			page 40


 1745 01bc 49       		.uleb128 0x49
 1746 01bd 13       		.uleb128 0x13
 1747 01be 38       		.uleb128 0x38
 1748 01bf 0B       		.uleb128 0xb
 1749 01c0 00       		.byte	0
 1750 01c1 00       		.byte	0
 1751 01c2 21       		.uleb128 0x21
 1752 01c3 01       		.uleb128 0x1
 1753 01c4 01       		.byte	0x1
 1754 01c5 49       		.uleb128 0x49
 1755 01c6 13       		.uleb128 0x13
 1756 01c7 01       		.uleb128 0x1
 1757 01c8 13       		.uleb128 0x13
 1758 01c9 00       		.byte	0
 1759 01ca 00       		.byte	0
 1760 01cb 22       		.uleb128 0x22
 1761 01cc 21       		.uleb128 0x21
 1762 01cd 00       		.byte	0
 1763 01ce 49       		.uleb128 0x49
 1764 01cf 13       		.uleb128 0x13
 1765 01d0 2F       		.uleb128 0x2f
 1766 01d1 0B       		.uleb128 0xb
 1767 01d2 00       		.byte	0
 1768 01d3 00       		.byte	0
 1769 01d4 23       		.uleb128 0x23
 1770 01d5 898201   		.uleb128 0x4109
 1771 01d8 00       		.byte	0
 1772 01d9 11       		.uleb128 0x11
 1773 01da 01       		.uleb128 0x1
 1774 01db 31       		.uleb128 0x31
 1775 01dc 13       		.uleb128 0x13
 1776 01dd 00       		.byte	0
 1777 01de 00       		.byte	0
 1778 01df 24       		.uleb128 0x24
 1779 01e0 2E       		.uleb128 0x2e
 1780 01e1 00       		.byte	0
 1781 01e2 3F       		.uleb128 0x3f
 1782 01e3 19       		.uleb128 0x19
 1783 01e4 3C       		.uleb128 0x3c
 1784 01e5 19       		.uleb128 0x19
 1785 01e6 6E       		.uleb128 0x6e
 1786 01e7 0E       		.uleb128 0xe
 1787 01e8 03       		.uleb128 0x3
 1788 01e9 0E       		.uleb128 0xe
 1789 01ea 00       		.byte	0
 1790 01eb 00       		.byte	0
 1791 01ec 25       		.uleb128 0x25
 1792 01ed 2E       		.uleb128 0x2e
 1793 01ee 00       		.byte	0
 1794 01ef 3F       		.uleb128 0x3f
 1795 01f0 19       		.uleb128 0x19
 1796 01f1 3C       		.uleb128 0x3c
 1797 01f2 19       		.uleb128 0x19
 1798 01f3 6E       		.uleb128 0x6e
 1799 01f4 0E       		.uleb128 0xe
 1800 01f5 03       		.uleb128 0x3
 1801 01f6 0E       		.uleb128 0xe
ARM GAS  C:\Users\ke\AppData\Local\Temp\cc8bgmTN.s 			page 41


 1802 01f7 3A       		.uleb128 0x3a
 1803 01f8 0B       		.uleb128 0xb
 1804 01f9 3B       		.uleb128 0x3b
 1805 01fa 0B       		.uleb128 0xb
 1806 01fb 00       		.byte	0
 1807 01fc 00       		.byte	0
 1808 01fd 00       		.byte	0
 1809              		.section	.debug_loc,"",%progbits
 1810              	.Ldebug_loc0:
 1811              	.LLST0:
 1812 0000 02000000 		.4byte	.LVL2
 1813 0004 08000000 		.4byte	.LVL3
 1814 0008 0200     		.2byte	0x2
 1815 000a 30       		.byte	0x30
 1816 000b 9F       		.byte	0x9f
 1817 000c 08000000 		.4byte	.LVL3
 1818 0010 32000000 		.4byte	.LVL11
 1819 0014 0100     		.2byte	0x1
 1820 0016 57       		.byte	0x57
 1821 0017 00000000 		.4byte	0
 1822 001b 00000000 		.4byte	0
 1823              	.LLST1:
 1824 001f 02000000 		.4byte	.LVL2
 1825 0023 08000000 		.4byte	.LVL3
 1826 0027 0200     		.2byte	0x2
 1827 0029 30       		.byte	0x30
 1828 002a 9F       		.byte	0x9f
 1829 002b 08000000 		.4byte	.LVL3
 1830 002f 34000000 		.4byte	.LFE4
 1831 0033 0100     		.2byte	0x1
 1832 0035 52       		.byte	0x52
 1833 0036 00000000 		.4byte	0
 1834 003a 00000000 		.4byte	0
 1835              	.LLST2:
 1836 003e 0C000000 		.4byte	.LVL4
 1837 0042 2C000000 		.4byte	.LVL10
 1838 0046 0100     		.2byte	0x1
 1839 0048 56       		.byte	0x56
 1840 0049 00000000 		.4byte	0
 1841 004d 00000000 		.4byte	0
 1842              	.LLST3:
 1843 0051 0E000000 		.4byte	.LVL5
 1844 0055 24000000 		.4byte	.LVL8
 1845 0059 0100     		.2byte	0x1
 1846 005b 53       		.byte	0x53
 1847 005c 26000000 		.4byte	.LVL9
 1848 0060 2C000000 		.4byte	.LVL10
 1849 0064 0100     		.2byte	0x1
 1850 0066 53       		.byte	0x53
 1851 0067 00000000 		.4byte	0
 1852 006b 00000000 		.4byte	0
 1853              	.LLST4:
 1854 006f 00000000 		.4byte	.LVL12
 1855 0073 09000000 		.4byte	.LVL14-1
 1856 0077 0100     		.2byte	0x1
 1857 0079 50       		.byte	0x50
 1858 007a 09000000 		.4byte	.LVL14-1
ARM GAS  C:\Users\ke\AppData\Local\Temp\cc8bgmTN.s 			page 42


 1859 007e 0C000000 		.4byte	.LFE0
 1860 0082 0400     		.2byte	0x4
 1861 0084 F3       		.byte	0xf3
 1862 0085 01       		.uleb128 0x1
 1863 0086 50       		.byte	0x50
 1864 0087 9F       		.byte	0x9f
 1865 0088 00000000 		.4byte	0
 1866 008c 00000000 		.4byte	0
 1867              	.LLST5:
 1868 0090 00000000 		.4byte	.LVL12
 1869 0094 06000000 		.4byte	.LVL13
 1870 0098 0100     		.2byte	0x1
 1871 009a 51       		.byte	0x51
 1872 009b 06000000 		.4byte	.LVL13
 1873 009f 09000000 		.4byte	.LVL14-1
 1874 00a3 0100     		.2byte	0x1
 1875 00a5 52       		.byte	0x52
 1876 00a6 09000000 		.4byte	.LVL14-1
 1877 00aa 0C000000 		.4byte	.LFE0
 1878 00ae 0400     		.2byte	0x4
 1879 00b0 F3       		.byte	0xf3
 1880 00b1 01       		.uleb128 0x1
 1881 00b2 51       		.byte	0x51
 1882 00b3 9F       		.byte	0x9f
 1883 00b4 00000000 		.4byte	0
 1884 00b8 00000000 		.4byte	0
 1885              	.LLST6:
 1886 00bc 08000000 		.4byte	.LVL15
 1887 00c0 1E000000 		.4byte	.LVL18
 1888 00c4 0100     		.2byte	0x1
 1889 00c6 53       		.byte	0x53
 1890 00c7 00000000 		.4byte	0
 1891 00cb 00000000 		.4byte	0
 1892              	.LLST7:
 1893 00cf 0E000000 		.4byte	.LVL16
 1894 00d3 60000000 		.4byte	.LVL20
 1895 00d7 0100     		.2byte	0x1
 1896 00d9 54       		.byte	0x54
 1897 00da 00000000 		.4byte	0
 1898 00de 00000000 		.4byte	0
 1899              	.LLST8:
 1900 00e2 14000000 		.4byte	.LVL17
 1901 00e6 60000000 		.4byte	.LVL20
 1902 00ea 0100     		.2byte	0x1
 1903 00ec 55       		.byte	0x55
 1904 00ed 00000000 		.4byte	0
 1905 00f1 00000000 		.4byte	0
 1906              	.LLST9:
 1907 00f5 00000000 		.4byte	.LVL21
 1908 00f9 05000000 		.4byte	.LVL22-1
 1909 00fd 0100     		.2byte	0x1
 1910 00ff 50       		.byte	0x50
 1911 0100 05000000 		.4byte	.LVL22-1
 1912 0104 08000000 		.4byte	.LFE1
 1913 0108 0400     		.2byte	0x4
 1914 010a F3       		.byte	0xf3
 1915 010b 01       		.uleb128 0x1
ARM GAS  C:\Users\ke\AppData\Local\Temp\cc8bgmTN.s 			page 43


 1916 010c 50       		.byte	0x50
 1917 010d 9F       		.byte	0x9f
 1918 010e 00000000 		.4byte	0
 1919 0112 00000000 		.4byte	0
 1920              	.LLST10:
 1921 0116 00000000 		.4byte	.LVL21
 1922 011a 05000000 		.4byte	.LVL22-1
 1923 011e 0100     		.2byte	0x1
 1924 0120 51       		.byte	0x51
 1925 0121 05000000 		.4byte	.LVL22-1
 1926 0125 08000000 		.4byte	.LFE1
 1927 0129 0400     		.2byte	0x4
 1928 012b F3       		.byte	0xf3
 1929 012c 01       		.uleb128 0x1
 1930 012d 51       		.byte	0x51
 1931 012e 9F       		.byte	0x9f
 1932 012f 00000000 		.4byte	0
 1933 0133 00000000 		.4byte	0
 1934              	.LLST11:
 1935 0137 00000000 		.4byte	.LVL21
 1936 013b 05000000 		.4byte	.LVL22-1
 1937 013f 0100     		.2byte	0x1
 1938 0141 52       		.byte	0x52
 1939 0142 05000000 		.4byte	.LVL22-1
 1940 0146 08000000 		.4byte	.LFE1
 1941 014a 0400     		.2byte	0x4
 1942 014c F3       		.byte	0xf3
 1943 014d 01       		.uleb128 0x1
 1944 014e 52       		.byte	0x52
 1945 014f 9F       		.byte	0x9f
 1946 0150 00000000 		.4byte	0
 1947 0154 00000000 		.4byte	0
 1948              	.LLST12:
 1949 0158 54000000 		.4byte	.LVL24
 1950 015c 58000000 		.4byte	.LVL25
 1951 0160 0200     		.2byte	0x2
 1952 0162 49       		.byte	0x49
 1953 0163 9F       		.byte	0x9f
 1954 0164 58000000 		.4byte	.LVL25
 1955 0168 C6000000 		.4byte	.LVL31
 1956 016c 0100     		.2byte	0x1
 1957 016e 55       		.byte	0x55
 1958 016f 00000000 		.4byte	0
 1959 0173 00000000 		.4byte	0
 1960              	.LLST13:
 1961 0177 54000000 		.4byte	.LVL24
 1962 017b 58000000 		.4byte	.LVL25
 1963 017f 0200     		.2byte	0x2
 1964 0181 30       		.byte	0x30
 1965 0182 9F       		.byte	0x9f
 1966 0183 58000000 		.4byte	.LVL25
 1967 0187 64000000 		.4byte	.LVL26
 1968 018b 0100     		.2byte	0x1
 1969 018d 54       		.byte	0x54
 1970 018e 68000000 		.4byte	.LVL27
 1971 0192 C6000000 		.4byte	.LVL31
 1972 0196 0100     		.2byte	0x1
ARM GAS  C:\Users\ke\AppData\Local\Temp\cc8bgmTN.s 			page 44


 1973 0198 54       		.byte	0x54
 1974 0199 00000000 		.4byte	0
 1975 019d 00000000 		.4byte	0
 1976              	.LLST14:
 1977 01a1 0E000000 		.4byte	.LVL36
 1978 01a5 12000000 		.4byte	.LVL37
 1979 01a9 0200     		.2byte	0x2
 1980 01ab 30       		.byte	0x30
 1981 01ac 9F       		.byte	0x9f
 1982 01ad 12000000 		.4byte	.LVL37
 1983 01b1 2A000000 		.4byte	.LVL39
 1984 01b5 0100     		.2byte	0x1
 1985 01b7 54       		.byte	0x54
 1986 01b8 2C000000 		.4byte	.LVL40
 1987 01bc 50000000 		.4byte	.LVL42
 1988 01c0 0100     		.2byte	0x1
 1989 01c2 54       		.byte	0x54
 1990 01c3 00000000 		.4byte	0
 1991 01c7 00000000 		.4byte	0
 1992              	.LLST15:
 1993 01cb 12000000 		.4byte	.LVL37
 1994 01cf 2A000000 		.4byte	.LVL39
 1995 01d3 0B00     		.2byte	0xb
 1996 01d5 74       		.byte	0x74
 1997 01d6 00       		.sleb128 0
 1998 01d7 36       		.byte	0x36
 1999 01d8 1E       		.byte	0x1e
 2000 01d9 03       		.byte	0x3
 2001 01da 00000000 		.4byte	cfg_memset_list.5015
 2002 01de 22       		.byte	0x22
 2003 01df 9F       		.byte	0x9f
 2004 01e0 2A000000 		.4byte	.LVL39
 2005 01e4 2C000000 		.4byte	.LVL40
 2006 01e8 0B00     		.2byte	0xb
 2007 01ea 74       		.byte	0x74
 2008 01eb 7F       		.sleb128 -1
 2009 01ec 36       		.byte	0x36
 2010 01ed 1E       		.byte	0x1e
 2011 01ee 03       		.byte	0x3
 2012 01ef 00000000 		.4byte	cfg_memset_list.5015
 2013 01f3 22       		.byte	0x22
 2014 01f4 9F       		.byte	0x9f
 2015 01f5 00000000 		.4byte	0
 2016 01f9 00000000 		.4byte	0
 2017              		.section	.debug_aranges,"",%progbits
 2018 0000 54000000 		.4byte	0x54
 2019 0004 0200     		.2byte	0x2
 2020 0006 00000000 		.4byte	.Ldebug_info0
 2021 000a 04       		.byte	0x4
 2022 000b 00       		.byte	0
 2023 000c 0000     		.2byte	0
 2024 000e 0000     		.2byte	0
 2025 0010 00000000 		.4byte	.LFB3
 2026 0014 02000000 		.4byte	.LFE3-.LFB3
 2027 0018 00000000 		.4byte	.LFB4
 2028 001c 34000000 		.4byte	.LFE4-.LFB4
 2029 0020 00000000 		.4byte	.LFB0
ARM GAS  C:\Users\ke\AppData\Local\Temp\cc8bgmTN.s 			page 45


 2030 0024 0C000000 		.4byte	.LFE0-.LFB0
 2031 0028 00000000 		.4byte	.LFB6
 2032 002c 74000000 		.4byte	.LFE6-.LFB6
 2033 0030 00000000 		.4byte	.LFB1
 2034 0034 08000000 		.4byte	.LFE1-.LFB1
 2035 0038 00000000 		.4byte	.LFB5
 2036 003c F4000000 		.4byte	.LFE5-.LFB5
 2037 0040 00000000 		.4byte	.LFB7
 2038 0044 1C000000 		.4byte	.LFE7-.LFB7
 2039 0048 00000000 		.4byte	.LFB8
 2040 004c F0000000 		.4byte	.LFE8-.LFB8
 2041 0050 00000000 		.4byte	0
 2042 0054 00000000 		.4byte	0
 2043              		.section	.debug_ranges,"",%progbits
 2044              	.Ldebug_ranges0:
 2045 0000 00000000 		.4byte	.LFB3
 2046 0004 02000000 		.4byte	.LFE3
 2047 0008 00000000 		.4byte	.LFB4
 2048 000c 34000000 		.4byte	.LFE4
 2049 0010 00000000 		.4byte	.LFB0
 2050 0014 0C000000 		.4byte	.LFE0
 2051 0018 00000000 		.4byte	.LFB6
 2052 001c 74000000 		.4byte	.LFE6
 2053 0020 00000000 		.4byte	.LFB1
 2054 0024 08000000 		.4byte	.LFE1
 2055 0028 00000000 		.4byte	.LFB5
 2056 002c F4000000 		.4byte	.LFE5
 2057 0030 00000000 		.4byte	.LFB7
 2058 0034 1C000000 		.4byte	.LFE7
 2059 0038 00000000 		.4byte	.LFB8
 2060 003c F0000000 		.4byte	.LFE8
 2061 0040 00000000 		.4byte	0
 2062 0044 00000000 		.4byte	0
 2063              		.section	.debug_line,"",%progbits
 2064              	.Ldebug_line0:
 2065 0000 E6010000 		.section	.debug_str,"MS",%progbits,1
 2065      0200D600 
 2065      00000201 
 2065      FB0E0D00 
 2065      01010101 
 2066              	.LASF19:
 2067 0000 72656731 		.ascii	"reg16\000"
 2067      3600
 2068              	.LASF48:
 2069 0006 43794465 		.ascii	"CyDelayCycles\000"
 2069      6C617943 
 2069      79636C65 
 2069      7300
 2070              	.LASF18:
 2071 0014 72656738 		.ascii	"reg8\000"
 2071      00
 2072              	.LASF12:
 2073 0019 73697A65 		.ascii	"size_t\000"
 2073      5F7400
 2074              	.LASF30:
 2075 0020 416E616C 		.ascii	"AnalogSetDefault\000"
 2075      6F675365 
ARM GAS  C:\Users\ke\AppData\Local\Temp\cc8bgmTN.s 			page 46


 2075      74446566 
 2075      61756C74 
 2075      00
 2076              	.LASF35:
 2077 0031 74696D65 		.ascii	"timeout\000"
 2077      6F757400 
 2078              	.LASF21:
 2079 0039 76616C75 		.ascii	"value\000"
 2079      6500
 2080              	.LASF27:
 2081 003f 636F756E 		.ascii	"count\000"
 2081      7400
 2082              	.LASF34:
 2083 0045 436C6F63 		.ascii	"ClockSetup\000"
 2083      6B536574 
 2083      757000
 2084              	.LASF6:
 2085 0050 73686F72 		.ascii	"short unsigned int\000"
 2085      7420756E 
 2085      7369676E 
 2085      65642069 
 2085      6E7400
 2086              	.LASF36:
 2087 0063 706C6C4C 		.ascii	"pllLock\000"
 2087      6F636B00 
 2088              	.LASF16:
 2089 006b 666C6F61 		.ascii	"float\000"
 2089      7400
 2090              	.LASF52:
 2091 0071 4379436C 		.ascii	"CyClockStartupError\000"
 2091      6F636B53 
 2091      74617274 
 2091      75704572 
 2091      726F7200 
 2092              	.LASF33:
 2093 0085 64657374 		.ascii	"dest\000"
 2093      00
 2094              	.LASF44:
 2095 008a 6366675F 		.ascii	"cfg_memset_list\000"
 2095      6D656D73 
 2095      65745F6C 
 2095      69737400 
 2096              	.LASF51:
 2097 009a 433A5C55 		.ascii	"C:\\Users\\ke\\Gitfis\\Elektroteknologi-Projekt-1\\"
 2097      73657273 
 2097      5C6B655C 
 2097      47697466 
 2097      69735C45 
 2098 00c8 55495C64 		.ascii	"UI\\drejeknap - Kopi\\drejeknappelegen.cydsn\000"
 2098      72656A65 
 2098      6B6E6170 
 2098      202D204B 
 2098      6F70695C 
 2099              	.LASF49:
 2100 00f3 474E5520 		.ascii	"GNU C11 5.4.1 20160609 (release) [ARM/embedded-5-br"
 2100      43313120 
 2100      352E342E 
ARM GAS  C:\Users\ke\AppData\Local\Temp\cc8bgmTN.s 			page 47


 2100      31203230 
 2100      31363036 
 2101 0126 616E6368 		.ascii	"anch revision 237715] -mcpu=cortex-m3 -mthumb -g -O"
 2101      20726576 
 2101      6973696F 
 2101      6E203233 
 2101      37373135 
 2102 0159 67202D66 		.ascii	"g -ffunction-sections -ffat-lto-objects\000"
 2102      66756E63 
 2102      74696F6E 
 2102      2D736563 
 2102      74696F6E 
 2103              	.LASF8:
 2104 0181 6C6F6E67 		.ascii	"long unsigned int\000"
 2104      20756E73 
 2104      69676E65 
 2104      6420696E 
 2104      7400
 2105              	.LASF13:
 2106 0193 75696E74 		.ascii	"uint8\000"
 2106      3800
 2107              	.LASF29:
 2108 0199 43594D45 		.ascii	"CYMEMZERO\000"
 2108      4D5A4552 
 2108      4F00
 2109              	.LASF39:
 2110 01a3 53657441 		.ascii	"SetAnalogRoutingPumps\000"
 2110      6E616C6F 
 2110      67526F75 
 2110      74696E67 
 2110      50756D70 
 2111              	.LASF4:
 2112 01b9 756E7369 		.ascii	"unsigned char\000"
 2112      676E6564 
 2112      20636861 
 2112      7200
 2113              	.LASF45:
 2114 01c7 6D656D73 		.ascii	"memset\000"
 2114      657400
 2115              	.LASF17:
 2116 01ce 646F7562 		.ascii	"double\000"
 2116      6C6500
 2117              	.LASF28:
 2118 01d5 6366675F 		.ascii	"cfg_write_bytes32\000"
 2118      77726974 
 2118      655F6279 
 2118      74657333 
 2118      3200
 2119              	.LASF40:
 2120 01e7 63796669 		.ascii	"cyfitter_cfg\000"
 2120      74746572 
 2120      5F636667 
 2120      00
 2121              	.LASF24:
 2122 01f4 61646472 		.ascii	"addr_table\000"
 2122      5F746162 
 2122      6C6500
ARM GAS  C:\Users\ke\AppData\Local\Temp\cc8bgmTN.s 			page 48


 2123              	.LASF14:
 2124 01ff 75696E74 		.ascii	"uint16\000"
 2124      313600
 2125              	.LASF25:
 2126 0206 64617461 		.ascii	"data_table\000"
 2126      5F746162 
 2126      6C6500
 2127              	.LASF23:
 2128 0211 6572726F 		.ascii	"errorCode\000"
 2128      72436F64 
 2128      6500
 2129              	.LASF15:
 2130 021b 75696E74 		.ascii	"uint32\000"
 2130      333200
 2131              	.LASF0:
 2132 0222 756E7369 		.ascii	"unsigned int\000"
 2132      676E6564 
 2132      20696E74 
 2132      00
 2133              	.LASF42:
 2134 022f 73697A65 		.ascii	"size\000"
 2134      00
 2135              	.LASF41:
 2136 0234 61646472 		.ascii	"address\000"
 2136      65737300 
 2137              	.LASF9:
 2138 023c 6C6F6E67 		.ascii	"long long unsigned int\000"
 2138      206C6F6E 
 2138      6720756E 
 2138      7369676E 
 2138      65642069 
 2139              	.LASF43:
 2140 0253 6366675F 		.ascii	"cfg_memset_t\000"
 2140      6D656D73 
 2140      65745F74 
 2140      00
 2141              	.LASF26:
 2142 0260 62617365 		.ascii	"baseAddr\000"
 2142      41646472 
 2142      00
 2143              	.LASF10:
 2144 0269 73697A65 		.ascii	"sizetype\000"
 2144      74797065 
 2144      00
 2145              	.LASF1:
 2146 0272 6C6F6E67 		.ascii	"long long int\000"
 2146      206C6F6E 
 2146      6720696E 
 2146      7400
 2147              	.LASF50:
 2148 0280 47656E65 		.ascii	"Generated_Source\\PSoC5\\cyfitter_cfg.c\000"
 2148      72617465 
 2148      645F536F 
 2148      75726365 
 2148      5C50536F 
 2149              	.LASF47:
 2150 02a6 43794465 		.ascii	"CyDelayUs\000"
ARM GAS  C:\Users\ke\AppData\Local\Temp\cc8bgmTN.s 			page 49


 2150      6C617955 
 2150      7300
 2151              	.LASF46:
 2152 02b0 6D656D63 		.ascii	"memcpy\000"
 2152      707900
 2153              	.LASF22:
 2154 02b7 63795F63 		.ascii	"cy_cfg_addrvalue_t\000"
 2154      66675F61 
 2154      64647276 
 2154      616C7565 
 2154      5F7400
 2155              	.LASF20:
 2156 02ca 6F666673 		.ascii	"offset\000"
 2156      657400
 2157              	.LASF5:
 2158 02d1 73686F72 		.ascii	"short int\000"
 2158      7420696E 
 2158      7400
 2159              	.LASF37:
 2160 02db 656E6162 		.ascii	"enabled\000"
 2160      6C656400 
 2161              	.LASF7:
 2162 02e3 6C6F6E67 		.ascii	"long int\000"
 2162      20696E74 
 2162      00
 2163              	.LASF11:
 2164 02ec 63686172 		.ascii	"char\000"
 2164      00
 2165              	.LASF2:
 2166 02f1 6C6F6E67 		.ascii	"long double\000"
 2166      20646F75 
 2166      626C6500 
 2167              	.LASF31:
 2168 02fd 62675F78 		.ascii	"bg_xover_inl_trim\000"
 2168      6F766572 
 2168      5F696E6C 
 2168      5F747269 
 2168      6D00
 2169              	.LASF3:
 2170 030f 7369676E 		.ascii	"signed char\000"
 2170      65642063 
 2170      68617200 
 2171              	.LASF38:
 2172 031b 72656756 		.ascii	"regValue\000"
 2172      616C7565 
 2172      00
 2173              	.LASF32:
 2174 0324 4359434F 		.ascii	"CYCONFIGCPY\000"
 2174      4E464947 
 2174      43505900 
 2175              		.ident	"GCC: (GNU Tools for ARM Embedded Processors) 5.4.1 20160609 (release) [ARM/embedded-5-bran
