ARM GAS  C:\Users\Anton\AppData\Local\Temp\ccJEuifp.s 			page 1


   1              		.syntax unified
   2              		.cpu cortex-m3
   3              		.fpu softvfp
   4              		.eabi_attribute 20, 1
   5              		.eabi_attribute 21, 1
   6              		.eabi_attribute 23, 3
   7              		.eabi_attribute 24, 1
   8              		.eabi_attribute 25, 1
   9              		.eabi_attribute 26, 1
  10              		.eabi_attribute 30, 1
  11              		.eabi_attribute 34, 1
  12              		.eabi_attribute 18, 4
  13              		.thumb
  14              		.syntax unified
  15              		.file	"cyfitter_cfg.c"
  16              		.text
  17              	.Ltext0:
  18              		.cfi_sections	.debug_frame
  19              		.section	.text.CyClockStartupError,"ax",%progbits
  20              		.align	2
  21              		.thumb
  22              		.thumb_func
  23              		.type	CyClockStartupError, %function
  24              	CyClockStartupError:
  25              	.LFB3:
  26              		.file 1 "Generated_Source\\PSoC5\\cyfitter_cfg.c"
   1:Generated_Source\PSoC5/cyfitter_cfg.c **** 
   2:Generated_Source\PSoC5/cyfitter_cfg.c **** /*******************************************************************************
   3:Generated_Source\PSoC5/cyfitter_cfg.c **** * File Name: cyfitter_cfg.c
   4:Generated_Source\PSoC5/cyfitter_cfg.c **** * 
   5:Generated_Source\PSoC5/cyfitter_cfg.c **** * PSoC Creator  4.4
   6:Generated_Source\PSoC5/cyfitter_cfg.c **** *
   7:Generated_Source\PSoC5/cyfitter_cfg.c **** * Description:
   8:Generated_Source\PSoC5/cyfitter_cfg.c **** * This file contains device initialization code.
   9:Generated_Source\PSoC5/cyfitter_cfg.c **** * Except for the user defined sections in CyClockStartupError(), this file should not be modified.
  10:Generated_Source\PSoC5/cyfitter_cfg.c **** * This file is automatically generated by PSoC Creator.
  11:Generated_Source\PSoC5/cyfitter_cfg.c **** *
  12:Generated_Source\PSoC5/cyfitter_cfg.c **** ********************************************************************************
  13:Generated_Source\PSoC5/cyfitter_cfg.c **** * Copyright (c) 2007-2020 Cypress Semiconductor.  All rights reserved.
  14:Generated_Source\PSoC5/cyfitter_cfg.c **** * You may use this file only in accordance with the license, terms, conditions, 
  15:Generated_Source\PSoC5/cyfitter_cfg.c **** * disclaimers, and limitations in the end user license agreement accompanying 
  16:Generated_Source\PSoC5/cyfitter_cfg.c **** * the software package with which this file was provided.
  17:Generated_Source\PSoC5/cyfitter_cfg.c **** ********************************************************************************/
  18:Generated_Source\PSoC5/cyfitter_cfg.c **** 
  19:Generated_Source\PSoC5/cyfitter_cfg.c **** #include <string.h>
  20:Generated_Source\PSoC5/cyfitter_cfg.c **** #include "cytypes.h"
  21:Generated_Source\PSoC5/cyfitter_cfg.c **** #include "cydevice_trm.h"
  22:Generated_Source\PSoC5/cyfitter_cfg.c **** #include "cyfitter.h"
  23:Generated_Source\PSoC5/cyfitter_cfg.c **** #include "CyLib.h"
  24:Generated_Source\PSoC5/cyfitter_cfg.c **** #include "cyfitter_cfg.h"
  25:Generated_Source\PSoC5/cyfitter_cfg.c **** #include "cyapicallbacks.h"
  26:Generated_Source\PSoC5/cyfitter_cfg.c **** 
  27:Generated_Source\PSoC5/cyfitter_cfg.c **** #define CY_NEED_CYCLOCKSTARTUPERROR 1
  28:Generated_Source\PSoC5/cyfitter_cfg.c **** 
  29:Generated_Source\PSoC5/cyfitter_cfg.c **** 
  30:Generated_Source\PSoC5/cyfitter_cfg.c **** #if defined(__GNUC__) || defined(__ARMCC_VERSION)
  31:Generated_Source\PSoC5/cyfitter_cfg.c ****     #define CYPACKED 
ARM GAS  C:\Users\Anton\AppData\Local\Temp\ccJEuifp.s 			page 2


  32:Generated_Source\PSoC5/cyfitter_cfg.c ****     #define CYPACKED_ATTR __attribute__ ((packed))
  33:Generated_Source\PSoC5/cyfitter_cfg.c ****     #define CYALIGNED __attribute__ ((aligned))
  34:Generated_Source\PSoC5/cyfitter_cfg.c ****     #define CY_CFG_UNUSED __attribute__ ((unused))
  35:Generated_Source\PSoC5/cyfitter_cfg.c ****     #ifndef CY_CFG_SECTION
  36:Generated_Source\PSoC5/cyfitter_cfg.c ****         #define CY_CFG_SECTION __attribute__ ((section(".psocinit")))
  37:Generated_Source\PSoC5/cyfitter_cfg.c ****     #endif
  38:Generated_Source\PSoC5/cyfitter_cfg.c ****     
  39:Generated_Source\PSoC5/cyfitter_cfg.c ****     #if defined(__ARMCC_VERSION)
  40:Generated_Source\PSoC5/cyfitter_cfg.c ****         #define CY_CFG_MEMORY_BARRIER() __memory_changed()
  41:Generated_Source\PSoC5/cyfitter_cfg.c ****     #else
  42:Generated_Source\PSoC5/cyfitter_cfg.c ****         #define CY_CFG_MEMORY_BARRIER() __sync_synchronize()
  43:Generated_Source\PSoC5/cyfitter_cfg.c ****     #endif
  44:Generated_Source\PSoC5/cyfitter_cfg.c ****     
  45:Generated_Source\PSoC5/cyfitter_cfg.c **** #elif defined(__ICCARM__)
  46:Generated_Source\PSoC5/cyfitter_cfg.c ****     #include <intrinsics.h>
  47:Generated_Source\PSoC5/cyfitter_cfg.c **** 
  48:Generated_Source\PSoC5/cyfitter_cfg.c ****     #define CYPACKED __packed
  49:Generated_Source\PSoC5/cyfitter_cfg.c ****     #define CYPACKED_ATTR 
  50:Generated_Source\PSoC5/cyfitter_cfg.c ****     #define CYALIGNED _Pragma("data_alignment=4")
  51:Generated_Source\PSoC5/cyfitter_cfg.c ****     #define CY_CFG_UNUSED _Pragma("diag_suppress=Pe177")
  52:Generated_Source\PSoC5/cyfitter_cfg.c ****     #define CY_CFG_SECTION _Pragma("location=\".psocinit\"")
  53:Generated_Source\PSoC5/cyfitter_cfg.c ****     
  54:Generated_Source\PSoC5/cyfitter_cfg.c ****     #define CY_CFG_MEMORY_BARRIER() __DMB()
  55:Generated_Source\PSoC5/cyfitter_cfg.c ****     
  56:Generated_Source\PSoC5/cyfitter_cfg.c **** #else
  57:Generated_Source\PSoC5/cyfitter_cfg.c ****     #error Unsupported toolchain
  58:Generated_Source\PSoC5/cyfitter_cfg.c **** #endif
  59:Generated_Source\PSoC5/cyfitter_cfg.c **** 
  60:Generated_Source\PSoC5/cyfitter_cfg.c **** #ifndef CYCODE
  61:Generated_Source\PSoC5/cyfitter_cfg.c ****     #define CYCODE
  62:Generated_Source\PSoC5/cyfitter_cfg.c **** #endif
  63:Generated_Source\PSoC5/cyfitter_cfg.c **** #ifndef CYDATA
  64:Generated_Source\PSoC5/cyfitter_cfg.c ****     #define CYDATA
  65:Generated_Source\PSoC5/cyfitter_cfg.c **** #endif
  66:Generated_Source\PSoC5/cyfitter_cfg.c **** #ifndef CYFAR
  67:Generated_Source\PSoC5/cyfitter_cfg.c ****     #define CYFAR
  68:Generated_Source\PSoC5/cyfitter_cfg.c **** #endif
  69:Generated_Source\PSoC5/cyfitter_cfg.c **** #ifndef CYXDATA
  70:Generated_Source\PSoC5/cyfitter_cfg.c ****     #define CYXDATA
  71:Generated_Source\PSoC5/cyfitter_cfg.c **** #endif
  72:Generated_Source\PSoC5/cyfitter_cfg.c **** 
  73:Generated_Source\PSoC5/cyfitter_cfg.c **** 
  74:Generated_Source\PSoC5/cyfitter_cfg.c **** CY_CFG_UNUSED
  75:Generated_Source\PSoC5/cyfitter_cfg.c **** static void CYMEMZERO(void *s, size_t n);
  76:Generated_Source\PSoC5/cyfitter_cfg.c **** CY_CFG_UNUSED
  77:Generated_Source\PSoC5/cyfitter_cfg.c **** static void CYMEMZERO(void *s, size_t n)
  78:Generated_Source\PSoC5/cyfitter_cfg.c **** {
  79:Generated_Source\PSoC5/cyfitter_cfg.c **** 	(void)memset(s, 0, n);
  80:Generated_Source\PSoC5/cyfitter_cfg.c **** }
  81:Generated_Source\PSoC5/cyfitter_cfg.c **** CY_CFG_UNUSED
  82:Generated_Source\PSoC5/cyfitter_cfg.c **** static void CYCONFIGCPY(void *dest, const void *src, size_t n);
  83:Generated_Source\PSoC5/cyfitter_cfg.c **** CY_CFG_UNUSED
  84:Generated_Source\PSoC5/cyfitter_cfg.c **** static void CYCONFIGCPY(void *dest, const void *src, size_t n)
  85:Generated_Source\PSoC5/cyfitter_cfg.c **** {
  86:Generated_Source\PSoC5/cyfitter_cfg.c **** 	(void)memcpy(dest, src, n);
  87:Generated_Source\PSoC5/cyfitter_cfg.c **** }
  88:Generated_Source\PSoC5/cyfitter_cfg.c **** CY_CFG_UNUSED
ARM GAS  C:\Users\Anton\AppData\Local\Temp\ccJEuifp.s 			page 3


  89:Generated_Source\PSoC5/cyfitter_cfg.c **** static void CYCONFIGCPYCODE(void *dest, const void *src, size_t n);
  90:Generated_Source\PSoC5/cyfitter_cfg.c **** CY_CFG_UNUSED
  91:Generated_Source\PSoC5/cyfitter_cfg.c **** static void CYCONFIGCPYCODE(void *dest, const void *src, size_t n)
  92:Generated_Source\PSoC5/cyfitter_cfg.c **** {
  93:Generated_Source\PSoC5/cyfitter_cfg.c **** 	(void)memcpy(dest, src, n);
  94:Generated_Source\PSoC5/cyfitter_cfg.c **** }
  95:Generated_Source\PSoC5/cyfitter_cfg.c **** 
  96:Generated_Source\PSoC5/cyfitter_cfg.c **** 
  97:Generated_Source\PSoC5/cyfitter_cfg.c **** 
  98:Generated_Source\PSoC5/cyfitter_cfg.c **** 
  99:Generated_Source\PSoC5/cyfitter_cfg.c **** /* Clock startup error codes                                                   */
 100:Generated_Source\PSoC5/cyfitter_cfg.c **** #define CYCLOCKSTART_NO_ERROR    0u
 101:Generated_Source\PSoC5/cyfitter_cfg.c **** #define CYCLOCKSTART_XTAL_ERROR  1u
 102:Generated_Source\PSoC5/cyfitter_cfg.c **** #define CYCLOCKSTART_32KHZ_ERROR 2u
 103:Generated_Source\PSoC5/cyfitter_cfg.c **** #define CYCLOCKSTART_PLL_ERROR   3u
 104:Generated_Source\PSoC5/cyfitter_cfg.c **** #define CYCLOCKSTART_FLL_ERROR   4u
 105:Generated_Source\PSoC5/cyfitter_cfg.c **** #define CYCLOCKSTART_WCO_ERROR   5u
 106:Generated_Source\PSoC5/cyfitter_cfg.c **** 
 107:Generated_Source\PSoC5/cyfitter_cfg.c **** 
 108:Generated_Source\PSoC5/cyfitter_cfg.c **** #ifdef CY_NEED_CYCLOCKSTARTUPERROR
 109:Generated_Source\PSoC5/cyfitter_cfg.c **** /*******************************************************************************
 110:Generated_Source\PSoC5/cyfitter_cfg.c **** * Function Name: CyClockStartupError
 111:Generated_Source\PSoC5/cyfitter_cfg.c **** ********************************************************************************
 112:Generated_Source\PSoC5/cyfitter_cfg.c **** * Summary:
 113:Generated_Source\PSoC5/cyfitter_cfg.c **** *  If an error is encountered during clock configuration (crystal startup error,
 114:Generated_Source\PSoC5/cyfitter_cfg.c **** *  PLL lock error, etc.), the system will end up here.  Unless reimplemented by
 115:Generated_Source\PSoC5/cyfitter_cfg.c **** *  the customer, this function will stop in an infinite loop.
 116:Generated_Source\PSoC5/cyfitter_cfg.c **** *
 117:Generated_Source\PSoC5/cyfitter_cfg.c **** * Parameters:
 118:Generated_Source\PSoC5/cyfitter_cfg.c **** *   void
 119:Generated_Source\PSoC5/cyfitter_cfg.c **** *
 120:Generated_Source\PSoC5/cyfitter_cfg.c **** * Return:
 121:Generated_Source\PSoC5/cyfitter_cfg.c **** *   void
 122:Generated_Source\PSoC5/cyfitter_cfg.c **** *
 123:Generated_Source\PSoC5/cyfitter_cfg.c **** *******************************************************************************/
 124:Generated_Source\PSoC5/cyfitter_cfg.c **** CY_CFG_UNUSED
 125:Generated_Source\PSoC5/cyfitter_cfg.c **** static void CyClockStartupError(uint8 errorCode);
 126:Generated_Source\PSoC5/cyfitter_cfg.c **** CY_CFG_UNUSED
 127:Generated_Source\PSoC5/cyfitter_cfg.c **** static void CyClockStartupError(uint8 errorCode)
 128:Generated_Source\PSoC5/cyfitter_cfg.c **** {
  27              		.loc 1 128 0
  28              		.cfi_startproc
  29              		@ Volatile: function does not return.
  30              		@ args = 0, pretend = 0, frame = 0
  31              		@ frame_needed = 0, uses_anonymous_args = 0
  32              		@ link register save eliminated.
  33              	.LVL0:
  34              	.L2:
  35 0000 FEE7     		b	.L2
  36              		.cfi_endproc
  37              	.LFE3:
  38              		.size	CyClockStartupError, .-CyClockStartupError
  39 0002 00BF     		.section	.text.cfg_write_bytes32,"ax",%progbits
  40              		.align	2
  41              		.thumb
  42              		.thumb_func
  43              		.type	cfg_write_bytes32, %function
ARM GAS  C:\Users\Anton\AppData\Local\Temp\ccJEuifp.s 			page 4


  44              	cfg_write_bytes32:
  45              	.LFB4:
 129:Generated_Source\PSoC5/cyfitter_cfg.c ****     /* To remove the compiler warning if errorCode not used.                */
 130:Generated_Source\PSoC5/cyfitter_cfg.c ****     errorCode = errorCode;
 131:Generated_Source\PSoC5/cyfitter_cfg.c **** 
 132:Generated_Source\PSoC5/cyfitter_cfg.c ****     /* If we have a clock startup error (bad MHz crystal, PLL lock, etc.),  */
 133:Generated_Source\PSoC5/cyfitter_cfg.c ****     /* we will end up here to allow the customer to implement something to  */
 134:Generated_Source\PSoC5/cyfitter_cfg.c ****     /* deal with the clock condition.                                       */
 135:Generated_Source\PSoC5/cyfitter_cfg.c **** 
 136:Generated_Source\PSoC5/cyfitter_cfg.c **** #ifdef CY_CFG_CLOCK_STARTUP_ERROR_CALLBACK
 137:Generated_Source\PSoC5/cyfitter_cfg.c ****     CY_CFG_Clock_Startup_ErrorCallback();
 138:Generated_Source\PSoC5/cyfitter_cfg.c **** #else
 139:Generated_Source\PSoC5/cyfitter_cfg.c ****     /*  If not using CY_CFG_CLOCK_STARTUP_ERROR_CALLBACK, place your clock startup code here. */
 140:Generated_Source\PSoC5/cyfitter_cfg.c ****     /* `#START CyClockStartupError` */
 141:Generated_Source\PSoC5/cyfitter_cfg.c **** 
 142:Generated_Source\PSoC5/cyfitter_cfg.c **** 
 143:Generated_Source\PSoC5/cyfitter_cfg.c **** 
 144:Generated_Source\PSoC5/cyfitter_cfg.c ****     /* `#END` */
 145:Generated_Source\PSoC5/cyfitter_cfg.c **** 
 146:Generated_Source\PSoC5/cyfitter_cfg.c ****     while(1) {}
 147:Generated_Source\PSoC5/cyfitter_cfg.c **** #endif /* CY_CFG_CLOCK_STARTUP_ERROR_CALLBACK */
 148:Generated_Source\PSoC5/cyfitter_cfg.c **** }
 149:Generated_Source\PSoC5/cyfitter_cfg.c **** #endif
 150:Generated_Source\PSoC5/cyfitter_cfg.c **** 
 151:Generated_Source\PSoC5/cyfitter_cfg.c **** #define CY_CFG_BASE_ADDR_COUNT 15u
 152:Generated_Source\PSoC5/cyfitter_cfg.c **** CYPACKED typedef struct
 153:Generated_Source\PSoC5/cyfitter_cfg.c **** {
 154:Generated_Source\PSoC5/cyfitter_cfg.c **** 	uint8 offset;
 155:Generated_Source\PSoC5/cyfitter_cfg.c **** 	uint8 value;
 156:Generated_Source\PSoC5/cyfitter_cfg.c **** } CYPACKED_ATTR cy_cfg_addrvalue_t;
 157:Generated_Source\PSoC5/cyfitter_cfg.c **** 
 158:Generated_Source\PSoC5/cyfitter_cfg.c **** #define cy_cfg_addr_table ((const uint32 CYFAR *)0x48000000u)
 159:Generated_Source\PSoC5/cyfitter_cfg.c **** #define cy_cfg_data_table ((const cy_cfg_addrvalue_t CYFAR *)0x4800003Cu)
 160:Generated_Source\PSoC5/cyfitter_cfg.c **** 
 161:Generated_Source\PSoC5/cyfitter_cfg.c **** /* IOPINS0_1 Address: CYREG_PRT1_DM0 Size (bytes): 8 */
 162:Generated_Source\PSoC5/cyfitter_cfg.c **** #define BS_IOPINS0_1_VAL ((const uint8 CYFAR *)0x48000110u)
 163:Generated_Source\PSoC5/cyfitter_cfg.c **** 
 164:Generated_Source\PSoC5/cyfitter_cfg.c **** /* IOPINS0_2 Address: CYREG_PRT2_DM0 Size (bytes): 8 */
 165:Generated_Source\PSoC5/cyfitter_cfg.c **** #define BS_IOPINS0_2_VAL ((const uint8 CYFAR *)0x48000118u)
 166:Generated_Source\PSoC5/cyfitter_cfg.c **** 
 167:Generated_Source\PSoC5/cyfitter_cfg.c **** 
 168:Generated_Source\PSoC5/cyfitter_cfg.c **** /*******************************************************************************
 169:Generated_Source\PSoC5/cyfitter_cfg.c **** * Function Name: cfg_write_bytes32
 170:Generated_Source\PSoC5/cyfitter_cfg.c **** ********************************************************************************
 171:Generated_Source\PSoC5/cyfitter_cfg.c **** * Summary:
 172:Generated_Source\PSoC5/cyfitter_cfg.c **** *  This function is used for setting up the chip configuration areas that
 173:Generated_Source\PSoC5/cyfitter_cfg.c **** *  contain relatively sparse data.
 174:Generated_Source\PSoC5/cyfitter_cfg.c **** *
 175:Generated_Source\PSoC5/cyfitter_cfg.c **** * Parameters:
 176:Generated_Source\PSoC5/cyfitter_cfg.c **** *   void
 177:Generated_Source\PSoC5/cyfitter_cfg.c **** *
 178:Generated_Source\PSoC5/cyfitter_cfg.c **** * Return:
 179:Generated_Source\PSoC5/cyfitter_cfg.c **** *   void
 180:Generated_Source\PSoC5/cyfitter_cfg.c **** *
 181:Generated_Source\PSoC5/cyfitter_cfg.c **** *******************************************************************************/
 182:Generated_Source\PSoC5/cyfitter_cfg.c **** static void cfg_write_bytes32(const uint32 addr_table[], const cy_cfg_addrvalue_t data_table[]);
 183:Generated_Source\PSoC5/cyfitter_cfg.c **** static void cfg_write_bytes32(const uint32 addr_table[], const cy_cfg_addrvalue_t data_table[])
ARM GAS  C:\Users\Anton\AppData\Local\Temp\ccJEuifp.s 			page 5


 184:Generated_Source\PSoC5/cyfitter_cfg.c **** {
  46              		.loc 1 184 0
  47              		.cfi_startproc
  48              		@ args = 0, pretend = 0, frame = 0
  49              		@ frame_needed = 0, uses_anonymous_args = 0
  50              		@ link register save eliminated.
  51              	.LVL1:
  52              		.loc 1 184 0
  53 0000 F0B4     		push	{r4, r5, r6, r7}
  54              		.cfi_def_cfa_offset 16
  55              		.cfi_offset 4, -16
  56              		.cfi_offset 5, -12
  57              		.cfi_offset 6, -8
  58              		.cfi_offset 7, -4
  59              	.LVL2:
 185:Generated_Source\PSoC5/cyfitter_cfg.c **** 	/* For 32-bit little-endian architectures */
 186:Generated_Source\PSoC5/cyfitter_cfg.c **** 	uint32 i, j = 0u;
  60              		.loc 1 186 0
  61 0002 0022     		movs	r2, #0
 187:Generated_Source\PSoC5/cyfitter_cfg.c **** 	for (i = 0u; i < CY_CFG_BASE_ADDR_COUNT; i++)
  62              		.loc 1 187 0
  63 0004 1746     		mov	r7, r2
  64 0006 11E0     		b	.L4
  65              	.LVL3:
  66              	.L7:
  67              	.LBB2:
 188:Generated_Source\PSoC5/cyfitter_cfg.c **** 	{
 189:Generated_Source\PSoC5/cyfitter_cfg.c **** 		uint32 baseAddr = addr_table[i];
  68              		.loc 1 189 0
  69 0008 50F82760 		ldr	r6, [r0, r7, lsl #2]
  70              	.LVL4:
 190:Generated_Source\PSoC5/cyfitter_cfg.c **** 		uint8 count = (uint8)baseAddr;
  71              		.loc 1 190 0
  72 000c F3B2     		uxtb	r3, r6
  73              	.LVL5:
 191:Generated_Source\PSoC5/cyfitter_cfg.c **** 		baseAddr &= 0xFFFFFF00u;
  74              		.loc 1 191 0
  75 000e 26F0FF06 		bic	r6, r6, #255
  76              	.LVL6:
 192:Generated_Source\PSoC5/cyfitter_cfg.c **** 		while (count != 0u)
  77              		.loc 1 192 0
  78 0012 08E0     		b	.L5
  79              	.L6:
 193:Generated_Source\PSoC5/cyfitter_cfg.c **** 		{
 194:Generated_Source\PSoC5/cyfitter_cfg.c **** 			CY_SET_REG8((void *)(baseAddr + data_table[j].offset), data_table[j].value);
  80              		.loc 1 194 0
  81 0014 01EB4205 		add	r5, r1, r2, lsl #1
  82 0018 11F81240 		ldrb	r4, [r1, r2, lsl #1]	@ zero_extendqisi2
  83 001c 6D78     		ldrb	r5, [r5, #1]	@ zero_extendqisi2
  84 001e A555     		strb	r5, [r4, r6]
 195:Generated_Source\PSoC5/cyfitter_cfg.c **** 			j++;
  85              		.loc 1 195 0
  86 0020 0132     		adds	r2, r2, #1
  87              	.LVL7:
 196:Generated_Source\PSoC5/cyfitter_cfg.c **** 			count--;
  88              		.loc 1 196 0
  89 0022 013B     		subs	r3, r3, #1
ARM GAS  C:\Users\Anton\AppData\Local\Temp\ccJEuifp.s 			page 6


  90              	.LVL8:
  91 0024 DBB2     		uxtb	r3, r3
  92              	.LVL9:
  93              	.L5:
 192:Generated_Source\PSoC5/cyfitter_cfg.c **** 		{
  94              		.loc 1 192 0
  95 0026 002B     		cmp	r3, #0
  96 0028 F4D1     		bne	.L6
  97              	.LBE2:
 187:Generated_Source\PSoC5/cyfitter_cfg.c **** 	{
  98              		.loc 1 187 0 discriminator 2
  99 002a 0137     		adds	r7, r7, #1
 100              	.LVL10:
 101              	.L4:
 187:Generated_Source\PSoC5/cyfitter_cfg.c **** 	{
 102              		.loc 1 187 0 is_stmt 0 discriminator 1
 103 002c 0E2F     		cmp	r7, #14
 104 002e EBD9     		bls	.L7
 197:Generated_Source\PSoC5/cyfitter_cfg.c **** 		}
 198:Generated_Source\PSoC5/cyfitter_cfg.c **** 	}
 199:Generated_Source\PSoC5/cyfitter_cfg.c **** }
 105              		.loc 1 199 0 is_stmt 1
 106 0030 F0BC     		pop	{r4, r5, r6, r7}
 107              		.cfi_restore 7
 108              		.cfi_restore 6
 109              		.cfi_restore 5
 110              		.cfi_restore 4
 111              		.cfi_def_cfa_offset 0
 112              	.LVL11:
 113 0032 7047     		bx	lr
 114              		.cfi_endproc
 115              	.LFE4:
 116              		.size	cfg_write_bytes32, .-cfg_write_bytes32
 117              		.section	.text.AnalogSetDefault,"ax",%progbits
 118              		.align	2
 119              		.thumb
 120              		.thumb_func
 121              		.type	AnalogSetDefault, %function
 122              	AnalogSetDefault:
 123              	.LFB6:
 200:Generated_Source\PSoC5/cyfitter_cfg.c **** 
 201:Generated_Source\PSoC5/cyfitter_cfg.c **** /*******************************************************************************
 202:Generated_Source\PSoC5/cyfitter_cfg.c **** * Function Name: ClockSetup
 203:Generated_Source\PSoC5/cyfitter_cfg.c **** ********************************************************************************
 204:Generated_Source\PSoC5/cyfitter_cfg.c **** *
 205:Generated_Source\PSoC5/cyfitter_cfg.c **** * Summary:
 206:Generated_Source\PSoC5/cyfitter_cfg.c **** *  Performs the initialization of all of the clocks in the device based on the
 207:Generated_Source\PSoC5/cyfitter_cfg.c **** *  settings in the Clock tab of the DWR.  This includes enabling the requested
 208:Generated_Source\PSoC5/cyfitter_cfg.c **** *  clocks and setting the necessary dividers to produce the desired frequency. 
 209:Generated_Source\PSoC5/cyfitter_cfg.c **** *
 210:Generated_Source\PSoC5/cyfitter_cfg.c **** * Parameters:
 211:Generated_Source\PSoC5/cyfitter_cfg.c **** *  void
 212:Generated_Source\PSoC5/cyfitter_cfg.c **** *
 213:Generated_Source\PSoC5/cyfitter_cfg.c **** * Return:
 214:Generated_Source\PSoC5/cyfitter_cfg.c **** *  void
 215:Generated_Source\PSoC5/cyfitter_cfg.c **** *
 216:Generated_Source\PSoC5/cyfitter_cfg.c **** *******************************************************************************/
ARM GAS  C:\Users\Anton\AppData\Local\Temp\ccJEuifp.s 			page 7


 217:Generated_Source\PSoC5/cyfitter_cfg.c **** static void ClockSetup(void);
 218:Generated_Source\PSoC5/cyfitter_cfg.c **** static void ClockSetup(void)
 219:Generated_Source\PSoC5/cyfitter_cfg.c **** {
 220:Generated_Source\PSoC5/cyfitter_cfg.c **** 	uint32 timeout;
 221:Generated_Source\PSoC5/cyfitter_cfg.c **** 	uint8 pllLock;
 222:Generated_Source\PSoC5/cyfitter_cfg.c **** 
 223:Generated_Source\PSoC5/cyfitter_cfg.c **** 
 224:Generated_Source\PSoC5/cyfitter_cfg.c **** 	/* Configure Digital Clocks based on settings from Clock DWR */
 225:Generated_Source\PSoC5/cyfitter_cfg.c **** 	CY_SET_XTND_REG16((void CYFAR *)(CYREG_CLKDIST_DCFG0_CFG0), 0x1C68u);
 226:Generated_Source\PSoC5/cyfitter_cfg.c **** 	CY_SET_XTND_REG8((void CYFAR *)(CYREG_CLKDIST_DCFG0_CFG0 + 0x2u), 0x18u);
 227:Generated_Source\PSoC5/cyfitter_cfg.c **** 	CY_SET_XTND_REG16((void CYFAR *)(CYREG_CLKDIST_DCFG1_CFG0), 0x1E3Du);
 228:Generated_Source\PSoC5/cyfitter_cfg.c **** 	CY_SET_XTND_REG8((void CYFAR *)(CYREG_CLKDIST_DCFG1_CFG0 + 0x2u), 0x18u);
 229:Generated_Source\PSoC5/cyfitter_cfg.c **** 	CY_SET_XTND_REG16((void CYFAR *)(CYREG_CLKDIST_DCFG2_CFG0), 0xFFFFu);
 230:Generated_Source\PSoC5/cyfitter_cfg.c **** 	CY_SET_XTND_REG8((void CYFAR *)(CYREG_CLKDIST_DCFG2_CFG0 + 0x2u), 0x18u);
 231:Generated_Source\PSoC5/cyfitter_cfg.c **** 
 232:Generated_Source\PSoC5/cyfitter_cfg.c **** 	/* Configure ILO based on settings from Clock DWR */
 233:Generated_Source\PSoC5/cyfitter_cfg.c **** 	CY_SET_XTND_REG8((void CYFAR *)(CYREG_SLOWCLK_ILO_CR0), 0x02u);
 234:Generated_Source\PSoC5/cyfitter_cfg.c **** 	CY_SET_XTND_REG8((void CYFAR *)(CYREG_CLKDIST_CR), 0x08u);
 235:Generated_Source\PSoC5/cyfitter_cfg.c **** 
 236:Generated_Source\PSoC5/cyfitter_cfg.c **** 	/* Configure IMO based on settings from Clock DWR */
 237:Generated_Source\PSoC5/cyfitter_cfg.c **** 	CY_SET_XTND_REG8((void CYFAR *)(CYREG_FASTCLK_IMO_CR), 0x03u);
 238:Generated_Source\PSoC5/cyfitter_cfg.c **** 	CY_SET_XTND_REG8((void CYFAR *)(CYREG_IMO_TR1), (CY_GET_XTND_REG8((void CYFAR *)CYREG_FLSHID_CUST_
 239:Generated_Source\PSoC5/cyfitter_cfg.c **** 
 240:Generated_Source\PSoC5/cyfitter_cfg.c **** 	/* Configure PLL based on settings from Clock DWR */
 241:Generated_Source\PSoC5/cyfitter_cfg.c **** 	CY_SET_XTND_REG16((void CYFAR *)(CYREG_FASTCLK_PLL_P), 0x0008u);
 242:Generated_Source\PSoC5/cyfitter_cfg.c **** 	CY_SET_XTND_REG16((void CYFAR *)(CYREG_FASTCLK_PLL_CFG0), 0x1251u);
 243:Generated_Source\PSoC5/cyfitter_cfg.c **** 	/* Wait up to 250us for the PLL to lock */
 244:Generated_Source\PSoC5/cyfitter_cfg.c **** 	pllLock = 0u;
 245:Generated_Source\PSoC5/cyfitter_cfg.c **** 	for (timeout = 250u / 10u; (timeout > 0u) && (pllLock != 0x03u); timeout--)
 246:Generated_Source\PSoC5/cyfitter_cfg.c **** 	{ 
 247:Generated_Source\PSoC5/cyfitter_cfg.c **** 		pllLock = 0x03u & ((uint8)((uint8)pllLock << 1) | ((CY_GET_XTND_REG8((void CYFAR *)CYREG_FASTCLK_
 248:Generated_Source\PSoC5/cyfitter_cfg.c **** 		CyDelayCycles(10u * 48u); /* Delay 10us based on 48MHz clock */
 249:Generated_Source\PSoC5/cyfitter_cfg.c **** 	}
 250:Generated_Source\PSoC5/cyfitter_cfg.c **** 	/* If we ran out of time the PLL didn't lock so go to the error function */
 251:Generated_Source\PSoC5/cyfitter_cfg.c **** 	if (timeout == 0u)
 252:Generated_Source\PSoC5/cyfitter_cfg.c **** 	{
 253:Generated_Source\PSoC5/cyfitter_cfg.c **** 		CyClockStartupError(CYCLOCKSTART_PLL_ERROR);
 254:Generated_Source\PSoC5/cyfitter_cfg.c **** 	}
 255:Generated_Source\PSoC5/cyfitter_cfg.c **** 
 256:Generated_Source\PSoC5/cyfitter_cfg.c **** 	/* Configure Bus/Master Clock based on settings from Clock DWR */
 257:Generated_Source\PSoC5/cyfitter_cfg.c **** 	CY_SET_XTND_REG16((void CYFAR *)(CYREG_CLKDIST_MSTR0), 0x0100u);
 258:Generated_Source\PSoC5/cyfitter_cfg.c **** 	CY_SET_XTND_REG8((void CYFAR *)(CYREG_CLKDIST_MSTR0), 0x07u);
 259:Generated_Source\PSoC5/cyfitter_cfg.c **** 	CY_SET_XTND_REG8((void CYFAR *)(CYREG_CLKDIST_BCFG0), 0x00u);
 260:Generated_Source\PSoC5/cyfitter_cfg.c **** 	CY_SET_XTND_REG8((void CYFAR *)(CYREG_CLKDIST_BCFG2), 0x48u);
 261:Generated_Source\PSoC5/cyfitter_cfg.c **** 	CY_SET_XTND_REG8((void CYFAR *)(CYREG_CLKDIST_MSTR0), 0x00u);
 262:Generated_Source\PSoC5/cyfitter_cfg.c **** 	CY_SET_XTND_REG8((void CYFAR *)(CYREG_CLKDIST_LD), 0x02u);
 263:Generated_Source\PSoC5/cyfitter_cfg.c **** 
 264:Generated_Source\PSoC5/cyfitter_cfg.c **** 	CY_SET_XTND_REG8((void CYFAR *)(CYREG_PM_ACT_CFG2), ((CY_GET_XTND_REG8((void CYFAR *)CYREG_PM_ACT_
 265:Generated_Source\PSoC5/cyfitter_cfg.c **** }
 266:Generated_Source\PSoC5/cyfitter_cfg.c **** 
 267:Generated_Source\PSoC5/cyfitter_cfg.c **** 
 268:Generated_Source\PSoC5/cyfitter_cfg.c **** /* Analog API Functions */
 269:Generated_Source\PSoC5/cyfitter_cfg.c **** 
 270:Generated_Source\PSoC5/cyfitter_cfg.c **** 
 271:Generated_Source\PSoC5/cyfitter_cfg.c **** /*******************************************************************************
 272:Generated_Source\PSoC5/cyfitter_cfg.c **** * Function Name: AnalogSetDefault
 273:Generated_Source\PSoC5/cyfitter_cfg.c **** ********************************************************************************
ARM GAS  C:\Users\Anton\AppData\Local\Temp\ccJEuifp.s 			page 8


 274:Generated_Source\PSoC5/cyfitter_cfg.c **** *
 275:Generated_Source\PSoC5/cyfitter_cfg.c **** * Summary:
 276:Generated_Source\PSoC5/cyfitter_cfg.c **** *  Sets up the analog portions of the chip to default values based on chip
 277:Generated_Source\PSoC5/cyfitter_cfg.c **** *  configuration options from the project.
 278:Generated_Source\PSoC5/cyfitter_cfg.c **** *
 279:Generated_Source\PSoC5/cyfitter_cfg.c **** * Parameters:
 280:Generated_Source\PSoC5/cyfitter_cfg.c **** *  void
 281:Generated_Source\PSoC5/cyfitter_cfg.c **** *
 282:Generated_Source\PSoC5/cyfitter_cfg.c **** * Return:
 283:Generated_Source\PSoC5/cyfitter_cfg.c **** *  void
 284:Generated_Source\PSoC5/cyfitter_cfg.c **** *
 285:Generated_Source\PSoC5/cyfitter_cfg.c **** *******************************************************************************/
 286:Generated_Source\PSoC5/cyfitter_cfg.c **** static void AnalogSetDefault(void);
 287:Generated_Source\PSoC5/cyfitter_cfg.c **** static void AnalogSetDefault(void)
 288:Generated_Source\PSoC5/cyfitter_cfg.c **** {
 124              		.loc 1 288 0
 125              		.cfi_startproc
 126              		@ args = 0, pretend = 0, frame = 0
 127              		@ frame_needed = 0, uses_anonymous_args = 0
 128              		@ link register save eliminated.
 289:Generated_Source\PSoC5/cyfitter_cfg.c **** 	uint8 bg_xover_inl_trim = CY_GET_XTND_REG8((void CYFAR *)(CYREG_FLSHID_MFG_CFG_BG_XOVER_INL_TRIM +
 129              		.loc 1 289 0
 130 0000 064B     		ldr	r3, .L10
 131 0002 1B78     		ldrb	r3, [r3]	@ zero_extendqisi2
 132 0004 DBB2     		uxtb	r3, r3
 133              	.LVL12:
 290:Generated_Source\PSoC5/cyfitter_cfg.c **** 	CY_SET_XTND_REG8((void CYFAR *)(CYREG_BG_DFT0), (bg_xover_inl_trim & 0x07u));
 134              		.loc 1 290 0
 135 0006 03F00701 		and	r1, r3, #7
 136 000a 054A     		ldr	r2, .L10+4
 137 000c 1170     		strb	r1, [r2]
 291:Generated_Source\PSoC5/cyfitter_cfg.c **** 	CY_SET_XTND_REG8((void CYFAR *)(CYREG_BG_DFT1), ((bg_xover_inl_trim >> 4) & 0x0Fu));
 138              		.loc 1 291 0
 139 000e 1B09     		lsrs	r3, r3, #4
 140              	.LVL13:
 141 0010 0132     		adds	r2, r2, #1
 142 0012 1370     		strb	r3, [r2]
 292:Generated_Source\PSoC5/cyfitter_cfg.c **** 	CY_SET_XTND_REG8((void CYFAR *)CYREG_PUMP_CR0, 0x44u);
 143              		.loc 1 292 0
 144 0014 4422     		movs	r2, #68
 145 0016 034B     		ldr	r3, .L10+8
 146 0018 1A70     		strb	r2, [r3]
 147 001a 7047     		bx	lr
 148              	.L11:
 149              		.align	2
 150              	.L10:
 151 001c CF010049 		.word	1224737231
 152 0020 6E580040 		.word	1073764462
 153 0024 76580040 		.word	1073764470
 154              		.cfi_endproc
 155              	.LFE6:
 156              		.size	AnalogSetDefault, .-AnalogSetDefault
 157              		.section	.text.CYMEMZERO,"ax",%progbits
 158              		.align	2
 159              		.thumb
 160              		.thumb_func
 161              		.type	CYMEMZERO, %function
ARM GAS  C:\Users\Anton\AppData\Local\Temp\ccJEuifp.s 			page 9


 162              	CYMEMZERO:
 163              	.LFB0:
  78:Generated_Source\PSoC5/cyfitter_cfg.c **** 	(void)memset(s, 0, n);
 164              		.loc 1 78 0
 165              		.cfi_startproc
 166              		@ args = 0, pretend = 0, frame = 0
 167              		@ frame_needed = 0, uses_anonymous_args = 0
 168              	.LVL14:
 169 0000 08B5     		push	{r3, lr}
 170              		.cfi_def_cfa_offset 8
 171              		.cfi_offset 3, -8
 172              		.cfi_offset 14, -4
  79:Generated_Source\PSoC5/cyfitter_cfg.c **** }
 173              		.loc 1 79 0
 174 0002 0A46     		mov	r2, r1
 175 0004 0021     		movs	r1, #0
 176              	.LVL15:
 177 0006 FFF7FEFF 		bl	memset
 178              	.LVL16:
 179 000a 08BD     		pop	{r3, pc}
 180              		.cfi_endproc
 181              	.LFE0:
 182              		.size	CYMEMZERO, .-CYMEMZERO
 183              		.section	.text.ClockSetup,"ax",%progbits
 184              		.align	2
 185              		.thumb
 186              		.thumb_func
 187              		.type	ClockSetup, %function
 188              	ClockSetup:
 189              	.LFB5:
 219:Generated_Source\PSoC5/cyfitter_cfg.c **** 	uint32 timeout;
 190              		.loc 1 219 0
 191              		.cfi_startproc
 192              		@ args = 0, pretend = 0, frame = 0
 193              		@ frame_needed = 0, uses_anonymous_args = 0
 194 0000 38B5     		push	{r3, r4, r5, lr}
 195              		.cfi_def_cfa_offset 16
 196              		.cfi_offset 3, -16
 197              		.cfi_offset 4, -12
 198              		.cfi_offset 5, -8
 199              		.cfi_offset 14, -4
 225:Generated_Source\PSoC5/cyfitter_cfg.c **** 	CY_SET_XTND_REG8((void CYFAR *)(CYREG_CLKDIST_DCFG0_CFG0 + 0x2u), 0x18u);
 200              		.loc 1 225 0
 201 0002 41F66842 		movw	r2, #7272
 202 0006 2A4B     		ldr	r3, .L20
 203 0008 1A80     		strh	r2, [r3]	@ movhi
 226:Generated_Source\PSoC5/cyfitter_cfg.c **** 	CY_SET_XTND_REG16((void CYFAR *)(CYREG_CLKDIST_DCFG1_CFG0), 0x1E3Du);
 204              		.loc 1 226 0
 205 000a 1823     		movs	r3, #24
 206 000c 294A     		ldr	r2, .L20+4
 207 000e 1370     		strb	r3, [r2]
 227:Generated_Source\PSoC5/cyfitter_cfg.c **** 	CY_SET_XTND_REG8((void CYFAR *)(CYREG_CLKDIST_DCFG1_CFG0 + 0x2u), 0x18u);
 208              		.loc 1 227 0
 209 0010 41F63D61 		movw	r1, #7741
 210 0014 0232     		adds	r2, r2, #2
 211 0016 1180     		strh	r1, [r2]	@ movhi
 228:Generated_Source\PSoC5/cyfitter_cfg.c **** 	CY_SET_XTND_REG16((void CYFAR *)(CYREG_CLKDIST_DCFG2_CFG0), 0xFFFFu);
ARM GAS  C:\Users\Anton\AppData\Local\Temp\ccJEuifp.s 			page 10


 212              		.loc 1 228 0
 213 0018 0232     		adds	r2, r2, #2
 214 001a 1370     		strb	r3, [r2]
 229:Generated_Source\PSoC5/cyfitter_cfg.c **** 	CY_SET_XTND_REG8((void CYFAR *)(CYREG_CLKDIST_DCFG2_CFG0 + 0x2u), 0x18u);
 215              		.loc 1 229 0
 216 001c 4FF6FF71 		movw	r1, #65535
 217 0020 0232     		adds	r2, r2, #2
 218 0022 1180     		strh	r1, [r2]	@ movhi
 230:Generated_Source\PSoC5/cyfitter_cfg.c **** 
 219              		.loc 1 230 0
 220 0024 0232     		adds	r2, r2, #2
 221 0026 1370     		strb	r3, [r2]
 233:Generated_Source\PSoC5/cyfitter_cfg.c **** 	CY_SET_XTND_REG8((void CYFAR *)(CYREG_CLKDIST_CR), 0x08u);
 222              		.loc 1 233 0
 223 0028 0222     		movs	r2, #2
 224 002a 234B     		ldr	r3, .L20+8
 225 002c 1A70     		strb	r2, [r3]
 234:Generated_Source\PSoC5/cyfitter_cfg.c **** 
 226              		.loc 1 234 0
 227 002e 0822     		movs	r2, #8
 228 0030 4FF04023 		mov	r3, #1073758208
 229 0034 1A70     		strb	r2, [r3]
 237:Generated_Source\PSoC5/cyfitter_cfg.c **** 	CY_SET_XTND_REG8((void CYFAR *)(CYREG_IMO_TR1), (CY_GET_XTND_REG8((void CYFAR *)CYREG_FLSHID_CUST_
 230              		.loc 1 237 0
 231 0036 0321     		movs	r1, #3
 232 0038 03F50073 		add	r3, r3, #512
 233 003c 1970     		strb	r1, [r3]
 238:Generated_Source\PSoC5/cyfitter_cfg.c **** 
 234              		.loc 1 238 0
 235 003e 1F4B     		ldr	r3, .L20+12
 236 0040 1B78     		ldrb	r3, [r3]	@ zero_extendqisi2
 237 0042 DBB2     		uxtb	r3, r3
 238 0044 1E49     		ldr	r1, .L20+16
 239 0046 0B70     		strb	r3, [r1]
 241:Generated_Source\PSoC5/cyfitter_cfg.c **** 	CY_SET_XTND_REG16((void CYFAR *)(CYREG_FASTCLK_PLL_CFG0), 0x1251u);
 240              		.loc 1 241 0
 241 0048 1E4B     		ldr	r3, .L20+20
 242 004a 1A80     		strh	r2, [r3]	@ movhi
 242:Generated_Source\PSoC5/cyfitter_cfg.c **** 	/* Wait up to 250us for the PLL to lock */
 243              		.loc 1 242 0
 244 004c 41F25122 		movw	r2, #4689
 245 0050 023B     		subs	r3, r3, #2
 246 0052 1A80     		strh	r2, [r3]	@ movhi
 247              	.LVL17:
 244:Generated_Source\PSoC5/cyfitter_cfg.c **** 	for (timeout = 250u / 10u; (timeout > 0u) && (pllLock != 0x03u); timeout--)
 248              		.loc 1 244 0
 249 0054 0024     		movs	r4, #0
 245:Generated_Source\PSoC5/cyfitter_cfg.c **** 	{ 
 250              		.loc 1 245 0
 251 0056 1925     		movs	r5, #25
 252 0058 0CE0     		b	.L15
 253              	.LVL18:
 254              	.L17:
 247:Generated_Source\PSoC5/cyfitter_cfg.c **** 		CyDelayCycles(10u * 48u); /* Delay 10us based on 48MHz clock */
 255              		.loc 1 247 0 discriminator 4
 256 005a 1B4B     		ldr	r3, .L20+24
 257 005c 1B78     		ldrb	r3, [r3]	@ zero_extendqisi2
ARM GAS  C:\Users\Anton\AppData\Local\Temp\ccJEuifp.s 			page 11


 258 005e 03F00103 		and	r3, r3, #1
 259 0062 43EA4404 		orr	r4, r3, r4, lsl #1
 260              	.LVL19:
 261 0066 04F00304 		and	r4, r4, #3
 262              	.LVL20:
 248:Generated_Source\PSoC5/cyfitter_cfg.c **** 	}
 263              		.loc 1 248 0 discriminator 4
 264 006a 4FF4F070 		mov	r0, #480
 265 006e FFF7FEFF 		bl	CyDelayCycles
 266              	.LVL21:
 245:Generated_Source\PSoC5/cyfitter_cfg.c **** 	{ 
 267              		.loc 1 245 0 discriminator 4
 268 0072 013D     		subs	r5, r5, #1
 269              	.LVL22:
 270              	.L15:
 245:Generated_Source\PSoC5/cyfitter_cfg.c **** 	{ 
 271              		.loc 1 245 0 is_stmt 0 discriminator 1
 272 0074 0DB1     		cbz	r5, .L16
 245:Generated_Source\PSoC5/cyfitter_cfg.c **** 	{ 
 273              		.loc 1 245 0 discriminator 3
 274 0076 032C     		cmp	r4, #3
 275 0078 EFD1     		bne	.L17
 276              	.L16:
 251:Generated_Source\PSoC5/cyfitter_cfg.c **** 	{
 277              		.loc 1 251 0 is_stmt 1
 278 007a 15B9     		cbnz	r5, .L18
 253:Generated_Source\PSoC5/cyfitter_cfg.c **** 	}
 279              		.loc 1 253 0
 280 007c 0320     		movs	r0, #3
 281 007e FFF7FEFF 		bl	CyClockStartupError
 282              	.LVL23:
 283              	.L18:
 257:Generated_Source\PSoC5/cyfitter_cfg.c **** 	CY_SET_XTND_REG8((void CYFAR *)(CYREG_CLKDIST_MSTR0), 0x07u);
 284              		.loc 1 257 0
 285 0082 124B     		ldr	r3, .L20+28
 286 0084 4FF48072 		mov	r2, #256
 287 0088 1A80     		strh	r2, [r3]	@ movhi
 258:Generated_Source\PSoC5/cyfitter_cfg.c **** 	CY_SET_XTND_REG8((void CYFAR *)(CYREG_CLKDIST_BCFG0), 0x00u);
 288              		.loc 1 258 0
 289 008a 0722     		movs	r2, #7
 290 008c 1A70     		strb	r2, [r3]
 259:Generated_Source\PSoC5/cyfitter_cfg.c **** 	CY_SET_XTND_REG8((void CYFAR *)(CYREG_CLKDIST_BCFG2), 0x48u);
 291              		.loc 1 259 0
 292 008e 0022     		movs	r2, #0
 293 0090 0F49     		ldr	r1, .L20+32
 294 0092 0A70     		strb	r2, [r1]
 260:Generated_Source\PSoC5/cyfitter_cfg.c **** 	CY_SET_XTND_REG8((void CYFAR *)(CYREG_CLKDIST_MSTR0), 0x00u);
 295              		.loc 1 260 0
 296 0094 4820     		movs	r0, #72
 297 0096 0231     		adds	r1, r1, #2
 298 0098 0870     		strb	r0, [r1]
 261:Generated_Source\PSoC5/cyfitter_cfg.c **** 	CY_SET_XTND_REG8((void CYFAR *)(CYREG_CLKDIST_LD), 0x02u);
 299              		.loc 1 261 0
 300 009a 1A70     		strb	r2, [r3]
 262:Generated_Source\PSoC5/cyfitter_cfg.c **** 
 301              		.loc 1 262 0
 302 009c 0222     		movs	r2, #2
ARM GAS  C:\Users\Anton\AppData\Local\Temp\ccJEuifp.s 			page 12


 303 009e 033B     		subs	r3, r3, #3
 304 00a0 1A70     		strb	r2, [r3]
 264:Generated_Source\PSoC5/cyfitter_cfg.c **** }
 305              		.loc 1 264 0
 306 00a2 0C4A     		ldr	r2, .L20+36
 307 00a4 1378     		ldrb	r3, [r2]	@ zero_extendqisi2
 308 00a6 43F00703 		orr	r3, r3, #7
 309 00aa 1370     		strb	r3, [r2]
 310 00ac 38BD     		pop	{r3, r4, r5, pc}
 311              	.LVL24:
 312              	.L21:
 313 00ae 00BF     		.align	2
 314              	.L20:
 315 00b0 80400040 		.word	1073758336
 316 00b4 82400040 		.word	1073758338
 317 00b8 00430040 		.word	1073758976
 318 00bc 08010049 		.word	1224737032
 319 00c0 A1460040 		.word	1073759905
 320 00c4 22420040 		.word	1073758754
 321 00c8 25420040 		.word	1073758757
 322 00cc 04400040 		.word	1073758212
 323 00d0 06400040 		.word	1073758214
 324 00d4 A2430040 		.word	1073759138
 325              		.cfi_endproc
 326              	.LFE5:
 327              		.size	ClockSetup, .-ClockSetup
 328              		.section	.text.CYCONFIGCPY,"ax",%progbits
 329              		.align	2
 330              		.thumb
 331              		.thumb_func
 332              		.type	CYCONFIGCPY, %function
 333              	CYCONFIGCPY:
 334              	.LFB1:
  85:Generated_Source\PSoC5/cyfitter_cfg.c **** 	(void)memcpy(dest, src, n);
 335              		.loc 1 85 0
 336              		.cfi_startproc
 337              		@ args = 0, pretend = 0, frame = 0
 338              		@ frame_needed = 0, uses_anonymous_args = 0
 339              	.LVL25:
 340 0000 08B5     		push	{r3, lr}
 341              		.cfi_def_cfa_offset 8
 342              		.cfi_offset 3, -8
 343              		.cfi_offset 14, -4
  86:Generated_Source\PSoC5/cyfitter_cfg.c **** }
 344              		.loc 1 86 0
 345 0002 FFF7FEFF 		bl	memcpy
 346              	.LVL26:
 347 0006 08BD     		pop	{r3, pc}
 348              		.cfi_endproc
 349              	.LFE1:
 350              		.size	CYCONFIGCPY, .-CYCONFIGCPY
 351              		.section	.text.SetAnalogRoutingPumps,"ax",%progbits
 352              		.align	2
 353              		.global	SetAnalogRoutingPumps
 354              		.thumb
 355              		.thumb_func
 356              		.type	SetAnalogRoutingPumps, %function
ARM GAS  C:\Users\Anton\AppData\Local\Temp\ccJEuifp.s 			page 13


 357              	SetAnalogRoutingPumps:
 358              	.LFB7:
 293:Generated_Source\PSoC5/cyfitter_cfg.c **** }
 294:Generated_Source\PSoC5/cyfitter_cfg.c **** 
 295:Generated_Source\PSoC5/cyfitter_cfg.c **** 
 296:Generated_Source\PSoC5/cyfitter_cfg.c **** /*******************************************************************************
 297:Generated_Source\PSoC5/cyfitter_cfg.c **** * Function Name: SetAnalogRoutingPumps
 298:Generated_Source\PSoC5/cyfitter_cfg.c **** ********************************************************************************
 299:Generated_Source\PSoC5/cyfitter_cfg.c **** *
 300:Generated_Source\PSoC5/cyfitter_cfg.c **** * Summary:
 301:Generated_Source\PSoC5/cyfitter_cfg.c **** * Enables or disables the analog pumps feeding analog routing switches.
 302:Generated_Source\PSoC5/cyfitter_cfg.c **** * Intended to be called at startup, based on the Vdda system configuration;
 303:Generated_Source\PSoC5/cyfitter_cfg.c **** * may be called during operation when the user informs us that the Vdda voltage
 304:Generated_Source\PSoC5/cyfitter_cfg.c **** * crossed the pump threshold.
 305:Generated_Source\PSoC5/cyfitter_cfg.c **** *
 306:Generated_Source\PSoC5/cyfitter_cfg.c **** * Parameters:
 307:Generated_Source\PSoC5/cyfitter_cfg.c **** *  enabled - 1 to enable the pumps, 0 to disable the pumps
 308:Generated_Source\PSoC5/cyfitter_cfg.c **** *
 309:Generated_Source\PSoC5/cyfitter_cfg.c **** * Return:
 310:Generated_Source\PSoC5/cyfitter_cfg.c **** *  void
 311:Generated_Source\PSoC5/cyfitter_cfg.c **** *
 312:Generated_Source\PSoC5/cyfitter_cfg.c **** *******************************************************************************/
 313:Generated_Source\PSoC5/cyfitter_cfg.c **** void SetAnalogRoutingPumps(uint8 enabled)
 314:Generated_Source\PSoC5/cyfitter_cfg.c **** {
 359              		.loc 1 314 0
 360              		.cfi_startproc
 361              		@ args = 0, pretend = 0, frame = 0
 362              		@ frame_needed = 0, uses_anonymous_args = 0
 363              		@ link register save eliminated.
 364              	.LVL27:
 315:Generated_Source\PSoC5/cyfitter_cfg.c **** 	uint8 regValue = CY_GET_XTND_REG8((void CYFAR *)CYREG_PUMP_CR0);
 365              		.loc 1 315 0
 366 0000 024A     		ldr	r2, .L25
 367 0002 1378     		ldrb	r3, [r2]	@ zero_extendqisi2
 368 0004 DBB2     		uxtb	r3, r3
 369              	.LVL28:
 316:Generated_Source\PSoC5/cyfitter_cfg.c **** 	if (enabled != 0u)
 317:Generated_Source\PSoC5/cyfitter_cfg.c **** 	{
 318:Generated_Source\PSoC5/cyfitter_cfg.c **** 		regValue |= 0x00u;
 319:Generated_Source\PSoC5/cyfitter_cfg.c **** 	}
 320:Generated_Source\PSoC5/cyfitter_cfg.c **** 	else
 321:Generated_Source\PSoC5/cyfitter_cfg.c **** 	{
 322:Generated_Source\PSoC5/cyfitter_cfg.c **** 		regValue &= (uint8)~0x00u;
 323:Generated_Source\PSoC5/cyfitter_cfg.c **** 	}
 324:Generated_Source\PSoC5/cyfitter_cfg.c **** 	CY_SET_XTND_REG8((void CYFAR *)CYREG_PUMP_CR0, regValue);
 370              		.loc 1 324 0
 371 0006 1370     		strb	r3, [r2]
 372 0008 7047     		bx	lr
 373              	.L26:
 374 000a 00BF     		.align	2
 375              	.L25:
 376 000c 76580040 		.word	1073764470
 377              		.cfi_endproc
 378              	.LFE7:
 379              		.size	SetAnalogRoutingPumps, .-SetAnalogRoutingPumps
 380              		.section	.text.cyfitter_cfg,"ax",%progbits
 381              		.align	2
ARM GAS  C:\Users\Anton\AppData\Local\Temp\ccJEuifp.s 			page 14


 382              		.global	cyfitter_cfg
 383              		.thumb
 384              		.thumb_func
 385              		.type	cyfitter_cfg, %function
 386              	cyfitter_cfg:
 387              	.LFB8:
 325:Generated_Source\PSoC5/cyfitter_cfg.c **** }
 326:Generated_Source\PSoC5/cyfitter_cfg.c **** 
 327:Generated_Source\PSoC5/cyfitter_cfg.c **** 
 328:Generated_Source\PSoC5/cyfitter_cfg.c **** 
 329:Generated_Source\PSoC5/cyfitter_cfg.c **** 
 330:Generated_Source\PSoC5/cyfitter_cfg.c **** /*******************************************************************************
 331:Generated_Source\PSoC5/cyfitter_cfg.c **** * Function Name: cyfitter_cfg
 332:Generated_Source\PSoC5/cyfitter_cfg.c **** ********************************************************************************
 333:Generated_Source\PSoC5/cyfitter_cfg.c **** * Summary:
 334:Generated_Source\PSoC5/cyfitter_cfg.c **** *  This function is called by the start-up code for the selected device. It
 335:Generated_Source\PSoC5/cyfitter_cfg.c **** *  performs all of the necessary device configuration based on the design
 336:Generated_Source\PSoC5/cyfitter_cfg.c **** *  settings.  This includes settings from the Design Wide Resources (DWR) such
 337:Generated_Source\PSoC5/cyfitter_cfg.c **** *  as Clocks and Pins as well as any component configuration that is necessary.
 338:Generated_Source\PSoC5/cyfitter_cfg.c **** *
 339:Generated_Source\PSoC5/cyfitter_cfg.c **** * Parameters:
 340:Generated_Source\PSoC5/cyfitter_cfg.c **** *   void
 341:Generated_Source\PSoC5/cyfitter_cfg.c **** *
 342:Generated_Source\PSoC5/cyfitter_cfg.c **** * Return:
 343:Generated_Source\PSoC5/cyfitter_cfg.c **** *   void
 344:Generated_Source\PSoC5/cyfitter_cfg.c **** *
 345:Generated_Source\PSoC5/cyfitter_cfg.c **** *******************************************************************************/
 346:Generated_Source\PSoC5/cyfitter_cfg.c **** 
 347:Generated_Source\PSoC5/cyfitter_cfg.c **** void cyfitter_cfg(void)
 348:Generated_Source\PSoC5/cyfitter_cfg.c **** {
 388              		.loc 1 348 0
 389              		.cfi_startproc
 390              		@ args = 0, pretend = 0, frame = 0
 391              		@ frame_needed = 0, uses_anonymous_args = 0
 392 0000 38B5     		push	{r3, r4, r5, lr}
 393              		.cfi_def_cfa_offset 16
 394              		.cfi_offset 3, -16
 395              		.cfi_offset 4, -12
 396              		.cfi_offset 5, -8
 397              		.cfi_offset 14, -4
 349:Generated_Source\PSoC5/cyfitter_cfg.c **** #ifdef CYGlobalIntDisable
 350:Generated_Source\PSoC5/cyfitter_cfg.c **** 	/* Disable interrupts by default. Let user enable if/when they want. */
 351:Generated_Source\PSoC5/cyfitter_cfg.c **** 	CYGlobalIntDisable
 398              		.loc 1 351 0
 399              		.syntax unified
 400              	@ 351 "Generated_Source\PSoC5\cyfitter_cfg.c" 1
 401 0002 72B6     		CPSID   i
 402              	@ 0 "" 2
 352:Generated_Source\PSoC5/cyfitter_cfg.c **** #endif
 353:Generated_Source\PSoC5/cyfitter_cfg.c **** 
 354:Generated_Source\PSoC5/cyfitter_cfg.c **** 	/* Enable/Disable Debug functionality based on settings from System DWR */
 355:Generated_Source\PSoC5/cyfitter_cfg.c **** 	CY_SET_XTND_REG8((void CYFAR *)CYREG_MLOGIC_DEBUG, (CY_GET_XTND_REG8((void CYFAR *)CYREG_MLOGIC_DE
 403              		.loc 1 355 0
 404              		.thumb
 405              		.syntax unified
 406 0004 284A     		ldr	r2, .L31
 407 0006 1378     		ldrb	r3, [r2]	@ zero_extendqisi2
ARM GAS  C:\Users\Anton\AppData\Local\Temp\ccJEuifp.s 			page 15


 408 0008 43F00403 		orr	r3, r3, #4
 409 000c 1370     		strb	r3, [r2]
 410              	.LVL29:
 411              	.LBB3:
 356:Generated_Source\PSoC5/cyfitter_cfg.c **** 
 357:Generated_Source\PSoC5/cyfitter_cfg.c **** 	{
 358:Generated_Source\PSoC5/cyfitter_cfg.c **** 
 359:Generated_Source\PSoC5/cyfitter_cfg.c **** 		CYPACKED typedef struct {
 360:Generated_Source\PSoC5/cyfitter_cfg.c **** 			void CYFAR *address;
 361:Generated_Source\PSoC5/cyfitter_cfg.c **** 			uint16 size;
 362:Generated_Source\PSoC5/cyfitter_cfg.c **** 		} CYPACKED_ATTR cfg_memset_t;
 363:Generated_Source\PSoC5/cyfitter_cfg.c **** 
 364:Generated_Source\PSoC5/cyfitter_cfg.c **** 		static const cfg_memset_t CYCODE cfg_memset_list[] = {
 365:Generated_Source\PSoC5/cyfitter_cfg.c **** 			/* address, size */
 366:Generated_Source\PSoC5/cyfitter_cfg.c **** 			{(void CYFAR *)(CYREG_PRT0_DR), 16u},
 367:Generated_Source\PSoC5/cyfitter_cfg.c **** 			{(void CYFAR *)(CYREG_PRT3_DR), 64u},
 368:Generated_Source\PSoC5/cyfitter_cfg.c **** 			{(void CYFAR *)(CYREG_PRT12_DR), 16u},
 369:Generated_Source\PSoC5/cyfitter_cfg.c **** 			{(void CYFAR *)(CYREG_PRT15_DR), 16u},
 370:Generated_Source\PSoC5/cyfitter_cfg.c **** 			{(void CYFAR *)(CYDEV_UCFG_B0_P0_U0_BASE), 4096u},
 371:Generated_Source\PSoC5/cyfitter_cfg.c **** 			{(void CYFAR *)(CYDEV_UCFG_B1_P2_U0_BASE), 2048u},
 372:Generated_Source\PSoC5/cyfitter_cfg.c **** 			{(void CYFAR *)(CYDEV_UCFG_DSI0_BASE), 2560u},
 373:Generated_Source\PSoC5/cyfitter_cfg.c **** 			{(void CYFAR *)(CYDEV_UCFG_DSI12_BASE), 512u},
 374:Generated_Source\PSoC5/cyfitter_cfg.c **** 			{(void CYFAR *)(CYREG_BCTL0_MDCLK_EN), 32u},
 375:Generated_Source\PSoC5/cyfitter_cfg.c **** 		};
 376:Generated_Source\PSoC5/cyfitter_cfg.c **** 
 377:Generated_Source\PSoC5/cyfitter_cfg.c **** 		uint8 CYDATA i;
 378:Generated_Source\PSoC5/cyfitter_cfg.c **** 
 379:Generated_Source\PSoC5/cyfitter_cfg.c **** 		/* Zero out critical memory blocks before beginning configuration */
 380:Generated_Source\PSoC5/cyfitter_cfg.c **** 		for (i = 0u; i < (sizeof(cfg_memset_list)/sizeof(cfg_memset_list[0])); i++)
 412              		.loc 1 380 0
 413 000e 0024     		movs	r4, #0
 414 0010 0CE0     		b	.L28
 415              	.LVL30:
 416              	.L29:
 417              	.LBB4:
 381:Generated_Source\PSoC5/cyfitter_cfg.c **** 		{
 382:Generated_Source\PSoC5/cyfitter_cfg.c **** 			const cfg_memset_t CYCODE * CYDATA ms = &cfg_memset_list[i];
 383:Generated_Source\PSoC5/cyfitter_cfg.c **** 			CYMEMZERO(ms->address, (size_t)(uint32)(ms->size));
 418              		.loc 1 383 0 discriminator 3
 419 0012 264D     		ldr	r5, .L31+4
 420 0014 6300     		lsls	r3, r4, #1
 421 0016 1919     		adds	r1, r3, r4
 422 0018 4A00     		lsls	r2, r1, #1
 423 001a 1146     		mov	r1, r2
 424 001c 2A44     		add	r2, r2, r5
 425 001e 0846     		mov	r0, r1
 426 0020 9188     		ldrh	r1, [r2, #4]
 427 0022 2858     		ldr	r0, [r5, r0]	@ unaligned
 428 0024 FFF7FEFF 		bl	CYMEMZERO
 429              	.LVL31:
 430              	.LBE4:
 380:Generated_Source\PSoC5/cyfitter_cfg.c **** 		{
 431              		.loc 1 380 0 discriminator 3
 432 0028 0134     		adds	r4, r4, #1
 433              	.LVL32:
 434 002a E4B2     		uxtb	r4, r4
 435              	.LVL33:
ARM GAS  C:\Users\Anton\AppData\Local\Temp\ccJEuifp.s 			page 16


 436              	.L28:
 380:Generated_Source\PSoC5/cyfitter_cfg.c **** 		{
 437              		.loc 1 380 0 is_stmt 0 discriminator 1
 438 002c 082C     		cmp	r4, #8
 439 002e F0D9     		bls	.L29
 384:Generated_Source\PSoC5/cyfitter_cfg.c **** 		}
 385:Generated_Source\PSoC5/cyfitter_cfg.c **** 
 386:Generated_Source\PSoC5/cyfitter_cfg.c **** 		cfg_write_bytes32(cy_cfg_addr_table, cy_cfg_data_table);
 440              		.loc 1 386 0 is_stmt 1
 441 0030 1F49     		ldr	r1, .L31+8
 442 0032 4FF09040 		mov	r0, #1207959552
 443 0036 FFF7FEFF 		bl	cfg_write_bytes32
 444              	.LVL34:
 387:Generated_Source\PSoC5/cyfitter_cfg.c **** 
 388:Generated_Source\PSoC5/cyfitter_cfg.c **** 		/* Enable digital routing */
 389:Generated_Source\PSoC5/cyfitter_cfg.c **** 		CY_SET_XTND_REG8((void CYFAR *)CYREG_BCTL0_BANK_CTL, CY_GET_XTND_REG8((void CYFAR *)CYREG_BCTL0_B
 445              		.loc 1 389 0
 446 003a 1E4A     		ldr	r2, .L31+12
 447 003c 1378     		ldrb	r3, [r2]	@ zero_extendqisi2
 448 003e 43F00203 		orr	r3, r3, #2
 449 0042 1370     		strb	r3, [r2]
 390:Generated_Source\PSoC5/cyfitter_cfg.c **** 		CY_SET_XTND_REG8((void CYFAR *)CYREG_BCTL1_BANK_CTL, CY_GET_XTND_REG8((void CYFAR *)CYREG_BCTL1_B
 450              		.loc 1 390 0
 451 0044 1032     		adds	r2, r2, #16
 452 0046 1378     		ldrb	r3, [r2]	@ zero_extendqisi2
 453 0048 43F00203 		orr	r3, r3, #2
 454 004c 1370     		strb	r3, [r2]
 391:Generated_Source\PSoC5/cyfitter_cfg.c **** 
 392:Generated_Source\PSoC5/cyfitter_cfg.c **** 		/* Enable UDB array */
 393:Generated_Source\PSoC5/cyfitter_cfg.c **** 		CY_SET_XTND_REG8((void CYFAR *)CYREG_PM_ACT_CFG0, CY_GET_XTND_REG8((void CYFAR *)CYREG_PM_ACT_CFG
 455              		.loc 1 393 0
 456 004e 1A4C     		ldr	r4, .L31+16
 457              	.LVL35:
 458 0050 2378     		ldrb	r3, [r4]	@ zero_extendqisi2
 459 0052 43F04003 		orr	r3, r3, #64
 460 0056 2370     		strb	r3, [r4]
 394:Generated_Source\PSoC5/cyfitter_cfg.c **** 		CY_SET_XTND_REG8((void CYFAR *)CYREG_PM_AVAIL_CR2, CY_GET_XTND_REG8((void CYFAR *)CYREG_PM_AVAIL_
 461              		.loc 1 394 0
 462 0058 A2F58632 		sub	r2, r2, #68608
 463 005c 513A     		subs	r2, r2, #81
 464 005e 1378     		ldrb	r3, [r2]	@ zero_extendqisi2
 465 0060 43F01003 		orr	r3, r3, #16
 466 0064 1370     		strb	r3, [r2]
 467              	.LBE3:
 395:Generated_Source\PSoC5/cyfitter_cfg.c **** 	}
 396:Generated_Source\PSoC5/cyfitter_cfg.c **** 
 397:Generated_Source\PSoC5/cyfitter_cfg.c **** 
 398:Generated_Source\PSoC5/cyfitter_cfg.c **** 	/* Perform second pass device configuration. These items must be configured in specific order afte
 399:Generated_Source\PSoC5/cyfitter_cfg.c **** 	CYCONFIGCPY((void CYFAR *)(CYREG_PRT1_DM0), (const void CYFAR *)(BS_IOPINS0_1_VAL), 8u);
 468              		.loc 1 399 0
 469 0066 0822     		movs	r2, #8
 470 0068 1449     		ldr	r1, .L31+20
 471 006a 1548     		ldr	r0, .L31+24
 472 006c FFF7FEFF 		bl	CYCONFIGCPY
 473              	.LVL36:
 400:Generated_Source\PSoC5/cyfitter_cfg.c **** 	CYCONFIGCPY((void CYFAR *)(CYREG_PRT2_DM0), (const void CYFAR *)(BS_IOPINS0_2_VAL), 8u);
 474              		.loc 1 400 0
ARM GAS  C:\Users\Anton\AppData\Local\Temp\ccJEuifp.s 			page 17


 475 0070 0822     		movs	r2, #8
 476 0072 1449     		ldr	r1, .L31+28
 477 0074 1448     		ldr	r0, .L31+32
 478 0076 FFF7FEFF 		bl	CYCONFIGCPY
 479              	.LVL37:
 401:Generated_Source\PSoC5/cyfitter_cfg.c **** 	/* Switch Boost to the precision bandgap reference from its internal reference */
 402:Generated_Source\PSoC5/cyfitter_cfg.c **** 	CY_SET_REG8((void CYXDATA *)CYREG_BOOST_CR2, (CY_GET_REG8((void CYXDATA *)CYREG_BOOST_CR2) | 0x08u
 480              		.loc 1 402 0
 481 007a 144A     		ldr	r2, .L31+36
 482 007c 1378     		ldrb	r3, [r2]	@ zero_extendqisi2
 483 007e 43F00803 		orr	r3, r3, #8
 484 0082 1370     		strb	r3, [r2]
 403:Generated_Source\PSoC5/cyfitter_cfg.c **** 
 404:Generated_Source\PSoC5/cyfitter_cfg.c **** 	/* Set Flash Cycles based on max possible frequency in case a glitch occurs during ClockSetup(). *
 405:Generated_Source\PSoC5/cyfitter_cfg.c **** 	CY_SET_XTND_REG8((void CYFAR *)(CYREG_CACHE_CC_CTL), (((CYDEV_INSTRUCT_CACHE_ENABLED) != 0) ? 0x61
 485              		.loc 1 405 0
 486 0084 124D     		ldr	r5, .L31+40
 487 0086 6123     		movs	r3, #97
 488 0088 2B70     		strb	r3, [r5]
 406:Generated_Source\PSoC5/cyfitter_cfg.c **** 	/* Setup clocks based on selections from Clock DWR */
 407:Generated_Source\PSoC5/cyfitter_cfg.c **** 	ClockSetup();
 489              		.loc 1 407 0
 490 008a FFF7FEFF 		bl	ClockSetup
 491              	.LVL38:
 408:Generated_Source\PSoC5/cyfitter_cfg.c **** 	/* Set Flash Cycles based on newly configured 24.00MHz Bus Clock. */
 409:Generated_Source\PSoC5/cyfitter_cfg.c **** 	CY_SET_XTND_REG8((void CYFAR *)(CYREG_CACHE_CC_CTL), (((CYDEV_INSTRUCT_CACHE_ENABLED) != 0) ? 0x81
 492              		.loc 1 409 0
 493 008e 8123     		movs	r3, #129
 494 0090 2B70     		strb	r3, [r5]
 410:Generated_Source\PSoC5/cyfitter_cfg.c **** 	CY_SET_XTND_REG8((void CYFAR *)(CYREG_PANTHER_WAITPIPE), 0x01u);
 495              		.loc 1 410 0
 496 0092 0122     		movs	r2, #1
 497 0094 0F4B     		ldr	r3, .L31+44
 498 0096 1A70     		strb	r2, [r3]
 411:Generated_Source\PSoC5/cyfitter_cfg.c **** 
 412:Generated_Source\PSoC5/cyfitter_cfg.c **** 	/* Perform basic analog initialization to defaults */
 413:Generated_Source\PSoC5/cyfitter_cfg.c **** 	AnalogSetDefault();
 499              		.loc 1 413 0
 500 0098 FFF7FEFF 		bl	AnalogSetDefault
 501              	.LVL39:
 414:Generated_Source\PSoC5/cyfitter_cfg.c **** 
 415:Generated_Source\PSoC5/cyfitter_cfg.c **** 	/* Configure alternate active mode */
 416:Generated_Source\PSoC5/cyfitter_cfg.c **** 	CYCONFIGCPY((void CYFAR *)CYDEV_PM_STBY_BASE, (const void CYFAR *)CYDEV_PM_ACT_BASE, 14u);
 502              		.loc 1 416 0
 503 009c 0E22     		movs	r2, #14
 504 009e 2146     		mov	r1, r4
 505 00a0 0D48     		ldr	r0, .L31+48
 506 00a2 FFF7FEFF 		bl	CYCONFIGCPY
 507              	.LVL40:
 508 00a6 38BD     		pop	{r3, r4, r5, pc}
 509              	.L32:
 510              		.align	2
 511              	.L31:
 512 00a8 E8460040 		.word	1073759976
 513 00ac 00000000 		.word	.LANCHOR0
 514 00b0 3C000048 		.word	1207959612
 515 00b4 03500140 		.word	1073827843
ARM GAS  C:\Users\Anton\AppData\Local\Temp\ccJEuifp.s 			page 18


 516 00b8 A0430040 		.word	1073759136
 517 00bc 10010048 		.word	1207959824
 518 00c0 12510040 		.word	1073762578
 519 00c4 18010048 		.word	1207959832
 520 00c8 22510040 		.word	1073762594
 521 00cc 22430040 		.word	1073759010
 522 00d0 00480040 		.word	1073760256
 523 00d4 04000840 		.word	1074266116
 524 00d8 B0430040 		.word	1073759152
 525              		.cfi_endproc
 526              	.LFE8:
 527              		.size	cyfitter_cfg, .-cyfitter_cfg
 528              		.section	.rodata
 529              		.align	2
 530              		.set	.LANCHOR0,. + 0
 531              		.type	cfg_memset_list.5013, %object
 532              		.size	cfg_memset_list.5013, 54
 533              	cfg_memset_list.5013:
 534 0000 00510040 		.word	1073762560
 535 0004 1000     		.short	16
 536 0006 30510040 		.4byte	1073762608
 537 000a 4000     		.short	64
 538 000c C0510040 		.word	1073762752
 539 0010 1000     		.short	16
 540 0012 F0510040 		.4byte	1073762800
 541 0016 1000     		.short	16
 542 0018 00000140 		.word	1073807360
 543 001c 0010     		.short	4096
 544 001e 00140140 		.4byte	1073812480
 545 0022 0008     		.short	2048
 546 0024 00400140 		.word	1073823744
 547 0028 000A     		.short	2560
 548 002a 004C0140 		.4byte	1073826816
 549 002e 0002     		.short	512
 550 0030 00500140 		.word	1073827840
 551 0034 2000     		.short	32
 552              		.text
 553              	.Letext0:
 554              		.file 2 "c:\\program files (x86)\\cypress\\psoc creator\\4.4\\psoc creator\\import\\gnu\\arm\\5.4.
 555              		.file 3 "Generated_Source\\PSoC5\\cytypes.h"
 556              		.file 4 "Generated_Source\\PSoC5\\CyLib.h"
 557              		.section	.debug_info,"",%progbits
 558              	.Ldebug_info0:
 559 0000 A0040000 		.4byte	0x4a0
 560 0004 0400     		.2byte	0x4
 561 0006 00000000 		.4byte	.Ldebug_abbrev0
 562 000a 04       		.byte	0x4
 563 000b 01       		.uleb128 0x1
 564 000c 9C000000 		.4byte	.LASF47
 565 0010 0C       		.byte	0xc
 566 0011 62020000 		.4byte	.LASF48
 567 0015 47010000 		.4byte	.LASF49
 568 0019 00000000 		.4byte	.Ldebug_ranges0+0
 569 001d 00000000 		.4byte	0
 570 0021 00000000 		.4byte	.Ldebug_line0
 571 0025 02       		.uleb128 0x2
 572 0026 04       		.byte	0x4
ARM GAS  C:\Users\Anton\AppData\Local\Temp\ccJEuifp.s 			page 19


 573 0027 05       		.byte	0x5
 574 0028 696E7400 		.ascii	"int\000"
 575 002c 03       		.uleb128 0x3
 576 002d 14000000 		.4byte	.LASF12
 577 0031 02       		.byte	0x2
 578 0032 D8       		.byte	0xd8
 579 0033 37000000 		.4byte	0x37
 580 0037 04       		.uleb128 0x4
 581 0038 04       		.byte	0x4
 582 0039 07       		.byte	0x7
 583 003a 09020000 		.4byte	.LASF0
 584 003e 04       		.uleb128 0x4
 585 003f 08       		.byte	0x8
 586 0040 05       		.byte	0x5
 587 0041 54020000 		.4byte	.LASF1
 588 0045 04       		.uleb128 0x4
 589 0046 08       		.byte	0x8
 590 0047 04       		.byte	0x4
 591 0048 C9020000 		.4byte	.LASF2
 592 004c 04       		.uleb128 0x4
 593 004d 01       		.byte	0x1
 594 004e 06       		.byte	0x6
 595 004f E7020000 		.4byte	.LASF3
 596 0053 04       		.uleb128 0x4
 597 0054 01       		.byte	0x1
 598 0055 08       		.byte	0x8
 599 0056 A0010000 		.4byte	.LASF4
 600 005a 04       		.uleb128 0x4
 601 005b 02       		.byte	0x2
 602 005c 05       		.byte	0x5
 603 005d A9020000 		.4byte	.LASF5
 604 0061 04       		.uleb128 0x4
 605 0062 02       		.byte	0x2
 606 0063 07       		.byte	0x7
 607 0064 4B000000 		.4byte	.LASF6
 608 0068 04       		.uleb128 0x4
 609 0069 04       		.byte	0x4
 610 006a 05       		.byte	0x5
 611 006b BB020000 		.4byte	.LASF7
 612 006f 04       		.uleb128 0x4
 613 0070 04       		.byte	0x4
 614 0071 07       		.byte	0x7
 615 0072 2F010000 		.4byte	.LASF8
 616 0076 04       		.uleb128 0x4
 617 0077 08       		.byte	0x8
 618 0078 07       		.byte	0x7
 619 0079 1E020000 		.4byte	.LASF9
 620 007d 04       		.uleb128 0x4
 621 007e 04       		.byte	0x4
 622 007f 07       		.byte	0x7
 623 0080 4B020000 		.4byte	.LASF10
 624 0084 05       		.uleb128 0x5
 625 0085 04       		.byte	0x4
 626 0086 04       		.uleb128 0x4
 627 0087 01       		.byte	0x1
 628 0088 08       		.byte	0x8
 629 0089 C4020000 		.4byte	.LASF11
ARM GAS  C:\Users\Anton\AppData\Local\Temp\ccJEuifp.s 			page 20


 630 008d 06       		.uleb128 0x6
 631 008e 41010000 		.4byte	.LASF13
 632 0092 03       		.byte	0x3
 633 0093 E801     		.2byte	0x1e8
 634 0095 53000000 		.4byte	0x53
 635 0099 06       		.uleb128 0x6
 636 009a E6010000 		.4byte	.LASF14
 637 009e 03       		.byte	0x3
 638 009f E901     		.2byte	0x1e9
 639 00a1 61000000 		.4byte	0x61
 640 00a5 06       		.uleb128 0x6
 641 00a6 02020000 		.4byte	.LASF15
 642 00aa 03       		.byte	0x3
 643 00ab EA01     		.2byte	0x1ea
 644 00ad 6F000000 		.4byte	0x6f
 645 00b1 04       		.uleb128 0x4
 646 00b2 04       		.byte	0x4
 647 00b3 04       		.byte	0x4
 648 00b4 68000000 		.4byte	.LASF16
 649 00b8 04       		.uleb128 0x4
 650 00b9 08       		.byte	0x8
 651 00ba 04       		.byte	0x4
 652 00bb B5010000 		.4byte	.LASF17
 653 00bf 06       		.uleb128 0x6
 654 00c0 2A010000 		.4byte	.LASF18
 655 00c4 03       		.byte	0x3
 656 00c5 9202     		.2byte	0x292
 657 00c7 CB000000 		.4byte	0xcb
 658 00cb 07       		.uleb128 0x7
 659 00cc 8D000000 		.4byte	0x8d
 660 00d0 06       		.uleb128 0x6
 661 00d1 00000000 		.4byte	.LASF19
 662 00d5 03       		.byte	0x3
 663 00d6 9302     		.2byte	0x293
 664 00d8 DC000000 		.4byte	0xdc
 665 00dc 07       		.uleb128 0x7
 666 00dd 99000000 		.4byte	0x99
 667 00e1 08       		.uleb128 0x8
 668 00e2 02       		.byte	0x2
 669 00e3 01       		.byte	0x1
 670 00e4 98       		.byte	0x98
 671 00e5 02010000 		.4byte	0x102
 672 00e9 09       		.uleb128 0x9
 673 00ea A2020000 		.4byte	.LASF20
 674 00ee 01       		.byte	0x1
 675 00ef 9A       		.byte	0x9a
 676 00f0 8D000000 		.4byte	0x8d
 677 00f4 00       		.byte	0
 678 00f5 09       		.uleb128 0x9
 679 00f6 34000000 		.4byte	.LASF21
 680 00fa 01       		.byte	0x1
 681 00fb 9B       		.byte	0x9b
 682 00fc 8D000000 		.4byte	0x8d
 683 0100 01       		.byte	0x1
 684 0101 00       		.byte	0
 685 0102 03       		.uleb128 0x3
 686 0103 8F020000 		.4byte	.LASF22
ARM GAS  C:\Users\Anton\AppData\Local\Temp\ccJEuifp.s 			page 21


 687 0107 01       		.byte	0x1
 688 0108 9C       		.byte	0x9c
 689 0109 E1000000 		.4byte	0xe1
 690 010d 0A       		.uleb128 0xa
 691 010e 6E000000 		.4byte	.LASF50
 692 0112 01       		.byte	0x1
 693 0113 7F       		.byte	0x7f
 694 0114 00000000 		.4byte	.LFB3
 695 0118 02000000 		.4byte	.LFE3-.LFB3
 696 011c 01       		.uleb128 0x1
 697 011d 9C       		.byte	0x9c
 698 011e 30010000 		.4byte	0x130
 699 0122 0B       		.uleb128 0xb
 700 0123 F8010000 		.4byte	.LASF23
 701 0127 01       		.byte	0x1
 702 0128 7F       		.byte	0x7f
 703 0129 8D000000 		.4byte	0x8d
 704 012d 01       		.uleb128 0x1
 705 012e 50       		.byte	0x50
 706 012f 00       		.byte	0
 707 0130 0C       		.uleb128 0xc
 708 0131 BC010000 		.4byte	.LASF28
 709 0135 01       		.byte	0x1
 710 0136 B7       		.byte	0xb7
 711 0137 00000000 		.4byte	.LFB4
 712 013b 34000000 		.4byte	.LFE4-.LFB4
 713 013f 01       		.uleb128 0x1
 714 0140 9C       		.byte	0x9c
 715 0141 A2010000 		.4byte	0x1a2
 716 0145 0B       		.uleb128 0xb
 717 0146 DB010000 		.4byte	.LASF24
 718 014a 01       		.byte	0x1
 719 014b B7       		.byte	0xb7
 720 014c A2010000 		.4byte	0x1a2
 721 0150 01       		.uleb128 0x1
 722 0151 50       		.byte	0x50
 723 0152 0B       		.uleb128 0xb
 724 0153 ED010000 		.4byte	.LASF25
 725 0157 01       		.byte	0x1
 726 0158 B7       		.byte	0xb7
 727 0159 AD010000 		.4byte	0x1ad
 728 015d 01       		.uleb128 0x1
 729 015e 51       		.byte	0x51
 730 015f 0D       		.uleb128 0xd
 731 0160 6900     		.ascii	"i\000"
 732 0162 01       		.byte	0x1
 733 0163 BA       		.byte	0xba
 734 0164 A5000000 		.4byte	0xa5
 735 0168 00000000 		.4byte	.LLST0
 736 016c 0D       		.uleb128 0xd
 737 016d 6A00     		.ascii	"j\000"
 738 016f 01       		.byte	0x1
 739 0170 BA       		.byte	0xba
 740 0171 A5000000 		.4byte	0xa5
 741 0175 1F000000 		.4byte	.LLST1
 742 0179 0E       		.uleb128 0xe
 743 017a 08000000 		.4byte	.LBB2
ARM GAS  C:\Users\Anton\AppData\Local\Temp\ccJEuifp.s 			page 22


 744 017e 22000000 		.4byte	.LBE2-.LBB2
 745 0182 0F       		.uleb128 0xf
 746 0183 42020000 		.4byte	.LASF26
 747 0187 01       		.byte	0x1
 748 0188 BD       		.byte	0xbd
 749 0189 A5000000 		.4byte	0xa5
 750 018d 3E000000 		.4byte	.LLST2
 751 0191 0F       		.uleb128 0xf
 752 0192 3A000000 		.4byte	.LASF27
 753 0196 01       		.byte	0x1
 754 0197 BE       		.byte	0xbe
 755 0198 8D000000 		.4byte	0x8d
 756 019c 51000000 		.4byte	.LLST3
 757 01a0 00       		.byte	0
 758 01a1 00       		.byte	0
 759 01a2 10       		.uleb128 0x10
 760 01a3 04       		.byte	0x4
 761 01a4 A8010000 		.4byte	0x1a8
 762 01a8 11       		.uleb128 0x11
 763 01a9 A5000000 		.4byte	0xa5
 764 01ad 10       		.uleb128 0x10
 765 01ae 04       		.byte	0x4
 766 01af B3010000 		.4byte	0x1b3
 767 01b3 11       		.uleb128 0x11
 768 01b4 02010000 		.4byte	0x102
 769 01b8 12       		.uleb128 0x12
 770 01b9 1B000000 		.4byte	.LASF29
 771 01bd 01       		.byte	0x1
 772 01be 1F01     		.2byte	0x11f
 773 01c0 00000000 		.4byte	.LFB6
 774 01c4 28000000 		.4byte	.LFE6-.LFB6
 775 01c8 01       		.uleb128 0x1
 776 01c9 9C       		.byte	0x9c
 777 01ca DF010000 		.4byte	0x1df
 778 01ce 13       		.uleb128 0x13
 779 01cf D5020000 		.4byte	.LASF30
 780 01d3 01       		.byte	0x1
 781 01d4 2101     		.2byte	0x121
 782 01d6 8D000000 		.4byte	0x8d
 783 01da 6F000000 		.4byte	.LLST4
 784 01de 00       		.byte	0
 785 01df 0C       		.uleb128 0xc
 786 01e0 5E000000 		.4byte	.LASF31
 787 01e4 01       		.byte	0x1
 788 01e5 4D       		.byte	0x4d
 789 01e6 00000000 		.4byte	.LFB0
 790 01ea 0C000000 		.4byte	.LFE0-.LFB0
 791 01ee 01       		.uleb128 0x1
 792 01ef 9C       		.byte	0x9c
 793 01f0 2C020000 		.4byte	0x22c
 794 01f4 14       		.uleb128 0x14
 795 01f5 7300     		.ascii	"s\000"
 796 01f7 01       		.byte	0x1
 797 01f8 4D       		.byte	0x4d
 798 01f9 84000000 		.4byte	0x84
 799 01fd 82000000 		.4byte	.LLST5
 800 0201 14       		.uleb128 0x14
ARM GAS  C:\Users\Anton\AppData\Local\Temp\ccJEuifp.s 			page 23


 801 0202 6E00     		.ascii	"n\000"
 802 0204 01       		.byte	0x1
 803 0205 4D       		.byte	0x4d
 804 0206 2C000000 		.4byte	0x2c
 805 020a A3000000 		.4byte	.LLST6
 806 020e 15       		.uleb128 0x15
 807 020f 0A000000 		.4byte	.LVL16
 808 0213 86040000 		.4byte	0x486
 809 0217 16       		.uleb128 0x16
 810 0218 01       		.uleb128 0x1
 811 0219 50       		.byte	0x50
 812 021a 03       		.uleb128 0x3
 813 021b F3       		.byte	0xf3
 814 021c 01       		.uleb128 0x1
 815 021d 50       		.byte	0x50
 816 021e 16       		.uleb128 0x16
 817 021f 01       		.uleb128 0x1
 818 0220 51       		.byte	0x51
 819 0221 01       		.uleb128 0x1
 820 0222 30       		.byte	0x30
 821 0223 16       		.uleb128 0x16
 822 0224 01       		.uleb128 0x1
 823 0225 52       		.byte	0x52
 824 0226 03       		.uleb128 0x3
 825 0227 F3       		.byte	0xf3
 826 0228 01       		.uleb128 0x1
 827 0229 51       		.byte	0x51
 828 022a 00       		.byte	0
 829 022b 00       		.byte	0
 830 022c 0C       		.uleb128 0xc
 831 022d 40000000 		.4byte	.LASF32
 832 0231 01       		.byte	0x1
 833 0232 DA       		.byte	0xda
 834 0233 00000000 		.4byte	.LFB5
 835 0237 D8000000 		.4byte	.LFE5-.LFB5
 836 023b 01       		.uleb128 0x1
 837 023c 9C       		.byte	0x9c
 838 023d 84020000 		.4byte	0x284
 839 0241 0F       		.uleb128 0xf
 840 0242 2C000000 		.4byte	.LASF33
 841 0246 01       		.byte	0x1
 842 0247 DC       		.byte	0xdc
 843 0248 A5000000 		.4byte	0xa5
 844 024c CF000000 		.4byte	.LLST7
 845 0250 0F       		.uleb128 0xf
 846 0251 F3020000 		.4byte	.LASF34
 847 0255 01       		.byte	0x1
 848 0256 DD       		.byte	0xdd
 849 0257 8D000000 		.4byte	0x8d
 850 025b EE000000 		.4byte	.LLST8
 851 025f 17       		.uleb128 0x17
 852 0260 72000000 		.4byte	.LVL21
 853 0264 8F040000 		.4byte	0x48f
 854 0268 74020000 		.4byte	0x274
 855 026c 16       		.uleb128 0x16
 856 026d 01       		.uleb128 0x1
 857 026e 50       		.byte	0x50
ARM GAS  C:\Users\Anton\AppData\Local\Temp\ccJEuifp.s 			page 24


 858 026f 03       		.uleb128 0x3
 859 0270 0A       		.byte	0xa
 860 0271 E001     		.2byte	0x1e0
 861 0273 00       		.byte	0
 862 0274 15       		.uleb128 0x15
 863 0275 82000000 		.4byte	.LVL23
 864 0279 0D010000 		.4byte	0x10d
 865 027d 16       		.uleb128 0x16
 866 027e 01       		.uleb128 0x1
 867 027f 50       		.byte	0x50
 868 0280 01       		.uleb128 0x1
 869 0281 33       		.byte	0x33
 870 0282 00       		.byte	0
 871 0283 00       		.byte	0
 872 0284 0C       		.uleb128 0xc
 873 0285 04030000 		.4byte	.LASF35
 874 0289 01       		.byte	0x1
 875 028a 54       		.byte	0x54
 876 028b 00000000 		.4byte	.LFB1
 877 028f 08000000 		.4byte	.LFE1-.LFB1
 878 0293 01       		.uleb128 0x1
 879 0294 9C       		.byte	0x9c
 880 0295 E4020000 		.4byte	0x2e4
 881 0299 18       		.uleb128 0x18
 882 029a 82000000 		.4byte	.LASF36
 883 029e 01       		.byte	0x1
 884 029f 54       		.byte	0x54
 885 02a0 84000000 		.4byte	0x84
 886 02a4 18010000 		.4byte	.LLST9
 887 02a8 14       		.uleb128 0x14
 888 02a9 73726300 		.ascii	"src\000"
 889 02ad 01       		.byte	0x1
 890 02ae 54       		.byte	0x54
 891 02af E4020000 		.4byte	0x2e4
 892 02b3 39010000 		.4byte	.LLST10
 893 02b7 14       		.uleb128 0x14
 894 02b8 6E00     		.ascii	"n\000"
 895 02ba 01       		.byte	0x1
 896 02bb 54       		.byte	0x54
 897 02bc 2C000000 		.4byte	0x2c
 898 02c0 5A010000 		.4byte	.LLST11
 899 02c4 15       		.uleb128 0x15
 900 02c5 06000000 		.4byte	.LVL26
 901 02c9 9A040000 		.4byte	0x49a
 902 02cd 16       		.uleb128 0x16
 903 02ce 01       		.uleb128 0x1
 904 02cf 50       		.byte	0x50
 905 02d0 03       		.uleb128 0x3
 906 02d1 F3       		.byte	0xf3
 907 02d2 01       		.uleb128 0x1
 908 02d3 50       		.byte	0x50
 909 02d4 16       		.uleb128 0x16
 910 02d5 01       		.uleb128 0x1
 911 02d6 51       		.byte	0x51
 912 02d7 03       		.uleb128 0x3
 913 02d8 F3       		.byte	0xf3
 914 02d9 01       		.uleb128 0x1
ARM GAS  C:\Users\Anton\AppData\Local\Temp\ccJEuifp.s 			page 25


 915 02da 51       		.byte	0x51
 916 02db 16       		.uleb128 0x16
 917 02dc 01       		.uleb128 0x1
 918 02dd 52       		.byte	0x52
 919 02de 03       		.uleb128 0x3
 920 02df F3       		.byte	0xf3
 921 02e0 01       		.uleb128 0x1
 922 02e1 52       		.byte	0x52
 923 02e2 00       		.byte	0
 924 02e3 00       		.byte	0
 925 02e4 10       		.uleb128 0x10
 926 02e5 04       		.byte	0x4
 927 02e6 EA020000 		.4byte	0x2ea
 928 02ea 19       		.uleb128 0x19
 929 02eb 1A       		.uleb128 0x1a
 930 02ec 8A010000 		.4byte	.LASF39
 931 02f0 01       		.byte	0x1
 932 02f1 3901     		.2byte	0x139
 933 02f3 00000000 		.4byte	.LFB7
 934 02f7 10000000 		.4byte	.LFE7-.LFB7
 935 02fb 01       		.uleb128 0x1
 936 02fc 9C       		.byte	0x9c
 937 02fd 1E030000 		.4byte	0x31e
 938 0301 1B       		.uleb128 0x1b
 939 0302 B3020000 		.4byte	.LASF37
 940 0306 01       		.byte	0x1
 941 0307 3901     		.2byte	0x139
 942 0309 8D000000 		.4byte	0x8d
 943 030d 01       		.uleb128 0x1
 944 030e 50       		.byte	0x50
 945 030f 1C       		.uleb128 0x1c
 946 0310 FB020000 		.4byte	.LASF38
 947 0314 01       		.byte	0x1
 948 0315 3B01     		.2byte	0x13b
 949 0317 8D000000 		.4byte	0x8d
 950 031b 01       		.uleb128 0x1
 951 031c 53       		.byte	0x53
 952 031d 00       		.byte	0
 953 031e 1A       		.uleb128 0x1a
 954 031f CE010000 		.4byte	.LASF40
 955 0323 01       		.byte	0x1
 956 0324 5B01     		.2byte	0x15b
 957 0326 00000000 		.4byte	.LFB8
 958 032a DC000000 		.4byte	.LFE8-.LFB8
 959 032e 01       		.uleb128 0x1
 960 032f 9C       		.byte	0x9c
 961 0330 86040000 		.4byte	0x486
 962 0334 1D       		.uleb128 0x1d
 963 0335 0E000000 		.4byte	.LBB3
 964 0339 58000000 		.4byte	.LBE3-.LBB3
 965 033d 0B040000 		.4byte	0x40b
 966 0341 1E       		.uleb128 0x1e
 967 0342 06       		.byte	0x6
 968 0343 01       		.byte	0x1
 969 0344 6701     		.2byte	0x167
 970 0346 65030000 		.4byte	0x365
 971 034a 1F       		.uleb128 0x1f
ARM GAS  C:\Users\Anton\AppData\Local\Temp\ccJEuifp.s 			page 26


 972 034b 16020000 		.4byte	.LASF41
 973 034f 01       		.byte	0x1
 974 0350 6801     		.2byte	0x168
 975 0352 84000000 		.4byte	0x84
 976 0356 00       		.byte	0
 977 0357 1F       		.uleb128 0x1f
 978 0358 97000000 		.4byte	.LASF42
 979 035c 01       		.byte	0x1
 980 035d 6901     		.2byte	0x169
 981 035f 99000000 		.4byte	0x99
 982 0363 04       		.byte	0x4
 983 0364 00       		.byte	0
 984 0365 06       		.uleb128 0x6
 985 0366 35020000 		.4byte	.LASF43
 986 036a 01       		.byte	0x1
 987 036b 6A01     		.2byte	0x16a
 988 036d 41030000 		.4byte	0x341
 989 0371 20       		.uleb128 0x20
 990 0372 81030000 		.4byte	0x381
 991 0376 81030000 		.4byte	0x381
 992 037a 21       		.uleb128 0x21
 993 037b 7D000000 		.4byte	0x7d
 994 037f 08       		.byte	0x8
 995 0380 00       		.byte	0
 996 0381 11       		.uleb128 0x11
 997 0382 65030000 		.4byte	0x365
 998 0386 1C       		.uleb128 0x1c
 999 0387 87000000 		.4byte	.LASF44
 1000 038b 01       		.byte	0x1
 1001 038c 6C01     		.2byte	0x16c
 1002 038e 98030000 		.4byte	0x398
 1003 0392 05       		.uleb128 0x5
 1004 0393 03       		.byte	0x3
 1005 0394 00000000 		.4byte	cfg_memset_list.5013
 1006 0398 11       		.uleb128 0x11
 1007 0399 71030000 		.4byte	0x371
 1008 039d 22       		.uleb128 0x22
 1009 039e 6900     		.ascii	"i\000"
 1010 03a0 01       		.byte	0x1
 1011 03a1 7901     		.2byte	0x179
 1012 03a3 8D000000 		.4byte	0x8d
 1013 03a7 7B010000 		.4byte	.LLST12
 1014 03ab 1D       		.uleb128 0x1d
 1015 03ac 12000000 		.4byte	.LBB4
 1016 03b0 16000000 		.4byte	.LBE4-.LBB4
 1017 03b4 F0030000 		.4byte	0x3f0
 1018 03b8 22       		.uleb128 0x22
 1019 03b9 6D7300   		.ascii	"ms\000"
 1020 03bc 01       		.byte	0x1
 1021 03bd 7E01     		.2byte	0x17e
 1022 03bf C7030000 		.4byte	0x3c7
 1023 03c3 A5010000 		.4byte	.LLST13
 1024 03c7 10       		.uleb128 0x10
 1025 03c8 04       		.byte	0x4
 1026 03c9 81030000 		.4byte	0x381
 1027 03cd 15       		.uleb128 0x15
 1028 03ce 28000000 		.4byte	.LVL31
ARM GAS  C:\Users\Anton\AppData\Local\Temp\ccJEuifp.s 			page 27


 1029 03d2 DF010000 		.4byte	0x1df
 1030 03d6 16       		.uleb128 0x16
 1031 03d7 01       		.uleb128 0x1
 1032 03d8 51       		.byte	0x51
 1033 03d9 14       		.uleb128 0x14
 1034 03da 74       		.byte	0x74
 1035 03db 00       		.sleb128 0
 1036 03dc 31       		.byte	0x31
 1037 03dd 24       		.byte	0x24
 1038 03de 74       		.byte	0x74
 1039 03df 00       		.sleb128 0
 1040 03e0 22       		.byte	0x22
 1041 03e1 31       		.byte	0x31
 1042 03e2 24       		.byte	0x24
 1043 03e3 75       		.byte	0x75
 1044 03e4 00       		.sleb128 0
 1045 03e5 22       		.byte	0x22
 1046 03e6 23       		.byte	0x23
 1047 03e7 04       		.uleb128 0x4
 1048 03e8 94       		.byte	0x94
 1049 03e9 02       		.byte	0x2
 1050 03ea 0A       		.byte	0xa
 1051 03eb FFFF     		.2byte	0xffff
 1052 03ed 1A       		.byte	0x1a
 1053 03ee 00       		.byte	0
 1054 03ef 00       		.byte	0
 1055 03f0 15       		.uleb128 0x15
 1056 03f1 3A000000 		.4byte	.LVL34
 1057 03f5 30010000 		.4byte	0x130
 1058 03f9 16       		.uleb128 0x16
 1059 03fa 01       		.uleb128 0x1
 1060 03fb 50       		.byte	0x50
 1061 03fc 03       		.uleb128 0x3
 1062 03fd 42       		.byte	0x42
 1063 03fe 4A       		.byte	0x4a
 1064 03ff 24       		.byte	0x24
 1065 0400 16       		.uleb128 0x16
 1066 0401 01       		.uleb128 0x1
 1067 0402 51       		.byte	0x51
 1068 0403 05       		.uleb128 0x5
 1069 0404 0C       		.byte	0xc
 1070 0405 3C000048 		.4byte	0x4800003c
 1071 0409 00       		.byte	0
 1072 040a 00       		.byte	0
 1073 040b 17       		.uleb128 0x17
 1074 040c 70000000 		.4byte	.LVL36
 1075 0410 84020000 		.4byte	0x284
 1076 0414 30040000 		.4byte	0x430
 1077 0418 16       		.uleb128 0x16
 1078 0419 01       		.uleb128 0x1
 1079 041a 50       		.byte	0x50
 1080 041b 05       		.uleb128 0x5
 1081 041c 0C       		.byte	0xc
 1082 041d 12510040 		.4byte	0x40005112
 1083 0421 16       		.uleb128 0x16
 1084 0422 01       		.uleb128 0x1
 1085 0423 51       		.byte	0x51
ARM GAS  C:\Users\Anton\AppData\Local\Temp\ccJEuifp.s 			page 28


 1086 0424 05       		.uleb128 0x5
 1087 0425 0C       		.byte	0xc
 1088 0426 10010048 		.4byte	0x48000110
 1089 042a 16       		.uleb128 0x16
 1090 042b 01       		.uleb128 0x1
 1091 042c 52       		.byte	0x52
 1092 042d 01       		.uleb128 0x1
 1093 042e 38       		.byte	0x38
 1094 042f 00       		.byte	0
 1095 0430 17       		.uleb128 0x17
 1096 0431 7A000000 		.4byte	.LVL37
 1097 0435 84020000 		.4byte	0x284
 1098 0439 55040000 		.4byte	0x455
 1099 043d 16       		.uleb128 0x16
 1100 043e 01       		.uleb128 0x1
 1101 043f 50       		.byte	0x50
 1102 0440 05       		.uleb128 0x5
 1103 0441 0C       		.byte	0xc
 1104 0442 22510040 		.4byte	0x40005122
 1105 0446 16       		.uleb128 0x16
 1106 0447 01       		.uleb128 0x1
 1107 0448 51       		.byte	0x51
 1108 0449 05       		.uleb128 0x5
 1109 044a 0C       		.byte	0xc
 1110 044b 18010048 		.4byte	0x48000118
 1111 044f 16       		.uleb128 0x16
 1112 0450 01       		.uleb128 0x1
 1113 0451 52       		.byte	0x52
 1114 0452 01       		.uleb128 0x1
 1115 0453 38       		.byte	0x38
 1116 0454 00       		.byte	0
 1117 0455 23       		.uleb128 0x23
 1118 0456 8E000000 		.4byte	.LVL38
 1119 045a 2C020000 		.4byte	0x22c
 1120 045e 23       		.uleb128 0x23
 1121 045f 9C000000 		.4byte	.LVL39
 1122 0463 B8010000 		.4byte	0x1b8
 1123 0467 15       		.uleb128 0x15
 1124 0468 A6000000 		.4byte	.LVL40
 1125 046c 84020000 		.4byte	0x284
 1126 0470 16       		.uleb128 0x16
 1127 0471 01       		.uleb128 0x1
 1128 0472 50       		.byte	0x50
 1129 0473 05       		.uleb128 0x5
 1130 0474 0C       		.byte	0xc
 1131 0475 B0430040 		.4byte	0x400043b0
 1132 0479 16       		.uleb128 0x16
 1133 047a 01       		.uleb128 0x1
 1134 047b 51       		.byte	0x51
 1135 047c 02       		.uleb128 0x2
 1136 047d 74       		.byte	0x74
 1137 047e 00       		.sleb128 0
 1138 047f 16       		.uleb128 0x16
 1139 0480 01       		.uleb128 0x1
 1140 0481 52       		.byte	0x52
 1141 0482 01       		.uleb128 0x1
 1142 0483 3E       		.byte	0x3e
ARM GAS  C:\Users\Anton\AppData\Local\Temp\ccJEuifp.s 			page 29


 1143 0484 00       		.byte	0
 1144 0485 00       		.byte	0
 1145 0486 24       		.uleb128 0x24
 1146 0487 AE010000 		.4byte	.LASF45
 1147 048b AE010000 		.4byte	.LASF45
 1148 048f 25       		.uleb128 0x25
 1149 0490 06000000 		.4byte	.LASF51
 1150 0494 06000000 		.4byte	.LASF51
 1151 0498 04       		.byte	0x4
 1152 0499 79       		.byte	0x79
 1153 049a 24       		.uleb128 0x24
 1154 049b 88020000 		.4byte	.LASF46
 1155 049f 88020000 		.4byte	.LASF46
 1156 04a3 00       		.byte	0
 1157              		.section	.debug_abbrev,"",%progbits
 1158              	.Ldebug_abbrev0:
 1159 0000 01       		.uleb128 0x1
 1160 0001 11       		.uleb128 0x11
 1161 0002 01       		.byte	0x1
 1162 0003 25       		.uleb128 0x25
 1163 0004 0E       		.uleb128 0xe
 1164 0005 13       		.uleb128 0x13
 1165 0006 0B       		.uleb128 0xb
 1166 0007 03       		.uleb128 0x3
 1167 0008 0E       		.uleb128 0xe
 1168 0009 1B       		.uleb128 0x1b
 1169 000a 0E       		.uleb128 0xe
 1170 000b 55       		.uleb128 0x55
 1171 000c 17       		.uleb128 0x17
 1172 000d 11       		.uleb128 0x11
 1173 000e 01       		.uleb128 0x1
 1174 000f 10       		.uleb128 0x10
 1175 0010 17       		.uleb128 0x17
 1176 0011 00       		.byte	0
 1177 0012 00       		.byte	0
 1178 0013 02       		.uleb128 0x2
 1179 0014 24       		.uleb128 0x24
 1180 0015 00       		.byte	0
 1181 0016 0B       		.uleb128 0xb
 1182 0017 0B       		.uleb128 0xb
 1183 0018 3E       		.uleb128 0x3e
 1184 0019 0B       		.uleb128 0xb
 1185 001a 03       		.uleb128 0x3
 1186 001b 08       		.uleb128 0x8
 1187 001c 00       		.byte	0
 1188 001d 00       		.byte	0
 1189 001e 03       		.uleb128 0x3
 1190 001f 16       		.uleb128 0x16
 1191 0020 00       		.byte	0
 1192 0021 03       		.uleb128 0x3
 1193 0022 0E       		.uleb128 0xe
 1194 0023 3A       		.uleb128 0x3a
 1195 0024 0B       		.uleb128 0xb
 1196 0025 3B       		.uleb128 0x3b
 1197 0026 0B       		.uleb128 0xb
 1198 0027 49       		.uleb128 0x49
 1199 0028 13       		.uleb128 0x13
ARM GAS  C:\Users\Anton\AppData\Local\Temp\ccJEuifp.s 			page 30


 1200 0029 00       		.byte	0
 1201 002a 00       		.byte	0
 1202 002b 04       		.uleb128 0x4
 1203 002c 24       		.uleb128 0x24
 1204 002d 00       		.byte	0
 1205 002e 0B       		.uleb128 0xb
 1206 002f 0B       		.uleb128 0xb
 1207 0030 3E       		.uleb128 0x3e
 1208 0031 0B       		.uleb128 0xb
 1209 0032 03       		.uleb128 0x3
 1210 0033 0E       		.uleb128 0xe
 1211 0034 00       		.byte	0
 1212 0035 00       		.byte	0
 1213 0036 05       		.uleb128 0x5
 1214 0037 0F       		.uleb128 0xf
 1215 0038 00       		.byte	0
 1216 0039 0B       		.uleb128 0xb
 1217 003a 0B       		.uleb128 0xb
 1218 003b 00       		.byte	0
 1219 003c 00       		.byte	0
 1220 003d 06       		.uleb128 0x6
 1221 003e 16       		.uleb128 0x16
 1222 003f 00       		.byte	0
 1223 0040 03       		.uleb128 0x3
 1224 0041 0E       		.uleb128 0xe
 1225 0042 3A       		.uleb128 0x3a
 1226 0043 0B       		.uleb128 0xb
 1227 0044 3B       		.uleb128 0x3b
 1228 0045 05       		.uleb128 0x5
 1229 0046 49       		.uleb128 0x49
 1230 0047 13       		.uleb128 0x13
 1231 0048 00       		.byte	0
 1232 0049 00       		.byte	0
 1233 004a 07       		.uleb128 0x7
 1234 004b 35       		.uleb128 0x35
 1235 004c 00       		.byte	0
 1236 004d 49       		.uleb128 0x49
 1237 004e 13       		.uleb128 0x13
 1238 004f 00       		.byte	0
 1239 0050 00       		.byte	0
 1240 0051 08       		.uleb128 0x8
 1241 0052 13       		.uleb128 0x13
 1242 0053 01       		.byte	0x1
 1243 0054 0B       		.uleb128 0xb
 1244 0055 0B       		.uleb128 0xb
 1245 0056 3A       		.uleb128 0x3a
 1246 0057 0B       		.uleb128 0xb
 1247 0058 3B       		.uleb128 0x3b
 1248 0059 0B       		.uleb128 0xb
 1249 005a 01       		.uleb128 0x1
 1250 005b 13       		.uleb128 0x13
 1251 005c 00       		.byte	0
 1252 005d 00       		.byte	0
 1253 005e 09       		.uleb128 0x9
 1254 005f 0D       		.uleb128 0xd
 1255 0060 00       		.byte	0
 1256 0061 03       		.uleb128 0x3
ARM GAS  C:\Users\Anton\AppData\Local\Temp\ccJEuifp.s 			page 31


 1257 0062 0E       		.uleb128 0xe
 1258 0063 3A       		.uleb128 0x3a
 1259 0064 0B       		.uleb128 0xb
 1260 0065 3B       		.uleb128 0x3b
 1261 0066 0B       		.uleb128 0xb
 1262 0067 49       		.uleb128 0x49
 1263 0068 13       		.uleb128 0x13
 1264 0069 38       		.uleb128 0x38
 1265 006a 0B       		.uleb128 0xb
 1266 006b 00       		.byte	0
 1267 006c 00       		.byte	0
 1268 006d 0A       		.uleb128 0xa
 1269 006e 2E       		.uleb128 0x2e
 1270 006f 01       		.byte	0x1
 1271 0070 03       		.uleb128 0x3
 1272 0071 0E       		.uleb128 0xe
 1273 0072 3A       		.uleb128 0x3a
 1274 0073 0B       		.uleb128 0xb
 1275 0074 3B       		.uleb128 0x3b
 1276 0075 0B       		.uleb128 0xb
 1277 0076 27       		.uleb128 0x27
 1278 0077 19       		.uleb128 0x19
 1279 0078 8701     		.uleb128 0x87
 1280 007a 19       		.uleb128 0x19
 1281 007b 11       		.uleb128 0x11
 1282 007c 01       		.uleb128 0x1
 1283 007d 12       		.uleb128 0x12
 1284 007e 06       		.uleb128 0x6
 1285 007f 40       		.uleb128 0x40
 1286 0080 18       		.uleb128 0x18
 1287 0081 9742     		.uleb128 0x2117
 1288 0083 19       		.uleb128 0x19
 1289 0084 01       		.uleb128 0x1
 1290 0085 13       		.uleb128 0x13
 1291 0086 00       		.byte	0
 1292 0087 00       		.byte	0
 1293 0088 0B       		.uleb128 0xb
 1294 0089 05       		.uleb128 0x5
 1295 008a 00       		.byte	0
 1296 008b 03       		.uleb128 0x3
 1297 008c 0E       		.uleb128 0xe
 1298 008d 3A       		.uleb128 0x3a
 1299 008e 0B       		.uleb128 0xb
 1300 008f 3B       		.uleb128 0x3b
 1301 0090 0B       		.uleb128 0xb
 1302 0091 49       		.uleb128 0x49
 1303 0092 13       		.uleb128 0x13
 1304 0093 02       		.uleb128 0x2
 1305 0094 18       		.uleb128 0x18
 1306 0095 00       		.byte	0
 1307 0096 00       		.byte	0
 1308 0097 0C       		.uleb128 0xc
 1309 0098 2E       		.uleb128 0x2e
 1310 0099 01       		.byte	0x1
 1311 009a 03       		.uleb128 0x3
 1312 009b 0E       		.uleb128 0xe
 1313 009c 3A       		.uleb128 0x3a
ARM GAS  C:\Users\Anton\AppData\Local\Temp\ccJEuifp.s 			page 32


 1314 009d 0B       		.uleb128 0xb
 1315 009e 3B       		.uleb128 0x3b
 1316 009f 0B       		.uleb128 0xb
 1317 00a0 27       		.uleb128 0x27
 1318 00a1 19       		.uleb128 0x19
 1319 00a2 11       		.uleb128 0x11
 1320 00a3 01       		.uleb128 0x1
 1321 00a4 12       		.uleb128 0x12
 1322 00a5 06       		.uleb128 0x6
 1323 00a6 40       		.uleb128 0x40
 1324 00a7 18       		.uleb128 0x18
 1325 00a8 9742     		.uleb128 0x2117
 1326 00aa 19       		.uleb128 0x19
 1327 00ab 01       		.uleb128 0x1
 1328 00ac 13       		.uleb128 0x13
 1329 00ad 00       		.byte	0
 1330 00ae 00       		.byte	0
 1331 00af 0D       		.uleb128 0xd
 1332 00b0 34       		.uleb128 0x34
 1333 00b1 00       		.byte	0
 1334 00b2 03       		.uleb128 0x3
 1335 00b3 08       		.uleb128 0x8
 1336 00b4 3A       		.uleb128 0x3a
 1337 00b5 0B       		.uleb128 0xb
 1338 00b6 3B       		.uleb128 0x3b
 1339 00b7 0B       		.uleb128 0xb
 1340 00b8 49       		.uleb128 0x49
 1341 00b9 13       		.uleb128 0x13
 1342 00ba 02       		.uleb128 0x2
 1343 00bb 17       		.uleb128 0x17
 1344 00bc 00       		.byte	0
 1345 00bd 00       		.byte	0
 1346 00be 0E       		.uleb128 0xe
 1347 00bf 0B       		.uleb128 0xb
 1348 00c0 01       		.byte	0x1
 1349 00c1 11       		.uleb128 0x11
 1350 00c2 01       		.uleb128 0x1
 1351 00c3 12       		.uleb128 0x12
 1352 00c4 06       		.uleb128 0x6
 1353 00c5 00       		.byte	0
 1354 00c6 00       		.byte	0
 1355 00c7 0F       		.uleb128 0xf
 1356 00c8 34       		.uleb128 0x34
 1357 00c9 00       		.byte	0
 1358 00ca 03       		.uleb128 0x3
 1359 00cb 0E       		.uleb128 0xe
 1360 00cc 3A       		.uleb128 0x3a
 1361 00cd 0B       		.uleb128 0xb
 1362 00ce 3B       		.uleb128 0x3b
 1363 00cf 0B       		.uleb128 0xb
 1364 00d0 49       		.uleb128 0x49
 1365 00d1 13       		.uleb128 0x13
 1366 00d2 02       		.uleb128 0x2
 1367 00d3 17       		.uleb128 0x17
 1368 00d4 00       		.byte	0
 1369 00d5 00       		.byte	0
 1370 00d6 10       		.uleb128 0x10
ARM GAS  C:\Users\Anton\AppData\Local\Temp\ccJEuifp.s 			page 33


 1371 00d7 0F       		.uleb128 0xf
 1372 00d8 00       		.byte	0
 1373 00d9 0B       		.uleb128 0xb
 1374 00da 0B       		.uleb128 0xb
 1375 00db 49       		.uleb128 0x49
 1376 00dc 13       		.uleb128 0x13
 1377 00dd 00       		.byte	0
 1378 00de 00       		.byte	0
 1379 00df 11       		.uleb128 0x11
 1380 00e0 26       		.uleb128 0x26
 1381 00e1 00       		.byte	0
 1382 00e2 49       		.uleb128 0x49
 1383 00e3 13       		.uleb128 0x13
 1384 00e4 00       		.byte	0
 1385 00e5 00       		.byte	0
 1386 00e6 12       		.uleb128 0x12
 1387 00e7 2E       		.uleb128 0x2e
 1388 00e8 01       		.byte	0x1
 1389 00e9 03       		.uleb128 0x3
 1390 00ea 0E       		.uleb128 0xe
 1391 00eb 3A       		.uleb128 0x3a
 1392 00ec 0B       		.uleb128 0xb
 1393 00ed 3B       		.uleb128 0x3b
 1394 00ee 05       		.uleb128 0x5
 1395 00ef 27       		.uleb128 0x27
 1396 00f0 19       		.uleb128 0x19
 1397 00f1 11       		.uleb128 0x11
 1398 00f2 01       		.uleb128 0x1
 1399 00f3 12       		.uleb128 0x12
 1400 00f4 06       		.uleb128 0x6
 1401 00f5 40       		.uleb128 0x40
 1402 00f6 18       		.uleb128 0x18
 1403 00f7 9742     		.uleb128 0x2117
 1404 00f9 19       		.uleb128 0x19
 1405 00fa 01       		.uleb128 0x1
 1406 00fb 13       		.uleb128 0x13
 1407 00fc 00       		.byte	0
 1408 00fd 00       		.byte	0
 1409 00fe 13       		.uleb128 0x13
 1410 00ff 34       		.uleb128 0x34
 1411 0100 00       		.byte	0
 1412 0101 03       		.uleb128 0x3
 1413 0102 0E       		.uleb128 0xe
 1414 0103 3A       		.uleb128 0x3a
 1415 0104 0B       		.uleb128 0xb
 1416 0105 3B       		.uleb128 0x3b
 1417 0106 05       		.uleb128 0x5
 1418 0107 49       		.uleb128 0x49
 1419 0108 13       		.uleb128 0x13
 1420 0109 02       		.uleb128 0x2
 1421 010a 17       		.uleb128 0x17
 1422 010b 00       		.byte	0
 1423 010c 00       		.byte	0
 1424 010d 14       		.uleb128 0x14
 1425 010e 05       		.uleb128 0x5
 1426 010f 00       		.byte	0
 1427 0110 03       		.uleb128 0x3
ARM GAS  C:\Users\Anton\AppData\Local\Temp\ccJEuifp.s 			page 34


 1428 0111 08       		.uleb128 0x8
 1429 0112 3A       		.uleb128 0x3a
 1430 0113 0B       		.uleb128 0xb
 1431 0114 3B       		.uleb128 0x3b
 1432 0115 0B       		.uleb128 0xb
 1433 0116 49       		.uleb128 0x49
 1434 0117 13       		.uleb128 0x13
 1435 0118 02       		.uleb128 0x2
 1436 0119 17       		.uleb128 0x17
 1437 011a 00       		.byte	0
 1438 011b 00       		.byte	0
 1439 011c 15       		.uleb128 0x15
 1440 011d 898201   		.uleb128 0x4109
 1441 0120 01       		.byte	0x1
 1442 0121 11       		.uleb128 0x11
 1443 0122 01       		.uleb128 0x1
 1444 0123 31       		.uleb128 0x31
 1445 0124 13       		.uleb128 0x13
 1446 0125 00       		.byte	0
 1447 0126 00       		.byte	0
 1448 0127 16       		.uleb128 0x16
 1449 0128 8A8201   		.uleb128 0x410a
 1450 012b 00       		.byte	0
 1451 012c 02       		.uleb128 0x2
 1452 012d 18       		.uleb128 0x18
 1453 012e 9142     		.uleb128 0x2111
 1454 0130 18       		.uleb128 0x18
 1455 0131 00       		.byte	0
 1456 0132 00       		.byte	0
 1457 0133 17       		.uleb128 0x17
 1458 0134 898201   		.uleb128 0x4109
 1459 0137 01       		.byte	0x1
 1460 0138 11       		.uleb128 0x11
 1461 0139 01       		.uleb128 0x1
 1462 013a 31       		.uleb128 0x31
 1463 013b 13       		.uleb128 0x13
 1464 013c 01       		.uleb128 0x1
 1465 013d 13       		.uleb128 0x13
 1466 013e 00       		.byte	0
 1467 013f 00       		.byte	0
 1468 0140 18       		.uleb128 0x18
 1469 0141 05       		.uleb128 0x5
 1470 0142 00       		.byte	0
 1471 0143 03       		.uleb128 0x3
 1472 0144 0E       		.uleb128 0xe
 1473 0145 3A       		.uleb128 0x3a
 1474 0146 0B       		.uleb128 0xb
 1475 0147 3B       		.uleb128 0x3b
 1476 0148 0B       		.uleb128 0xb
 1477 0149 49       		.uleb128 0x49
 1478 014a 13       		.uleb128 0x13
 1479 014b 02       		.uleb128 0x2
 1480 014c 17       		.uleb128 0x17
 1481 014d 00       		.byte	0
 1482 014e 00       		.byte	0
 1483 014f 19       		.uleb128 0x19
 1484 0150 26       		.uleb128 0x26
ARM GAS  C:\Users\Anton\AppData\Local\Temp\ccJEuifp.s 			page 35


 1485 0151 00       		.byte	0
 1486 0152 00       		.byte	0
 1487 0153 00       		.byte	0
 1488 0154 1A       		.uleb128 0x1a
 1489 0155 2E       		.uleb128 0x2e
 1490 0156 01       		.byte	0x1
 1491 0157 3F       		.uleb128 0x3f
 1492 0158 19       		.uleb128 0x19
 1493 0159 03       		.uleb128 0x3
 1494 015a 0E       		.uleb128 0xe
 1495 015b 3A       		.uleb128 0x3a
 1496 015c 0B       		.uleb128 0xb
 1497 015d 3B       		.uleb128 0x3b
 1498 015e 05       		.uleb128 0x5
 1499 015f 27       		.uleb128 0x27
 1500 0160 19       		.uleb128 0x19
 1501 0161 11       		.uleb128 0x11
 1502 0162 01       		.uleb128 0x1
 1503 0163 12       		.uleb128 0x12
 1504 0164 06       		.uleb128 0x6
 1505 0165 40       		.uleb128 0x40
 1506 0166 18       		.uleb128 0x18
 1507 0167 9742     		.uleb128 0x2117
 1508 0169 19       		.uleb128 0x19
 1509 016a 01       		.uleb128 0x1
 1510 016b 13       		.uleb128 0x13
 1511 016c 00       		.byte	0
 1512 016d 00       		.byte	0
 1513 016e 1B       		.uleb128 0x1b
 1514 016f 05       		.uleb128 0x5
 1515 0170 00       		.byte	0
 1516 0171 03       		.uleb128 0x3
 1517 0172 0E       		.uleb128 0xe
 1518 0173 3A       		.uleb128 0x3a
 1519 0174 0B       		.uleb128 0xb
 1520 0175 3B       		.uleb128 0x3b
 1521 0176 05       		.uleb128 0x5
 1522 0177 49       		.uleb128 0x49
 1523 0178 13       		.uleb128 0x13
 1524 0179 02       		.uleb128 0x2
 1525 017a 18       		.uleb128 0x18
 1526 017b 00       		.byte	0
 1527 017c 00       		.byte	0
 1528 017d 1C       		.uleb128 0x1c
 1529 017e 34       		.uleb128 0x34
 1530 017f 00       		.byte	0
 1531 0180 03       		.uleb128 0x3
 1532 0181 0E       		.uleb128 0xe
 1533 0182 3A       		.uleb128 0x3a
 1534 0183 0B       		.uleb128 0xb
 1535 0184 3B       		.uleb128 0x3b
 1536 0185 05       		.uleb128 0x5
 1537 0186 49       		.uleb128 0x49
 1538 0187 13       		.uleb128 0x13
 1539 0188 02       		.uleb128 0x2
 1540 0189 18       		.uleb128 0x18
 1541 018a 00       		.byte	0
ARM GAS  C:\Users\Anton\AppData\Local\Temp\ccJEuifp.s 			page 36


 1542 018b 00       		.byte	0
 1543 018c 1D       		.uleb128 0x1d
 1544 018d 0B       		.uleb128 0xb
 1545 018e 01       		.byte	0x1
 1546 018f 11       		.uleb128 0x11
 1547 0190 01       		.uleb128 0x1
 1548 0191 12       		.uleb128 0x12
 1549 0192 06       		.uleb128 0x6
 1550 0193 01       		.uleb128 0x1
 1551 0194 13       		.uleb128 0x13
 1552 0195 00       		.byte	0
 1553 0196 00       		.byte	0
 1554 0197 1E       		.uleb128 0x1e
 1555 0198 13       		.uleb128 0x13
 1556 0199 01       		.byte	0x1
 1557 019a 0B       		.uleb128 0xb
 1558 019b 0B       		.uleb128 0xb
 1559 019c 3A       		.uleb128 0x3a
 1560 019d 0B       		.uleb128 0xb
 1561 019e 3B       		.uleb128 0x3b
 1562 019f 05       		.uleb128 0x5
 1563 01a0 01       		.uleb128 0x1
 1564 01a1 13       		.uleb128 0x13
 1565 01a2 00       		.byte	0
 1566 01a3 00       		.byte	0
 1567 01a4 1F       		.uleb128 0x1f
 1568 01a5 0D       		.uleb128 0xd
 1569 01a6 00       		.byte	0
 1570 01a7 03       		.uleb128 0x3
 1571 01a8 0E       		.uleb128 0xe
 1572 01a9 3A       		.uleb128 0x3a
 1573 01aa 0B       		.uleb128 0xb
 1574 01ab 3B       		.uleb128 0x3b
 1575 01ac 05       		.uleb128 0x5
 1576 01ad 49       		.uleb128 0x49
 1577 01ae 13       		.uleb128 0x13
 1578 01af 38       		.uleb128 0x38
 1579 01b0 0B       		.uleb128 0xb
 1580 01b1 00       		.byte	0
 1581 01b2 00       		.byte	0
 1582 01b3 20       		.uleb128 0x20
 1583 01b4 01       		.uleb128 0x1
 1584 01b5 01       		.byte	0x1
 1585 01b6 49       		.uleb128 0x49
 1586 01b7 13       		.uleb128 0x13
 1587 01b8 01       		.uleb128 0x1
 1588 01b9 13       		.uleb128 0x13
 1589 01ba 00       		.byte	0
 1590 01bb 00       		.byte	0
 1591 01bc 21       		.uleb128 0x21
 1592 01bd 21       		.uleb128 0x21
 1593 01be 00       		.byte	0
 1594 01bf 49       		.uleb128 0x49
 1595 01c0 13       		.uleb128 0x13
 1596 01c1 2F       		.uleb128 0x2f
 1597 01c2 0B       		.uleb128 0xb
 1598 01c3 00       		.byte	0
ARM GAS  C:\Users\Anton\AppData\Local\Temp\ccJEuifp.s 			page 37


 1599 01c4 00       		.byte	0
 1600 01c5 22       		.uleb128 0x22
 1601 01c6 34       		.uleb128 0x34
 1602 01c7 00       		.byte	0
 1603 01c8 03       		.uleb128 0x3
 1604 01c9 08       		.uleb128 0x8
 1605 01ca 3A       		.uleb128 0x3a
 1606 01cb 0B       		.uleb128 0xb
 1607 01cc 3B       		.uleb128 0x3b
 1608 01cd 05       		.uleb128 0x5
 1609 01ce 49       		.uleb128 0x49
 1610 01cf 13       		.uleb128 0x13
 1611 01d0 02       		.uleb128 0x2
 1612 01d1 17       		.uleb128 0x17
 1613 01d2 00       		.byte	0
 1614 01d3 00       		.byte	0
 1615 01d4 23       		.uleb128 0x23
 1616 01d5 898201   		.uleb128 0x4109
 1617 01d8 00       		.byte	0
 1618 01d9 11       		.uleb128 0x11
 1619 01da 01       		.uleb128 0x1
 1620 01db 31       		.uleb128 0x31
 1621 01dc 13       		.uleb128 0x13
 1622 01dd 00       		.byte	0
 1623 01de 00       		.byte	0
 1624 01df 24       		.uleb128 0x24
 1625 01e0 2E       		.uleb128 0x2e
 1626 01e1 00       		.byte	0
 1627 01e2 3F       		.uleb128 0x3f
 1628 01e3 19       		.uleb128 0x19
 1629 01e4 3C       		.uleb128 0x3c
 1630 01e5 19       		.uleb128 0x19
 1631 01e6 6E       		.uleb128 0x6e
 1632 01e7 0E       		.uleb128 0xe
 1633 01e8 03       		.uleb128 0x3
 1634 01e9 0E       		.uleb128 0xe
 1635 01ea 00       		.byte	0
 1636 01eb 00       		.byte	0
 1637 01ec 25       		.uleb128 0x25
 1638 01ed 2E       		.uleb128 0x2e
 1639 01ee 00       		.byte	0
 1640 01ef 3F       		.uleb128 0x3f
 1641 01f0 19       		.uleb128 0x19
 1642 01f1 3C       		.uleb128 0x3c
 1643 01f2 19       		.uleb128 0x19
 1644 01f3 6E       		.uleb128 0x6e
 1645 01f4 0E       		.uleb128 0xe
 1646 01f5 03       		.uleb128 0x3
 1647 01f6 0E       		.uleb128 0xe
 1648 01f7 3A       		.uleb128 0x3a
 1649 01f8 0B       		.uleb128 0xb
 1650 01f9 3B       		.uleb128 0x3b
 1651 01fa 0B       		.uleb128 0xb
 1652 01fb 00       		.byte	0
 1653 01fc 00       		.byte	0
 1654 01fd 00       		.byte	0
 1655              		.section	.debug_loc,"",%progbits
ARM GAS  C:\Users\Anton\AppData\Local\Temp\ccJEuifp.s 			page 38


 1656              	.Ldebug_loc0:
 1657              	.LLST0:
 1658 0000 02000000 		.4byte	.LVL2
 1659 0004 08000000 		.4byte	.LVL3
 1660 0008 0200     		.2byte	0x2
 1661 000a 30       		.byte	0x30
 1662 000b 9F       		.byte	0x9f
 1663 000c 08000000 		.4byte	.LVL3
 1664 0010 32000000 		.4byte	.LVL11
 1665 0014 0100     		.2byte	0x1
 1666 0016 57       		.byte	0x57
 1667 0017 00000000 		.4byte	0
 1668 001b 00000000 		.4byte	0
 1669              	.LLST1:
 1670 001f 02000000 		.4byte	.LVL2
 1671 0023 08000000 		.4byte	.LVL3
 1672 0027 0200     		.2byte	0x2
 1673 0029 30       		.byte	0x30
 1674 002a 9F       		.byte	0x9f
 1675 002b 08000000 		.4byte	.LVL3
 1676 002f 34000000 		.4byte	.LFE4
 1677 0033 0100     		.2byte	0x1
 1678 0035 52       		.byte	0x52
 1679 0036 00000000 		.4byte	0
 1680 003a 00000000 		.4byte	0
 1681              	.LLST2:
 1682 003e 0C000000 		.4byte	.LVL4
 1683 0042 2C000000 		.4byte	.LVL10
 1684 0046 0100     		.2byte	0x1
 1685 0048 56       		.byte	0x56
 1686 0049 00000000 		.4byte	0
 1687 004d 00000000 		.4byte	0
 1688              	.LLST3:
 1689 0051 0E000000 		.4byte	.LVL5
 1690 0055 24000000 		.4byte	.LVL8
 1691 0059 0100     		.2byte	0x1
 1692 005b 53       		.byte	0x53
 1693 005c 26000000 		.4byte	.LVL9
 1694 0060 2C000000 		.4byte	.LVL10
 1695 0064 0100     		.2byte	0x1
 1696 0066 53       		.byte	0x53
 1697 0067 00000000 		.4byte	0
 1698 006b 00000000 		.4byte	0
 1699              	.LLST4:
 1700 006f 06000000 		.4byte	.LVL12
 1701 0073 10000000 		.4byte	.LVL13
 1702 0077 0100     		.2byte	0x1
 1703 0079 53       		.byte	0x53
 1704 007a 00000000 		.4byte	0
 1705 007e 00000000 		.4byte	0
 1706              	.LLST5:
 1707 0082 00000000 		.4byte	.LVL14
 1708 0086 09000000 		.4byte	.LVL16-1
 1709 008a 0100     		.2byte	0x1
 1710 008c 50       		.byte	0x50
 1711 008d 09000000 		.4byte	.LVL16-1
 1712 0091 0C000000 		.4byte	.LFE0
ARM GAS  C:\Users\Anton\AppData\Local\Temp\ccJEuifp.s 			page 39


 1713 0095 0400     		.2byte	0x4
 1714 0097 F3       		.byte	0xf3
 1715 0098 01       		.uleb128 0x1
 1716 0099 50       		.byte	0x50
 1717 009a 9F       		.byte	0x9f
 1718 009b 00000000 		.4byte	0
 1719 009f 00000000 		.4byte	0
 1720              	.LLST6:
 1721 00a3 00000000 		.4byte	.LVL14
 1722 00a7 06000000 		.4byte	.LVL15
 1723 00ab 0100     		.2byte	0x1
 1724 00ad 51       		.byte	0x51
 1725 00ae 06000000 		.4byte	.LVL15
 1726 00b2 09000000 		.4byte	.LVL16-1
 1727 00b6 0100     		.2byte	0x1
 1728 00b8 52       		.byte	0x52
 1729 00b9 09000000 		.4byte	.LVL16-1
 1730 00bd 0C000000 		.4byte	.LFE0
 1731 00c1 0400     		.2byte	0x4
 1732 00c3 F3       		.byte	0xf3
 1733 00c4 01       		.uleb128 0x1
 1734 00c5 51       		.byte	0x51
 1735 00c6 9F       		.byte	0x9f
 1736 00c7 00000000 		.4byte	0
 1737 00cb 00000000 		.4byte	0
 1738              	.LLST7:
 1739 00cf 54000000 		.4byte	.LVL17
 1740 00d3 5A000000 		.4byte	.LVL18
 1741 00d7 0200     		.2byte	0x2
 1742 00d9 49       		.byte	0x49
 1743 00da 9F       		.byte	0x9f
 1744 00db 5A000000 		.4byte	.LVL18
 1745 00df AE000000 		.4byte	.LVL24
 1746 00e3 0100     		.2byte	0x1
 1747 00e5 55       		.byte	0x55
 1748 00e6 00000000 		.4byte	0
 1749 00ea 00000000 		.4byte	0
 1750              	.LLST8:
 1751 00ee 54000000 		.4byte	.LVL17
 1752 00f2 5A000000 		.4byte	.LVL18
 1753 00f6 0200     		.2byte	0x2
 1754 00f8 30       		.byte	0x30
 1755 00f9 9F       		.byte	0x9f
 1756 00fa 5A000000 		.4byte	.LVL18
 1757 00fe 66000000 		.4byte	.LVL19
 1758 0102 0100     		.2byte	0x1
 1759 0104 54       		.byte	0x54
 1760 0105 6A000000 		.4byte	.LVL20
 1761 0109 AE000000 		.4byte	.LVL24
 1762 010d 0100     		.2byte	0x1
 1763 010f 54       		.byte	0x54
 1764 0110 00000000 		.4byte	0
 1765 0114 00000000 		.4byte	0
 1766              	.LLST9:
 1767 0118 00000000 		.4byte	.LVL25
 1768 011c 05000000 		.4byte	.LVL26-1
 1769 0120 0100     		.2byte	0x1
ARM GAS  C:\Users\Anton\AppData\Local\Temp\ccJEuifp.s 			page 40


 1770 0122 50       		.byte	0x50
 1771 0123 05000000 		.4byte	.LVL26-1
 1772 0127 08000000 		.4byte	.LFE1
 1773 012b 0400     		.2byte	0x4
 1774 012d F3       		.byte	0xf3
 1775 012e 01       		.uleb128 0x1
 1776 012f 50       		.byte	0x50
 1777 0130 9F       		.byte	0x9f
 1778 0131 00000000 		.4byte	0
 1779 0135 00000000 		.4byte	0
 1780              	.LLST10:
 1781 0139 00000000 		.4byte	.LVL25
 1782 013d 05000000 		.4byte	.LVL26-1
 1783 0141 0100     		.2byte	0x1
 1784 0143 51       		.byte	0x51
 1785 0144 05000000 		.4byte	.LVL26-1
 1786 0148 08000000 		.4byte	.LFE1
 1787 014c 0400     		.2byte	0x4
 1788 014e F3       		.byte	0xf3
 1789 014f 01       		.uleb128 0x1
 1790 0150 51       		.byte	0x51
 1791 0151 9F       		.byte	0x9f
 1792 0152 00000000 		.4byte	0
 1793 0156 00000000 		.4byte	0
 1794              	.LLST11:
 1795 015a 00000000 		.4byte	.LVL25
 1796 015e 05000000 		.4byte	.LVL26-1
 1797 0162 0100     		.2byte	0x1
 1798 0164 52       		.byte	0x52
 1799 0165 05000000 		.4byte	.LVL26-1
 1800 0169 08000000 		.4byte	.LFE1
 1801 016d 0400     		.2byte	0x4
 1802 016f F3       		.byte	0xf3
 1803 0170 01       		.uleb128 0x1
 1804 0171 52       		.byte	0x52
 1805 0172 9F       		.byte	0x9f
 1806 0173 00000000 		.4byte	0
 1807 0177 00000000 		.4byte	0
 1808              	.LLST12:
 1809 017b 0E000000 		.4byte	.LVL29
 1810 017f 12000000 		.4byte	.LVL30
 1811 0183 0200     		.2byte	0x2
 1812 0185 30       		.byte	0x30
 1813 0186 9F       		.byte	0x9f
 1814 0187 12000000 		.4byte	.LVL30
 1815 018b 2A000000 		.4byte	.LVL32
 1816 018f 0100     		.2byte	0x1
 1817 0191 54       		.byte	0x54
 1818 0192 2C000000 		.4byte	.LVL33
 1819 0196 50000000 		.4byte	.LVL35
 1820 019a 0100     		.2byte	0x1
 1821 019c 54       		.byte	0x54
 1822 019d 00000000 		.4byte	0
 1823 01a1 00000000 		.4byte	0
 1824              	.LLST13:
 1825 01a5 12000000 		.4byte	.LVL30
 1826 01a9 2A000000 		.4byte	.LVL32
ARM GAS  C:\Users\Anton\AppData\Local\Temp\ccJEuifp.s 			page 41


 1827 01ad 0B00     		.2byte	0xb
 1828 01af 74       		.byte	0x74
 1829 01b0 00       		.sleb128 0
 1830 01b1 36       		.byte	0x36
 1831 01b2 1E       		.byte	0x1e
 1832 01b3 03       		.byte	0x3
 1833 01b4 00000000 		.4byte	cfg_memset_list.5013
 1834 01b8 22       		.byte	0x22
 1835 01b9 9F       		.byte	0x9f
 1836 01ba 2A000000 		.4byte	.LVL32
 1837 01be 2C000000 		.4byte	.LVL33
 1838 01c2 0B00     		.2byte	0xb
 1839 01c4 74       		.byte	0x74
 1840 01c5 7F       		.sleb128 -1
 1841 01c6 36       		.byte	0x36
 1842 01c7 1E       		.byte	0x1e
 1843 01c8 03       		.byte	0x3
 1844 01c9 00000000 		.4byte	cfg_memset_list.5013
 1845 01cd 22       		.byte	0x22
 1846 01ce 9F       		.byte	0x9f
 1847 01cf 00000000 		.4byte	0
 1848 01d3 00000000 		.4byte	0
 1849              		.section	.debug_aranges,"",%progbits
 1850 0000 54000000 		.4byte	0x54
 1851 0004 0200     		.2byte	0x2
 1852 0006 00000000 		.4byte	.Ldebug_info0
 1853 000a 04       		.byte	0x4
 1854 000b 00       		.byte	0
 1855 000c 0000     		.2byte	0
 1856 000e 0000     		.2byte	0
 1857 0010 00000000 		.4byte	.LFB3
 1858 0014 02000000 		.4byte	.LFE3-.LFB3
 1859 0018 00000000 		.4byte	.LFB4
 1860 001c 34000000 		.4byte	.LFE4-.LFB4
 1861 0020 00000000 		.4byte	.LFB6
 1862 0024 28000000 		.4byte	.LFE6-.LFB6
 1863 0028 00000000 		.4byte	.LFB0
 1864 002c 0C000000 		.4byte	.LFE0-.LFB0
 1865 0030 00000000 		.4byte	.LFB5
 1866 0034 D8000000 		.4byte	.LFE5-.LFB5
 1867 0038 00000000 		.4byte	.LFB1
 1868 003c 08000000 		.4byte	.LFE1-.LFB1
 1869 0040 00000000 		.4byte	.LFB7
 1870 0044 10000000 		.4byte	.LFE7-.LFB7
 1871 0048 00000000 		.4byte	.LFB8
 1872 004c DC000000 		.4byte	.LFE8-.LFB8
 1873 0050 00000000 		.4byte	0
 1874 0054 00000000 		.4byte	0
 1875              		.section	.debug_ranges,"",%progbits
 1876              	.Ldebug_ranges0:
 1877 0000 00000000 		.4byte	.LFB3
 1878 0004 02000000 		.4byte	.LFE3
 1879 0008 00000000 		.4byte	.LFB4
 1880 000c 34000000 		.4byte	.LFE4
 1881 0010 00000000 		.4byte	.LFB6
 1882 0014 28000000 		.4byte	.LFE6
 1883 0018 00000000 		.4byte	.LFB0
ARM GAS  C:\Users\Anton\AppData\Local\Temp\ccJEuifp.s 			page 42


 1884 001c 0C000000 		.4byte	.LFE0
 1885 0020 00000000 		.4byte	.LFB5
 1886 0024 D8000000 		.4byte	.LFE5
 1887 0028 00000000 		.4byte	.LFB1
 1888 002c 08000000 		.4byte	.LFE1
 1889 0030 00000000 		.4byte	.LFB7
 1890 0034 10000000 		.4byte	.LFE7
 1891 0038 00000000 		.4byte	.LFB8
 1892 003c DC000000 		.4byte	.LFE8
 1893 0040 00000000 		.4byte	0
 1894 0044 00000000 		.4byte	0
 1895              		.section	.debug_line,"",%progbits
 1896              	.Ldebug_line0:
 1897 0000 D6010000 		.section	.debug_str,"MS",%progbits,1
 1897      0200D600 
 1897      00000201 
 1897      FB0E0D00 
 1897      01010101 
 1898              	.LASF19:
 1899 0000 72656731 		.ascii	"reg16\000"
 1899      3600
 1900              	.LASF51:
 1901 0006 43794465 		.ascii	"CyDelayCycles\000"
 1901      6C617943 
 1901      79636C65 
 1901      7300
 1902              	.LASF12:
 1903 0014 73697A65 		.ascii	"size_t\000"
 1903      5F7400
 1904              	.LASF29:
 1905 001b 416E616C 		.ascii	"AnalogSetDefault\000"
 1905      6F675365 
 1905      74446566 
 1905      61756C74 
 1905      00
 1906              	.LASF33:
 1907 002c 74696D65 		.ascii	"timeout\000"
 1907      6F757400 
 1908              	.LASF21:
 1909 0034 76616C75 		.ascii	"value\000"
 1909      6500
 1910              	.LASF27:
 1911 003a 636F756E 		.ascii	"count\000"
 1911      7400
 1912              	.LASF32:
 1913 0040 436C6F63 		.ascii	"ClockSetup\000"
 1913      6B536574 
 1913      757000
 1914              	.LASF6:
 1915 004b 73686F72 		.ascii	"short unsigned int\000"
 1915      7420756E 
 1915      7369676E 
 1915      65642069 
 1915      6E7400
 1916              	.LASF31:
 1917 005e 43594D45 		.ascii	"CYMEMZERO\000"
 1917      4D5A4552 
ARM GAS  C:\Users\Anton\AppData\Local\Temp\ccJEuifp.s 			page 43


 1917      4F00
 1918              	.LASF16:
 1919 0068 666C6F61 		.ascii	"float\000"
 1919      7400
 1920              	.LASF50:
 1921 006e 4379436C 		.ascii	"CyClockStartupError\000"
 1921      6F636B53 
 1921      74617274 
 1921      75704572 
 1921      726F7200 
 1922              	.LASF36:
 1923 0082 64657374 		.ascii	"dest\000"
 1923      00
 1924              	.LASF44:
 1925 0087 6366675F 		.ascii	"cfg_memset_list\000"
 1925      6D656D73 
 1925      65745F6C 
 1925      69737400 
 1926              	.LASF42:
 1927 0097 73697A65 		.ascii	"size\000"
 1927      00
 1928              	.LASF47:
 1929 009c 474E5520 		.ascii	"GNU C11 5.4.1 20160609 (release) [ARM/embedded-5-br"
 1929      43313120 
 1929      352E342E 
 1929      31203230 
 1929      31363036 
 1930 00cf 616E6368 		.ascii	"anch revision 237715] -mcpu=cortex-m3 -mthumb -g -O"
 1930      20726576 
 1930      6973696F 
 1930      6E203233 
 1930      37373135 
 1931 0102 67202D66 		.ascii	"g -ffunction-sections -ffat-lto-objects\000"
 1931      66756E63 
 1931      74696F6E 
 1931      2D736563 
 1931      74696F6E 
 1932              	.LASF18:
 1933 012a 72656738 		.ascii	"reg8\000"
 1933      00
 1934              	.LASF8:
 1935 012f 6C6F6E67 		.ascii	"long unsigned int\000"
 1935      20756E73 
 1935      69676E65 
 1935      6420696E 
 1935      7400
 1936              	.LASF13:
 1937 0141 75696E74 		.ascii	"uint8\000"
 1937      3800
 1938              	.LASF49:
 1939 0147 433A5C55 		.ascii	"C:\\Users\\Anton\\Documents\\PSoC Creator\\Buzzer\\"
 1939      73657273 
 1939      5C416E74 
 1939      6F6E5C44 
 1939      6F63756D 
 1940 0174 436F6465 		.ascii	"Code for buzzer.cydsn\000"
 1940      20666F72 
ARM GAS  C:\Users\Anton\AppData\Local\Temp\ccJEuifp.s 			page 44


 1940      2062757A 
 1940      7A65722E 
 1940      63796473 
 1941              	.LASF39:
 1942 018a 53657441 		.ascii	"SetAnalogRoutingPumps\000"
 1942      6E616C6F 
 1942      67526F75 
 1942      74696E67 
 1942      50756D70 
 1943              	.LASF4:
 1944 01a0 756E7369 		.ascii	"unsigned char\000"
 1944      676E6564 
 1944      20636861 
 1944      7200
 1945              	.LASF45:
 1946 01ae 6D656D73 		.ascii	"memset\000"
 1946      657400
 1947              	.LASF17:
 1948 01b5 646F7562 		.ascii	"double\000"
 1948      6C6500
 1949              	.LASF28:
 1950 01bc 6366675F 		.ascii	"cfg_write_bytes32\000"
 1950      77726974 
 1950      655F6279 
 1950      74657333 
 1950      3200
 1951              	.LASF40:
 1952 01ce 63796669 		.ascii	"cyfitter_cfg\000"
 1952      74746572 
 1952      5F636667 
 1952      00
 1953              	.LASF24:
 1954 01db 61646472 		.ascii	"addr_table\000"
 1954      5F746162 
 1954      6C6500
 1955              	.LASF14:
 1956 01e6 75696E74 		.ascii	"uint16\000"
 1956      313600
 1957              	.LASF25:
 1958 01ed 64617461 		.ascii	"data_table\000"
 1958      5F746162 
 1958      6C6500
 1959              	.LASF23:
 1960 01f8 6572726F 		.ascii	"errorCode\000"
 1960      72436F64 
 1960      6500
 1961              	.LASF15:
 1962 0202 75696E74 		.ascii	"uint32\000"
 1962      333200
 1963              	.LASF0:
 1964 0209 756E7369 		.ascii	"unsigned int\000"
 1964      676E6564 
 1964      20696E74 
 1964      00
 1965              	.LASF41:
 1966 0216 61646472 		.ascii	"address\000"
 1966      65737300 
ARM GAS  C:\Users\Anton\AppData\Local\Temp\ccJEuifp.s 			page 45


 1967              	.LASF9:
 1968 021e 6C6F6E67 		.ascii	"long long unsigned int\000"
 1968      206C6F6E 
 1968      6720756E 
 1968      7369676E 
 1968      65642069 
 1969              	.LASF43:
 1970 0235 6366675F 		.ascii	"cfg_memset_t\000"
 1970      6D656D73 
 1970      65745F74 
 1970      00
 1971              	.LASF26:
 1972 0242 62617365 		.ascii	"baseAddr\000"
 1972      41646472 
 1972      00
 1973              	.LASF10:
 1974 024b 73697A65 		.ascii	"sizetype\000"
 1974      74797065 
 1974      00
 1975              	.LASF1:
 1976 0254 6C6F6E67 		.ascii	"long long int\000"
 1976      206C6F6E 
 1976      6720696E 
 1976      7400
 1977              	.LASF48:
 1978 0262 47656E65 		.ascii	"Generated_Source\\PSoC5\\cyfitter_cfg.c\000"
 1978      72617465 
 1978      645F536F 
 1978      75726365 
 1978      5C50536F 
 1979              	.LASF46:
 1980 0288 6D656D63 		.ascii	"memcpy\000"
 1980      707900
 1981              	.LASF22:
 1982 028f 63795F63 		.ascii	"cy_cfg_addrvalue_t\000"
 1982      66675F61 
 1982      64647276 
 1982      616C7565 
 1982      5F7400
 1983              	.LASF20:
 1984 02a2 6F666673 		.ascii	"offset\000"
 1984      657400
 1985              	.LASF5:
 1986 02a9 73686F72 		.ascii	"short int\000"
 1986      7420696E 
 1986      7400
 1987              	.LASF37:
 1988 02b3 656E6162 		.ascii	"enabled\000"
 1988      6C656400 
 1989              	.LASF7:
 1990 02bb 6C6F6E67 		.ascii	"long int\000"
 1990      20696E74 
 1990      00
 1991              	.LASF11:
 1992 02c4 63686172 		.ascii	"char\000"
 1992      00
 1993              	.LASF2:
ARM GAS  C:\Users\Anton\AppData\Local\Temp\ccJEuifp.s 			page 46


 1994 02c9 6C6F6E67 		.ascii	"long double\000"
 1994      20646F75 
 1994      626C6500 
 1995              	.LASF30:
 1996 02d5 62675F78 		.ascii	"bg_xover_inl_trim\000"
 1996      6F766572 
 1996      5F696E6C 
 1996      5F747269 
 1996      6D00
 1997              	.LASF3:
 1998 02e7 7369676E 		.ascii	"signed char\000"
 1998      65642063 
 1998      68617200 
 1999              	.LASF34:
 2000 02f3 706C6C4C 		.ascii	"pllLock\000"
 2000      6F636B00 
 2001              	.LASF38:
 2002 02fb 72656756 		.ascii	"regValue\000"
 2002      616C7565 
 2002      00
 2003              	.LASF35:
 2004 0304 4359434F 		.ascii	"CYCONFIGCPY\000"
 2004      4E464947 
 2004      43505900 
 2005              		.ident	"GCC: (GNU Tools for ARM Embedded Processors) 5.4.1 20160609 (release) [ARM/embedded-5-bran
